Key,English,Japanese
PROPQUEST_INC_000000,,
PROPQUEST_INC_010000,Daily,デイリー
PROPQUEST_INC_000291,Save the Garden! (Part 1),遺跡を生かすキャンペーン一つ
PROPQUEST_INC_000292,The Garden of Rhisis is dying! Could you help me?,最近、「リシスの庭」の大地が不安定になっているらしく、このままでは大地が滅んでしまうらしい。それを防ぐためには「ライブティ」というものが必要で、「トムストンベアラー」の「ベアラー・ハート」10個が必要とのことだ。
PROPQUEST_INC_000293,You need 10 Bearer Hearts from Tombstone Bearers to save the Garden of Rhisis.,リシスの庭の環境保護のために＜トムストンベアラー＞から＜ベアラー・ハート＞を10個手に入れる
PROPQUEST_INC_000294,Thank you!,ありがとうございます！
PROPQUEST_INC_000295,"If you change your mind later, please come back to me!",苦労して「ベアラー・ハート」を手に入れたが、今度はジャンヌのところに行けって？これで最後だろうか？何としてもマドリガルの聖地である「リシスの庭」は守りたい！
PROPQUEST_INC_000296,Thank you! You should really talk to Janne.,ありがとう！ジャンヌと話したほうがいい。
PROPQUEST_INC_000297,Come back when you have the Bearer Hearts.,＜ベアラー・ハート＞を手に入れたらまた来てください。
PROPQUEST_INC_000298,Save the Garden! (Part 2),滅び行く聖地リシス～中編～
PROPQUEST_INC_000299,You have a message from my sister!,ボーンボールという神秘の皿があるらしい。モンスターと人間との愛って・・・。とりあえず、キンバリーが保管しているそうだから会ってみよう！ 
PROPQUEST_INC_000300,I see. The Garden of Rhisis is dying... Could you inform my sister Kimberley?,そうだなぁ..。リシスの庭の環境が最悪な状態なんだ。妹の＜キンバリー＞に伝えてくれないだろうか？
PROPQUEST_INC_000302,The problem with the Garden of Rhisis can wait. I guess...,リシスの庭の問題は待つことができるが 
PROPQUEST_INC_000303,Thank you from bringing me this message. I think you should talk to Marche in Eastern Flarine.,わざわざ伝言をありがとう。助かったわ。フラリス東広場にいる＜マルシェ＞に相談してみましょ。
PROPQUEST_INC_000304,You still haven't found Kimberley? She is in Saint City.,あら？キンバリーが見当たらないかしら？彼女はセイントモーニングにいるはずよ。
PROPQUEST_INC_000308,Save the Garden! (Part 3),遺跡を守ろうキャンペーン　その３
PROPQUEST_INC_000309,The Saint City sisters say that the Garden of Rhisis is dying.,「ボーンボール」と「ベアラー・ハート」を渡したら「ライブティー」という独特な香りがするお茶をくれた。これをアンに渡してくれって。しかし、少し、のんだら駄目かなあ？
PROPQUEST_INC_000310,Could you bring a Live Tea to Ann? You can find it the east of the Leren Mountains.,＜アン＞に＜ライブティー＞を持って行っていただけないかしら？彼女はレルエン山脈の東部にいるはずだわ。
PROPQUEST_INC_000311,Thank you! If you help her she will give you an Earring.,ありがとう。彼女を手伝ってくれたらお礼にイヤリングを差し上げるわ。
PROPQUEST_INC_000313,I will save the Garden of Rhisis with this tea! Here is an Earring to thank you.,このティーでリシスの庭を救うわ！お礼のイヤリングよ。きっと役に立つはずだわ。
PROPQUEST_INC_000314,Bring a Live Tea to Ann at Saint City.,セイントモーニングの＜アン＞へ＜ティー＞を持っていく
PROPQUEST_INC_000422,Find Santa's Socks!,サンタの赤い靴下
PROPQUEST_INC_000423,It is a sad Christmas here in Madrigal. Santa Claus has lost all of the stockings that hold the children's presents! We must find the red stockings!,マドリガルにもクリスマスが来た。ところが、どうしたことか、サンタがプレゼントの入った靴下を全部落としてしまった。マドリガルの子供たちのためにも靴下を探さなくては！
PROPQUEST_INC_000461,A Favor for the Pastor,牧師に愛を
PROPQUEST_INC_000462,The pastor would like me to deliver 20 bouquets! I wonder what the reward will be!,牧師に花束20個を渡すとプレゼントがあると言われました！ どんなプレゼントですか？
PROPQUEST_INC_000465,Give Back the Love.,愛を取り戻せ！
PROPQUEST_INC_000466,I have to gather 10 pieces of hearts. It's time to hunt some masquerpets.,愛の欠片を10個を集めなければ。モンスターを捕まえよう。 
PROPQUEST_INC_000469,Vagrant Master (Acrobat),放浪者マスター (アクロバット)
PROPQUEST_INC_000470,"So you want to be an Acrobat, huh? You won't regret it! I have a simple test for you before starting the training. Are you ready? …hic!",諸君はアクロバットへの道を選んだ。後悔なんぞしていないだろうな？　まず訓練の前に簡単なテストを行うよ。心の準備は出来ているか？
PROPQUEST_INC_000472,Good luck! You'll need it!,では、グッドラック！諸君！！
PROPQUEST_INC_000473,"What are you afraid of? The path to become an Acrobat may be difficult for some, but it's so worth it! Come back if you change your mind, friend.",アクロバットにならないだと？　まあいい。どんな職業を選ぼうとも、自分の世界は自分で切り開くものだということを忘れないように。以上だ、さらば！ 
PROPQUEST_INC_000474,Well done. You've passed the first test!,よし、初めての訓練はパスだ。
PROPQUEST_INC_000475,"I'm still waiting for you to hunt $QUEST_END_KILL_COUNT$ Small Aibatts. If you want to become an Acrobat, you must complete this simple task.",$QUEST_END_KILL_COUNT$ 個の小型アイバットを狩ってくれるのを待っています。アクロバットになりたい場合は、この簡単な仕事を完了する必要があります。
PROPQUEST_INC_000476,You have already chosen to pursue another path. I cannot help you any further. You can still cancel the other job quest in the Quest Window and come back to me.,ふむ・・・諸君はもう既に、他の方向に向かっているようだ。私には用がないようだね。
PROPQUEST_INC_000477,"For starters, let's go with something easy. I would like you to hunt $QUEST_END_KILL_COUNT$ $QUEST_END_KILL_NAME$s.",まずは簡単なものから始めましょう。$QUEST_END_KILL_COUNT$ $QUEST_END_KILL_NAME$ を狩りましょう。
PROPQUEST_INC_000479,Acrobat Weaponry,アクロバットの武器
PROPQUEST_INC_000480,Now it's time for the next step on your path to becoming an Acrobat.,諸君、ご苦労だった！これから諸君に次の訓練を指示する。
PROPQUEST_INC_000481,"I want you to return to collect 10 Twinkle Stones from Aibatts in the area, 5 Peakyrinds from Peakyturtles and 1 Slain from Lawolf.",エリア内のアイバットからトゥインクル ストーンを 10 個、ピーキータートルズからピーキリンドを 5 個、ラウルフからスレインを 1 個集めに戻ってほしい。
PROPQUEST_INC_000482,"Once you've gathered the Twinkle Stones, bring them to Pyre in the north of Flarine.",トゥインクルストーンを集めたら、フラリーンの北にあるパイアに持っていきましょう。
PROPQUEST_INC_000483,Good luck! You're going to need it!,では諸君、健闘を祈る！
PROPQUEST_INC_000484,You must like being a Vagrant. It would certainly be a shame if you quit now. I'll be here if you have a change of heart.,諸君はそれほどまでに放浪者が気に入っているのか？　ならば転職を強要するつもりはない。だが、己を鍛えるチャンスというものはなかなか見つからないものだぞ。
PROPQUEST_INC_000485,"Thank you for the Twinkle Stones, Apprentice. I will cover Acrobat weaponry with you now. Acrobats are able to wield both Bows and Yo-Yos.",ほっほう～、私の元に来たということは、初めての訓練は無事パスしたらしいのう。では、武器のことを教えてしんぜよう。アクロバットはボウとヨーヨーという二つの武器を使うのじゃ。
PROPQUEST_INC_000486,Bows are long range weapons that consume arrows for each shot. The strength of the basic shot is determined by how long you wait before releasing the arrow.,ボウは遠距離攻撃武器で、弓を一度に1個ずつ使うのじゃ。攻撃方式は1から4段階に分けられ、段階が上がるほど敵に与える打撃もまた上がるのじゃ。
PROPQUEST_INC_000487,"Yo-Yos are also long range weapons. However, the strength of the basic attack only changes depending on special skills used in conjunction with them.",ヨーヨーは双原盤の形で、両手に装着して攻撃するのじゃ。段階的な攻撃方式はないが、そのユニークな攻撃形はカッコイイのじゃ。どうじゃ、イカスじゃろう？
PROPQUEST_INC_000488,"If you met with Hent, then you should probably have something for me, hmm?",むむ・・・？　何にも持ってきてないのじゃ。＜ヘント＞にきっと何か指示されたはずなのに・・・むむう・・・
PROPQUEST_INC_000489,"Gather 10 Twinkle Stones, 5 Peakyrinds and 1 Slain then deliver them to Acrobat Master Pyre near the Darken City Quest Office.",輝く石10個を集めて、アクロバットマスターの＜ピレ＞に行こう。＜ピレ＞は依頼所近くにいるそうだ。
PROPQUEST_INC_000491,Acrobat Skills,アクロバットの技術
PROPQUEST_INC_000492,That about does it for Acrobat weaponry.,武器の情報は十分だったか？
PROPQUEST_INC_000493,"Now for the next step in your journey. I want you to travel to Flaris, and visit the High-Dwarpets. They have important information for you.",やつらは、なんとも物忘れが激しいのじゃ。最近も＜トゥカニ＞というやつが＜スキル事典＞を失くしたとかで、探してくれと頼まれて見つけるのも一苦労じゃったわい。
PROPQUEST_INC_000494,The High-Dwarpets can be found north of Flarine. Check your map (M Key) to find your way if you get lost.,もう無くさぬように、と釘を刺しておいたから、＜トゥカニ＞に会いに行ってみるといい。きっとおぬしの役に立つ情報を持っているはずじゃ。
PROPQUEST_INC_000495,"Good luck, apprentice.",では、今日も良い1日を。
PROPQUEST_INC_000496,What a shame to waste such potential. Come see me again if you change your mind.,君はアクロバットの魅力をまったく理解出来ていなかったのじゃなあ。残念じゃ。そんなに簡単に諦める職業ではないと思うのじゃが・・・ 
PROPQUEST_INC_000497,"Hmmm, has Pyre instructed you to see me? I see. Very well, I will continue your training. Listen up!",ん？＜ピレ＞に言われてわざわざボクに会いに来たのか？物好きなやつだな。まぁ、せっかくだから何でも聞いておくれ。
PROPQUEST_INC_000498,"Bows consume Magic Points (MP) and yo-yos consume Focus Points (FP). There are 6 special bow abilities and 7 special yo-yo abilities. I shall teach you a common Acrobat ability, Dark Illusion.",ボウのスキルはMPを、ヨーヨーのスキルはFPを消耗するんだ。これは覚えておくといいぞ。　ボウのスキルは6個、ヨーヨーのスキルは7個、共用スキルは3個あるが、その中で＜ダークイリュージョン＞というスキルを教えてやろう。
PROPQUEST_INC_000499,"This ability allows you to vanish from sight. However, keep in mind that any actions performed while under the effects of this ability aside from movement will remove the effect. Take this.",これは身を隠すスキルだ。ふふ、すごいだろう？　だが、攻撃したり、他のスキルを使ったら、自動的に解除されるのが面倒だな。さあ、このスキルをお前にやろう。
PROPQUEST_INC_000500,"It's interesting that you've come to see me. Did Pyre send you? If he did, you would have something for me.",おや？　人間がこんなところに来るなんて、珍しいこともあるもんだな。何か用か？　ん？＜ピレ＞から頼まれた？　だったらどうして手ぶらでのこのこやってきたんだ？ 
PROPQUEST_INC_000501,Visit High-Dwarpet Tucani in Flaris. He can be found north of Flarine. Check your map (M Key) to find your way if you get lost.,ハイドワーフの生息地にいる＜トゥカニ＞のところへ行こう！
PROPQUEST_INC_000503,An Acrobat's Duty,アクロバットの任務 
PROPQUEST_INC_000504,You've learned many things since your journey began.,旅が始まって以来、あなたは多くのことを学びました。
PROPQUEST_INC_000505,Now for the next step in your training. There is a creature named Shuraiture in the north of Flarine who is causing some trouble for residents there.,トレーニングの次のステップに進みましょう。フラリーネの北にシュライトゥレという生き物がいて、住民に迷惑をかけている。
PROPQUEST_INC_000506,"Shuraiture has been terrorizing some of the locals in Flaris. I want you to go there and put an end to him once and for all. Bring news of your victory to Tailer, the Acrobat Instructor in Flarine.",シュライツレ は フラリス の地元住民の何人かを恐怖に陥れています。そこに行って、彼をきっぱりと終わらせてほしい。勝利の知らせを、フラリスのアクロバット インストラクターであるテイラーに届けてください。
PROPQUEST_INC_000507,"Good luck, you'll need it!",検討を祈る！
PROPQUEST_INC_000508,What's the matter? Chicken?,だから、人間ってやつは嫌いなんだ。なんでもすぐ諦めるからな。
PROPQUEST_INC_000509,Shuraiture is… no more? What great news! Thank you so much! I see that you've also spoken with Tucani. Here is your reward for defeating Shuraiture.,＜シュライチャー＞を捕らえて来たのですか！　すばらしいわ。ありがとうございます。もう、本当に気がかりで困っていたのです。それでは最後の訓練をパスしましたので、私が転職の完了を認証します。
PROPQUEST_INC_000510,Acrobats are very versatile. We can fight at long range or in close quarters! We also have a special ability which allows us to pull an enemy target up close.,アクロバットは近距離、中距離、遠距離攻撃が全部可能な職業です。アクロバットは身を隠すことも出来ますし、遠距離の敵を自分の前に引き寄せることも出来ます。
PROPQUEST_INC_000511,"You've done well. I sense great potential in you. Congratulations, Acrobat!",あなたはよくやった。 私はあなたに大きな可能性を感じます。 おめでとう、アクロバット！
PROPQUEST_INC_000512,Why have you come to see me? Did Tucani send you?,何か御用ですか？　＜トゥカニ＞から何か聞きませんでしたか？
PROPQUEST_INC_000513,There is a creature named Shuraiture in the north of Flarine. I want you to go there and put an end to him. Bring news of your victory to Tailer the Acrobat Instructor in Flarine.,フラリスの北にシュライトゥーレという生き物がいます。そこに行って彼を始末してほしい。勝利のニュースをフラリスのアクロバット インストラクターのテイラーに届けましょう。
PROPQUEST_INC_000515,Successor of the Hero - Master,英雄の後継者―マスター
PROPQUEST_INC_000516,You think you have what it takes to be a successor of the Jester Hero? We will see…,ここまで来ることが出来た功績を讃えます。お疲れ様でした。しかし、私には、あなたにジェスター後継者としてふさわしいかどうか、まだ判断は出来ません。
PROPQUEST_INC_000517,"Fine, I'll humor you. Slay $QUEST_END_KILL_COUNT$ $QUEST_END_KILL_NAME$s southwest of the Gouthan Mountains. They must be regular $QUEST_END_KILL_NAME$s, not the small or captain variety.",そこで、ひとつ簡単なテストを行います。ゴウダン山の南西に生息している$QUEST_END_KILL_COUNT$体の$QUEST_END_KILL_NAME$を狩って来てください。よいですか、$QUEST_END_KILL_NAME$です。スモールやキャプテンではありません。
PROPQUEST_INC_000518,Show me what you can do and I might consider allowing you to continue on the path of the Jester Hero.,あなたの実力を見せてください。
PROPQUEST_INC_000519,That's too bad because I sense potential in you. You must not be ready for the challenges that lie ahead. Come see me again if you change your mind.,こんな簡単なテストさえ成し遂げられない者に、ジェスター後継者としての険しい道を歩ませるなんて、私には出来ません。
PROPQUEST_INC_000520,"Not bad, Acrobat. Not bad at all. You may have something to offer. I'll allow your training.",お疲れ様でした。では、あなたの能力を認定します。
PROPQUEST_INC_000521,I doubt you have what it takes to be a Jester if you can't even slay 20 Drillers.,20匹の狩りに成功しなければ、ジェスター後継者への第一歩すら踏み出せませんよ。
PROPQUEST_INC_000522,You are already on a different path. You cannot become a successor of the Jester Hero.,あなたはジェスター英雄の後継者の資質をお持ちの方ではありませんね。
PROPQUEST_INC_000523,"I'll need to see what you can do before I'll allow your training. Slay $QUEST_END_KILL_COUNT$ $QUEST_END_KILL_NAME$s southwest of the Gouthan Mountains. They must be regular $QUEST_END_KILL_NAME$s, not the small or captain variety.",トレーニングを許可する前に、能力を見ておく必要があります。$QUEST_END_KILL_COUNT$体の$QUEST_END_KILL_NAME$を倒してください。ゴウダン山脈の南西、通常の$QUEST_END_KILL_NAME$を倒すようにしてください。スモールでもキャプテンでもありません。
PROPQUEST_INC_000525,Successor of Hero - Ring,英雄の後継者－リング
PROPQUEST_INC_000526,"Here is a Letter of Recommendation. You will need to give this to Radyon, the Jester Wise Man in Flaris.",テストは終了しました。あなたの資質を認めます。どうぞこの推薦書を受け取ってください。これを持って、フラリス＜魂の泉＞にいるジェスター賢者＜ラディオン＞の元へ行ってください。
PROPQUEST_INC_000527,"Radyon can be found at the Fountain of Dead Person north of the River of Weeping. Before meeting with him, you need to find the ring he lost and return it to him.",大賢者＜ラディオン＞様と名前が同じで間違いやすいので、ご注意を。ジェスター賢者＜ラディオン＞です。決してお忘れなきように。あ、その前に・・・
PROPQUEST_INC_000528,"Far to the south of Saint City, lies the Fantasy Desert. It is believed that a gentleman named Ren is in possession of the ring. Slay Ren and bring the ring to Radyon.",セイントモーニングの南部＜夢幻の砂漠＞に住んでいる＜レン＞という者を捕まえて＜ラディオン＞が失くしたリングを取り戻し、それを持って行くとよいでしょう。
PROPQUEST_INC_000529,I hope I'm right about you. Don't let me down!,あなたの進む道に栄光があることを願っています。
PROPQUEST_INC_000530,I guess I was wrong about you. You're not ready to walk the path of the successor of the Jester hero. See me again when you think you're ready.,自信がないのですか？　時には困難に立ち向かう事も必要ですよ。勇気ある判断をしていただきたいですね。
PROPQUEST_INC_000531,"Is that… the ring? My goodness, thank you so much! This ring belongs to the Jester Hero Curenen. Ren has always wanted to acquire this ring, or so the story goes.",おお、リングを見つけてくれたのか。実はこのリングは、ジェスター英雄の＜カエネン＞様のリングなのだよ。＜レン＞のやつは以前からこれを欲しがっていたのだ。
PROPQUEST_INC_000532,"After the war ended, and Curenen passed on, Ren searched for this ring for hundreds of years. He finally discovered it a couple of years ago.",戦争が終わり、＜カエネン＞様がなくなってから何百年もの間、安置されていたこのリングを、あろうことか盗み出し、隠し持っていたのだ。本当にありがとう。
PROPQUEST_INC_000533,"Have you met Lorein? If you did, you should have something for me. Think carefully.",＜ロレイン＞には会ったのか？　ならば、何か持って来るはずの物がないか、よく考えてほしいのだが？
PROPQUEST_INC_000534,"Meet with Radyon, the Jester Wise Man at the Fountain of Dead Person in Flaris. First though, slay Ren and get the ring from him. He can be found in the Fantasy Desert south of Saint City.",フラリス＜魂の泉＞にいるジェスター賢者＜ラディオン＞の所に行こう。その前に、＜セイントモーニング＞南部の＜夢幻の砂漠＞に住んでいる＜レン＞からリングを取り戻さないといけないな。
PROPQUEST_INC_000536,Successor of Hero - Scroll,英雄の後継者‐巻物
PROPQUEST_INC_000537,"My sincerest gratitude once again for finding the ring. However, now I'll need you to take it to Saint City.",リングを見つけてくれたこと、感謝するぞ。ところで、君に会ってほしい人がいるのだよ。
PROPQUEST_INC_000538,Visit the Pepoview Troupe near the town square and speak with Clackcable. Present him with the ring and he will guide you from there. He may even give you something in return.,このリングを持って、セイントモーニングの＜双月の夜＞劇団に訪れ、劇団員の中、＜クロックエイブル＞という人に会うといい。そうすればこれからの君にとって役に立つ物が、彼からもらえるよ。
PROPQUEST_INC_000539,"You possess great potential, young Acrobat. Keep working hard and you will realize your dream.",若きアクロバットよ、心からの願いは、必ず叶う。君が心から願い努力を続ければ、きっと良い結果へと導かれるだろう。
PROPQUEST_INC_000540,Foolish Acrobat! Don't you realize your potential? See me again if you change your mind.,何？　私をからかっているのか？　それともたかがセイントモーニングまで行くのが面倒なのか？　最近の若者の考えることはわからん・・
PROPQUEST_INC_000541,Thank you so much for finding the ring! We are performing the ancestral ceremony of Curenen. This ring will complete the ritual.,ああ・・・、ありがとうございます！　このリングを見つけて下さったのですね。私の家は代々＜カエネン＞様の魂に仕える身なのですが、何年か前にこのリングが盗まれてしまい、必死で探したのですが、取り戻せずにいたのです。
PROPQUEST_INC_000542,"Here, you certainly deserve this. It is the Successor Scroll of the Jester Hero.",それを見つけてくださるとは、いくら感謝しても足りないくらいです。あなたは後継者の資格の持っているようですね。私から巻物を1つ差し上げましょう。
PROPQUEST_INC_000543,"If you spoke with Radyon, didn't he ask you to bring me something? I'm sorry, I'm very busy and we don't have much more to discuss, I'm afraid.",＜ラディオン＞様から何か聞きませんでしたか？
PROPQUEST_INC_000544,Bring Curenen's ring to Clackcable of the Pepoview Troupe in Saint City.,リングを持って、セイントモーニングの劇団＜双月の夜＞の団員＜クロックエイブル＞の所に行こう。
PROPQUEST_INC_000546,Successor of Hero - Altar,英雄の後継者‐祭壇
PROPQUEST_INC_000547,"This scroll is the right of passage for those seeking to pursue the path of the Jester Hero. Please, take it and seek the Jester Priest in Darkon 3.",この巻物はあなたがジェスター後継者の資格を持っているという証です。これを持って、ジェスター司祭にお会いになって下さい。
PROPQUEST_INC_000548,The Jester Priest can be found in Magmient in Southern Darkon 3. Present her with the scroll and she will recognize you as a successor to the Jester Hero.,ジェスター司祭はダーコン＜マグミアント＞地域のジェスター祭壇にいます。彼女にこれを見せれば、あなたを英雄の後継者として認めてくれるはずです。
PROPQUEST_INC_000549,There is one thing you must do before you can speak with the Jester Priest. The Jewels of the Heroes adorn the Altar of Jester. One of these jewels was stolen a few days ago.,あ、司祭の元へ行く前に、もう一つお願いがあるのです。ジェスター祭壇の宝物である「英雄の宝石」の中から1つが盗まれたそうです。最近はどこも物騒なのですね・・・
PROPQUEST_INC_000550,"The jewels protect the soul of the Jester Hero, but they will not work if one of them is missing. The creature, Sisif, was seen near the alter a few days ago…",この宝石は英雄の魂を守るもので、1つでも失くしたら、バランスが崩れて危険な状態になってしまうのです。司祭によると、このごろ祭壇近くに＜シシフ＞というものがうろついていて・・・
PROPQUEST_INC_000551,"It is believed that this creature has stolen the jewel. Find Sisif and return the jewel to the Jester Priest, Homeit.",司祭は＜シシフ＞が犯人ではないかと仰っています。＜シシフ＞を捕まえて、「英雄の宝石」を持っているかどうか、確認してください。
PROPQUEST_INC_000552,"Good luck, Acrobat!",ジェスターの後継者に栄光あれ！
PROPQUEST_INC_000553,"The jewel must be returned to the Altar of Jester. We need your help, Acrobat. Speak with me again when you are ready.",えっ？　ここで諦めてしまわれるのですか？もう少しです！力を出して目標を達成しましょう！
PROPQUEST_INC_000554,"This is the Seal of Curenen and the Jewel of the Jester Hero. Thank you for returning this most prized artifact, Acrobat.",これは、＜カエネン＞の印章。それに英雄の宝石まで・・・。宝石を盗んだのはやっぱり＜シシフ＞の仕業でしたね。感謝いたします。
PROPQUEST_INC_000555,Now we can protect the Soul of the Hero safely. I am in your debt.,やっと＜英雄の魂＞を安全に守ることが出来るようになりました。もう一度感謝を申し上げます。
PROPQUEST_INC_000556,I am waiting for someone who will bring me the Jewel of the Jester Hero. Do you have it?,道化師の英雄の宝石を持ってきてくれる人を待っています。 あなたはそれを手に入れましたか？ 
PROPQUEST_INC_000557,"Take the Successor Scroll of the Jester Hero, slay Sisif to retrieve the Jewel of the Jester Hero, and bring them both to the Jester Priest, Homeit.",巻物を持って、ダーコン＜マグミアント＞のジェスター祭壇に行こう。ただ、その前に祭壇近くで＜シシフ＞というやつを狩って、＜英雄の宝石＞を見つけないといけない。
PROPQUEST_INC_000559,Successor of Hero - Guardian,英雄の後継者‐守護者
PROPQUEST_INC_000560,"Great job, Acrobat. For the final leg of your journey, you must confront the $QUEST_END_KILL_NAME$.",これから守護者に会ってください。そして、これを守護者に伝えてください。ただし、守護者に会う前にひとつ、やらねばならないことがあります。
PROPQUEST_INC_000561,The will of the heroes is preserved in the Room of the Guardian in Guardiane. This is where you will find the $QUEST_END_KILL_NAME$.,＜ガルディア＞には＜守護者の部屋＞というのがあります。ここに$QUEST_END_KILL_NAME$があります。
PROPQUEST_INC_000562,"The $QUEST_END_KILL_NAME$ is a soul that protects the will of the heroes. Defeat him, and obtain the $QUEST_END_ITEM_NAME$.",ここに＜ $QUEST_END_KILL_NAME$＞という守護精霊がいます。英雄の意志を守っている精霊ですが、この精霊と戦って、その精霊のハート＜$QUEST_END_ITEM_NAME$＞を持ってきてください。
PROPQUEST_INC_000563,"Take this. It is a Mark of the Hero. Once you have confronted the Venel Guardian and retrieved the Venel Heart, bring both of these to the Jester Guardian, Heingard.",この＜ヴェネルハート＞が得られなければ、守護者からジェスターとして認めてもらうことが出来ません。つまり、ジェスターになるための最後の試練だと言えます。必ず成し遂げてください。
PROPQUEST_INC_000564,"I wish you luck, Acrobat.",アクロバットあなたに＜カエネン＞のご加護がありますように。
PROPQUEST_INC_000565,This is the final test to becoming a successor of the Jester Hero. You can't give up now. Speak with me again when you are ready to continue.,ここまできてあきらめるのならば、今まで歩んできた道は何だったのですか？　もう一度よくご自分の心に聞いてみて下さい。
PROPQUEST_INC_000566,"Congratulations, young Acrobat. I've heard many great things about you. You've completed the final test. You will now become a Successor of the Jester Hero!",よくぞここへ辿りつきました、ジェスターの後継者よ。　最後の試練を乗り越えました。これからあなたをジェスターの後継者とし、正式に任命します。
PROPQUEST_INC_000567,"Wise Curenen! This Acrobat wishes to follow your path! Grant them your blessing and courage, Jester Hero!",＜カエネン＞様、ここにあなたの魂に従おうとしている者がいます。この人に祝福と勇気を与えてください。ジェスターに栄光あれ！
PROPQUEST_INC_000568,You have not completed the tasks given to you by the Jester Priest. Return to me when you have done so.,私を尋ねて来たということは、司祭には会ったのですね？　あなたには最後の試練が残されているはずです。
PROPQUEST_INC_000569,"Defeat the Venel Guardian, and deliver the Mark of the Hero and the Venel heart to the Jester Guardian, Heingard, in Guardiane.",＜ガルディア＞のジェスター守護者＜へインガルド＞の元に行こう。ただその前に、＜守護者の部屋＞にいる守護精霊＜べネルガーディアン＞と対決し、勝たなきゃいけない。
PROPQUEST_INC_000571,Successor of Hero - Master,英雄の後継者―マスター
PROPQUEST_INC_000572,You think you have what it takes to be a successor of the Ranger Hero? We will see…,ここまで来ることが出来た功績を讃えます。お疲れ様でした。しかし、私には、あなたにレンジャー後継者としてふさわしいかどうか、まだ判断は出来ません。
PROPQUEST_INC_000574,Show me what you can do and I might consider allowing you to continue on the path of the Ranger Hero.,あなたの実力を見せてください。レンジャーヒーローの道を歩み続けることを許可できるかもしれません！
PROPQUEST_INC_000577,I doubt you have what it takes to be a Ranger if you can't even slay 20 Drillers.,20匹の狩りに成功しなければ、レンジャー後継者への第一歩すら踏み出せませんよ。
PROPQUEST_INC_000578,You've already chosen a different path. I cannot guide you on the path of the Ranger. You can still cancel the other job quest in the Quest Window and come back to me.,あなたはレンジャー英雄の後継者の資質をお持ちの方ではありませんね。
PROPQUEST_INC_000581,Successor of Hero - Letter,英雄の後継者―手紙
PROPQUEST_INC_000582,"Here is a Letter of Recommendation. You will need to give this to Kimel, the Ranger Wise Man in Flaris.",テストは終了しました。あなたの資質を認めます。どうぞこの推薦書を受け取ってください。これを持って、フラリス＜魂の泉＞にいるレンジャー賢者＜キメル＞の元へ行ってください。
PROPQUEST_INC_000583,"However, first you must retrieve the Letter of Hynan from Rubo, a creature found to be living with Syliacas, east of Darken. Locals caim Rubo has been seen with the letter.",あ、その前に。ダーコン2地域洞窟の＜シーラカ＞生息地に住んでいる＜ルボ＞の所に行ってください。＜キメル＞が＜ルボ＞に手紙を奪われたそうです。
PROPQUEST_INC_000584,"Once you've slain Rubo, bring the Letter of Recommendation and the Letter of Hynan to Sage Kimel at the Fountain of Dead Person in Flaris.",＜ルボ＞を狩り、手紙を手に入れ「魂の泉」のいる＜賢者キメル＞の元へ持っていってください。
PROPQUEST_INC_000585,"Good luck to you, Acrobat.",アクロバット！夢が叶いますように。 
PROPQUEST_INC_000586,I guess I was wrong about you. You're not ready to walk the path of the successor of the Ranger hero. See me again when you think you're ready.,自信がないのですか？　時には困難に立ち向かう事も必要ですよ。勇気ある判断をしていただきたいですね。
PROPQUEST_INC_000587,"Is that… the Letter of Hynan? My goodness, this is wonderful! Thank you so much, Acrobat!",いやあ、よかったよかった。実はこの手紙、レンジャー英雄である＜ハイナン＞様の手紙なんだ。＜ハイナン＞様が戦争に旅立つ際に、天にいる両親宛に書いた感動的な手紙だ。
PROPQUEST_INC_000588,Hynan lost this letter during the war. There were rumors that a creature named Rubo was in possession of it. Thank you for retrieving it for me.,しかし、その戦いのさなかで＜ハイナン＞様はこの手紙を失くしたと伝えられていたが、この前＜ルボ＞というやつがこの手紙を隠し持っている、ということを風の噂で聞いたのだ。
PROPQUEST_INC_000589,My sincerest gratitude.,とにかくありがとう。ありがとう！！
PROPQUEST_INC_000590,I'm waiting for someone to bring me a letter. There are rumors that a creature named Rubo who lives with the Syliacas east of Darken was last seen with it.,＜エリフ＞に会ったのだよな？　どうして手ぶらなのだ？　彼女から何か聞いておらんのか？　そんなはずはないだろう・・・
PROPQUEST_INC_000591,"You need to speak with Kimel, the Ranger Wise Man at the Fountain of Dead Person in Flaris. First, though, you must retrieve the Letter of hynan from the creature, Rubo, East of Darken.",フラリスの＜魂の泉＞にいるレンジャー賢者＜キメル＞の元に行こう。ただ、その前にダーコン2地域洞窟＜シーラカ＞生息地に住んでいる＜ルボ＞を狩って、手紙を取り返さないといけないな。
PROPQUEST_INC_000594,Many thanks for bringing me the Letter of Hynan! I would like you to deliver it to High-Dwarpet Liekyen.,手紙を見つけてくれて、ありがとう。ところで、君に会ってもらいたい人がいるのだ。 
PROPQUEST_INC_000595,High-Dwarpet Liekyen can be found near the northwestern edge of town in Darken.,この手紙を持って、ダーコン町の北西方の入り口にいるハイドワーフ＜リエキエン＞に会ってくれ。
PROPQUEST_INC_000598,"Hello, I am Liekyen. A former steward of the Hynan family. I now administer the keepsakes of the Hynan family. What have you got there?",手紙！？　おおお、ありがとう！！　実は、私はこれでも＜ハイナン＞様の執事だったんだ。今では＜ハイナン＞様の遺品を管理しているんだけどね。 
PROPQUEST_INC_000599,The Letter of Hynan?! This was the last lost keepsake of the Hynan family. How did you… no matter. The important thing is that it has been returned. I have been looking for this for a very long time.,この手紙が最後の遺品だったが、何年か前に盗まれてね。でもよく見つけてくれたね。　いやあ、ありがたい！　ご答礼にこれを進呈しよう。 
PROPQUEST_INC_000600,"Now all of the keepsakes of the Hynan family are accounted for. Here, take this. This scroll will prove that you are ready to become a successor of the Ranger Hero.",大事にしてくれ.
PROPQUEST_INC_000601,I'm waiting for someone to deliver a letter to me. Do you have it? No? Then our business is concluded.,＜キメル＞から、何か伝えてくれと言われたはずなんだが・・・本当に何にもないのか？
PROPQUEST_INC_000602,Take the Letter of Hynan to High-Dwarpet Liekyen in Darken.,手紙を持って、ダーコン町のハイドワーフ＜リエキエン＞の元に行こう。
PROPQUEST_INC_000605,"This scroll is the right of passage for those seeking to pursue the path of the Ranger Hero. Please, take it and seek the Ranger Priest in Darkon 3.",この巻物はお前がレンジャー後継者の資格を持っているという証だ。これを持って、レンジャー司祭に会うことだ。
PROPQUEST_INC_000606,"Rupin, the Ranger Priest, can be found in Aniceknight in northern Darkon 3. Present her with the scroll and she will recognize you as a successor to the Ranger Hero.",レンジャー司祭はダーコン＜マグミアント＞地域のレンジャー祭壇にいるはずだ。彼女にこれを見せれば、あなたを英雄の後継者として認めてくれるはずだよ。
PROPQUEST_INC_000607,There is one thing you must do before you can speak with the Ranger Priest. Pranksters in the Garden of Rhisis have stolen the 8 books of the History of Heroes.,あ、司祭の所に行く前に、やってもらいたいことがあるんだ。＜リシスの庭園＞の＜プランクスター＞というやつが、＜英雄伝記＞を全部奪ったそうだ。まったく・・・
PROPQUEST_INC_000608,"These books detail the History of the Heroes and are very sacred us. Go now, to Rhisis, and do what you must to get these books back!",全部で8冊だが、これがなかなかどうしてたいした宝物だからね。これを全部持っていけば、司祭はきっと喜ぶと思うなあ。
PROPQUEST_INC_000609,"Good luck to you, Acrobat. May the Ranger Hero guide you. Speak with Rupin, the Ranger Priest in Aniceknight, once you've recovered the sacred texts.",頑張れよ!
PROPQUEST_INC_000610,"The books must be returned. We need your help, Acrobat. Speak with me again when you are ready.",資質を持ちながら無駄にする奴の気持ちはまったくわからないな。
PROPQUEST_INC_000611,"What've you got there, Acrobat? A Stamped Scroll, and are those… they are! I can't believe it! The 8 lost books of the History of Heroes!",これは確かに＜ハイナン＞様の印章ですね。あと＜英雄伝記＞8冊まで、全部見つけていただいて、本当にありがとうございます。
PROPQUEST_INC_000612,"How did you ever… never mind! The important thing is that we have them back! We owe you our sincerest gratitude, young Acrobat!",この大切な宝物を・・・。もう一度感謝を申し上げます。
PROPQUEST_INC_000613,I'm waiting for someone who has allegedly found the 8 lost books of the History of Heroes. Is that you? No? Then we have nothing more to discuss.,失われた英雄の歴史の8冊の本を見つけた人を待っています。 あなたなの？ 違うの？ だったら、これ以上話す事はありません。
PROPQUEST_INC_000614,"Bring the Stamped Scroll and the 8 lost History of Hero books to Rupim, the Ranger Priest in Aniceknight in Darkon 3.",刻印された巻物と失われた8冊の英雄伝記をダーコン3のアニスナイトのレンジャープリーストであるルピムに持って行ってください。
PROPQUEST_INC_000620,"Take this. It is a Mark of the Hero. Once you have confronted the Venel Guardian and retrieved the Venel Heart, bring both of these to the Ranger Guardian, Kailreard.",この＜ヴェネルハート＞が得られなければ、守護者からレンジャーとして認めてもらうことが出来ません。つまり、レンジャーになるための最後の試練だと言えます。必ず成し遂げてください。
PROPQUEST_INC_000623,"Congratulations, young Acrobat. I've heard many great things about you. You've completed the final test. You will now become a Successor of the Ranger Hero!",よくぞここへ辿りつきました、レンジャーの後継者よ。　最後の試練を乗り越えました。これからあなたをレンジャーの後継者とし、正式に任命します。
PROPQUEST_INC_000624,"Wise Hynan! This Acrobat wishes to follow your path! Grant them your blessing and power, Ranger Hero!",＜ハイナン＞様、ここにあなたの魂に従おうとしている者がいます。この人に祝福と勇気を与えてください。レンジャーに栄光あれ！
PROPQUEST_INC_000626,"Defeat the Venel Guardian, and deliver the Mark of the Hero and the Venel heart to the Ranger Guardian, Kailreard, in Guardiane.",＜ガルディア＞のレンジャー守護者＜カイレアド＞の元に行こう。ただその前に、＜守護者の部屋＞にいる守護精霊＜べネルガーディアン＞と対決し、勝たなきゃいけない。
PROPQUEST_INC_000628,"The best wine, Beaujolais!",最高のワインボジョレー！
PROPQUEST_INC_000629,"Some of the grapes grown in Madrigal are used for wine. Especially the wines which are made from Flaris variety, Saint variety, Darkon variety are",マドリガルでは、ワイン用に何種類かのブドウが栽培されておる。その中でも「フラリス種」「セイント種」「ダーコン種」なのだ。
PROPQUEST_INC_000630,"named Beaujolais and you can get mysterious power when you drink them, according to the legend.",作られるワインには「ボジョレー」という名が与えられ、飲んだ者は不思議な力が授かるという伝説があるのじゃ。
PROPQUEST_INC_000631,It seems like these 3 kinds of grapes have a magical power from the earth. I studied them for a long time.,わしの長年の研究によると、この3種には大地の魔力が蓄積されておるようじゃ。
PROPQUEST_INC_000632,"But we do not have these grapes right now, even though it is harvest season. The monsters came and took them all.",ところが、今年もいよいよブドウの収穫を迎えるというこの時期に、モンスターがブドウをみんな刈り取ってしまったのじゃ！！
PROPQUEST_INC_000633,Therefore we can not drink the wine that we have been waiting for. In addition the monsters will get the magical power. Would you bring the grapes back?,このままでは楽しみにしていたワインが飲めないばかりか、モンスターに力を与えてしまう。どうか取り戻してくれぬか！
PROPQUEST_INC_000635,Hmm... I cannot brew wine until the ban on making Beaujolais is lifted.,むぅ・・・。このままでは、年に一度のボジョレー解禁日に間に合わなくなってしまう！
PROPQUEST_INC_000636,Oh! I can brew a little bit of wine with these! Thank you. I want to reward you with 1 bottle of Beaujolais Flaris which was made from the grapes other adventurers brought.,おおっ！これで少しはワインを作ることができるぞ！！・・・そうだ、お礼に他の冒険者が持ってきてくれたブドウで作った出来たてのボジョレー・フラリスを1本プレゼントしよう。
PROPQUEST_INC_000637,"You can find out how it tastes, just try some yourself!",味は・・・飲んでみてのお楽しみだ。じっくりと味わってくれ！
PROPQUEST_INC_000638,Is this all? It is not enough to brew wine. I need $QUEST_END_ITEM_COUNT$ grapes at least. Please!,これではワイン作りに足りない。 少なくとも$ QUEST_END_ITEM_COUNT $個以上持ってくる必要があります。 頼んだぞ！
PROPQUEST_INC_000639,...And if you have the grapes from the other areas... you should deliver them to the person who brews wine in that area.,・・・それから、もし他の地域のブドウを持っているなら、その地域の醸造責任者に渡すが良い。
PROPQUEST_INC_000640,Oh thank you. There are 3 kinds of grape divided by where they are grown. Please gather $QUEST_END_ITEM_COUNT$ grapes of this area because I cannot brew wine with the grapes from other areas.,そうか、感謝するぞ！ブドウは産出する地域によって3種類ある。この地域の「ブドウの実」$QUEST_END_ITEM_COUNT$個まとめて持ってきてくれ。他の地域のブドウは醸造できんのじゃ。頼んだぞ！
PROPQUEST_INC_000670,Vagrant Master (Mercenary),放浪者マスター(マーシナリー)
PROPQUEST_INC_000671,"What?! Hahaha! You think you have what it takes to be a Mercenary? Oh, that's good …hic! I think you'd be better off as a comedian!",ふむ、なんだか覇気のない若者がやってきたな。まぁ、この＜マスタング・ローバー＞のところへテストを受けるためにわざわざ来たのだから、そのまま帰らせるわけにもいくまい。では、よ～く聞け！諸君は最初に、放浪者としての熟練度を試される。
PROPQUEST_INC_000672,"You're still here? Ugh… fine. I'll humor you just this once. If you think you are strong enough to be a Mercenary, then I'll need you to do a little something for me.",このテストは諸君が放浪者としてどのくらい熟練したかを評価するものだ。まずはこれから指示することをどれくらい早く正確に遂行できるかをテストする。わかったか？
PROPQUEST_INC_000673,Small Aibatts have been infesting our crops just north of here. We need someone to go exterminate some of those filthy things.,何だって？俺の喋り声がちょっと大きすぎるって？ワッハハハ、小さいよりはいいだろう！では、やることを指示するぞ。まずは、スモール・アイバットを狩ってこい！
PROPQUEST_INC_000674,"Slay 20 Small Aibatts and 20 Small Mushpangs then return me when you are finished. Understand? Now get out of here, vermin!",いいか、＜スモール・アイバット＞20体、＜スモール・マッシュファング＞を20体狩ってこい！俺の言ったことがわかったか？頑張って狩ってくるんだ。
PROPQUEST_INC_000675,"Good luck, Vagrant. You'll need it! Hahaha!",では諸君、グッドラック！ワッハハハ！！
PROPQUEST_INC_000676,"I knew you were all talk, Vagrant. That's 30 seconds of my life I won't be getting back…",そうそう、そうだろうと思ったぜ。このテストは根性のない奴が受けるほどへっぽこなテストではないぞ！このマスタングがそんなに甘いと思ったのか？
PROPQUEST_INC_000677,"Hmmm, that's acceptable. Not bad, Vagrant! Although, I could have done it in half the time. But that's neither here nor there.",よし、戻ってきたな。まあ、 オレ様がやったら2分で終わる程度のテストさ。ちょいと遅すぎだな、諸君！最初のテストは無事にパスだ。
PROPQUEST_INC_000678,Hahaha! As if you could ever hope to compare yourself to me… Mustang the Great!,でも、喜ぶにはまだまだ早い！
PROPQUEST_INC_000679,"What's the matter? You're not afraid of some Small Aibatts, are you?",オレの目は厳しいぞ、ごまかしはきかん！マーシナリーのテストはそんなに甘くないぞと、最初に忠告しただろう？ワッハハハハ！
PROPQUEST_INC_000680,"Alright, listen carefully. Just north of here, there are several Small Aibatts. Slay 20 of them with 20 Small Mushpangs and return to me. Got it?",もう一度教えるから、よ～く聞くんだ！スモール・アイバットが20匹と、スモール・マッシュファング20体だ。わかったか？もたもたしている時間はないはずだ。さぁ、行ってこい！
PROPQUEST_INC_000681,<Mustang mumbles something under his breath about you being… not so bright.>,こんなに根性がないとは情けないな。まあ、人には向き・不向きがあるからな！仕方あるまい。
PROPQUEST_INC_000682,I cannot train you to be a Mercenary. You have already chosen another path. You can still cancel the other job quest in the Quest Window and come back to me.,君はすでに、他の職業を選択していないか？
PROPQUEST_INC_000683,Slay 20 Small Aibatts and 20 Small Mushpangs just north of Eastern Flarine and return to Mercenary Drillmaster Mustang.,スモール・アイバットを10匹狩ってくること。
PROPQUEST_INC_000685,Mercenary Arms,マーシナリーの武器
PROPQUEST_INC_000686,I suppose you've proven you're not completely useless. On to the next task!,初めてのテストはパスだ！しかし、これで終わりではないぞ、諸君。このマスタングの言うことを、ちゃんと傾聴したまえ。
PROPQUEST_INC_000687,"I want you to gather the materials needed for making the weapons of the Mercenary. Try not to mess this one up, alright?",フム、「傾聴する」の意味がわからないとな？ワッハハハ！よーく耳を傾けて聞きたまえ。という意味だ、わかったか？2番目のテストはマーシナリーの武器を作るために必要な材料を集めるのだ。
PROPQUEST_INC_000688,"Collect 10 Twinkle Stones from Aibatts in the area, 5 Chupims from Pukepukes and 1 Poporam from Doridoma. They should be relatively easy to find.",武器の材料は１つだ。アイバットから輝く石を10個、プケプケからチュピムを5個、ドリドマからポポラム1個持って来い。集めたら、マーシナリーマスターのところへ行くのだ、諸君！わかったか？
PROPQUEST_INC_000689,"Once you've gathered enough Twinkle Stones, Chupims and Poporam, bring them to Andy the Mercenary Master in northern Flarine.",輝く石、チュピム、ポポラムを集めたらマーシナリーマスターに聞いてみろ。北広場にあるマドリガル職業マスターズにいるはずだ。もじもじしている時間はないぞ、諸君！早く出発するといい！
PROPQUEST_INC_000690,Good luck! You're gonna need it!,なんだかまだ頼りなさそうに見えるが…。グッドラック！幸運を祈るぞ。
PROPQUEST_INC_000691,Are you afraid of a couple Aibatts? I know they stink and all... but really?,やっぱりダメだったか。まぁ、ここまで来られたのも褒められることかもしれないな。
PROPQUEST_INC_000692,"Great job acquiring the Twinkle Stones, Chupims and Poporam, Vagrant. Oh, and don't worry about old Mustang. He's all bark and no bite!",力強く勇敢なマーシナリーを志望する諸君、よくやった。では、武器についてお話しするとしよう。マーシナリーは2つの武器を使うことができる。それはソード（剣）とアックス（斧）だ。ソードは迅速で正確な攻撃を要する戦闘に適しているが、打撃力は低い。
PROPQUEST_INC_000693,"A Mercenary can use both swords and axes. They each have strengths and weaknesses. Swords strike fast, but deal only moderate damage, whereas axes deal heavy damage but at a moderate speed.",マーシナリ―は剣と斧の両方を使えるわけだが、それぞれに長所と短所があるんだ。 剣は速く攻撃できるが、適度にしかダメージは与えられん。斧は大きなダメージを与えられるが、スピード感のある攻撃とは言えないな。
PROPQUEST_INC_000694,"Which weapon suits you best? That's a decision only you can make, young Vagrant.",どうだ？マーシナリーが使う武器について、理解できたか？どの武器、装備が自分に合うか、確かめてみるいいだろう。
PROPQUEST_INC_000695,"You need to acquire 10 Twinkle Stones, 5 Chupims and 1 Poporam before I can continue your training, Vagrant.",おや？マスタング様から言われた指示をまだ終わらせていないのですか？輝く石10個、チュピム5個、ポポラム1個ですよ。指示どおりに材料を集めてきてから、もういちどおいで下さい。
PROPQUEST_INC_000696,"Gather 10 Twinkle Stones from the Aibatts, 5 Chupims from Pukepukes and 1 Poporam from Doridoma then bring them to Andy, the Mercenary Master in northern Flarine.",武器の材料はアイバットを倒して輝く石を10個、プケプケを倒してチュピム5個、ドリドマを倒してポポラムを1個集め、フラリス北広場にいるマーシナリーマスターの元へ行こう。
PROPQUEST_INC_000698,Mercenary Skills,マーシナリーの技術
PROPQUEST_INC_000699,"You've done very well so far, Vagrant. You are ready for the next step in your journey to become a Mercenary!",2番目のテストも見事にパスしたか、おめでとう。まだテストが終わったわけではないぞ。マーシナリーを完全理解するには、まだまだたくさんの知識を必要とするぞ。
PROPQUEST_INC_000700,"You must travel north, and visit the High-Dwarpets. Langdrong, one of the High-Dwarpets, will continue your training.",まあ、私から教えるべきことはここまでだ。次のテストは、マーシナリーの技術に関する情報を集めてきてこい。北へ行き、ハイドワーフの生息地へ足を踏み入れてみるといいだろう。
PROPQUEST_INC_000701,High-Dwarpet Langdrong will educate you on Mercenary skills.,ハイドワーフの生息地を探して＜ランドラング＞というハイドワーフに会い、マーシナリーの技術について教えてもらえるだろう。
PROPQUEST_INC_000702,You can find the High-Dwarpets north of Flarine. Check your map (M Key) if you get lost.,おっと。ハイドワーフは人間を嫌っているが、君には心を開いてくれるといいな。フラリス道沿いに北を進んだ＜ランドラング＞だ。Mキーでマップを確認してくれよな。
PROPQUEST_INC_000703,"I sense great potential in you, Vagrant. Luck be with you.",どうか無事に生息地を探し出せるよう、頑張ってください。幸運を祈りますよ！
PROPQUEST_INC_000704,What a shame. Please see me again if you change your mind.,ここで諦めてしまうのは、非常にもったいないですね。まあ、あなたが選んだことならいたしかたないでしょう。
PROPQUEST_INC_000705,"Where did you find that, Vagrant? Tell you what, for bringing this to me, I will go over one of the Mercenary Skills it details here. Listen up!",ん？人間か？私は人間は嫌いだが、お前と話すのは悪い気はしないな。よし、いいことを教えてあげよう。えぇと･･このスキル事典の･･･328ページの・・・あ！これだ。よく聞くんだぞ。
PROPQUEST_INC_000706,"As a Mercenary you can wield a weapon and a shield. The skill, Keenwheel, is a high damage spinning attack that can only be used after using the Slash skill and must be used in the Action Slot.",まず両足を軸にして、両手に武器を握って体を回転させる。この回転力で相手に普通よりたくさんの打撃を与えることができる。これが何かわかるか？これは、キーンフィールというスキルだ。
PROPQUEST_INC_000707,Keenwheel is another example. Notice how the skills in the Skill Tree Window (K Key) are shaped like puzzle pieces? This is a good indicator of what skills can be used in what order.,これはスプルマッシュと連動して使うスキルで、単独では使えない。しかし一度に3連続攻撃が可能だし、最大4回まで連続で使えるスキルなんだ。上手く使いこなせばとても強力な技だぜ！わかったかい？
PROPQUEST_INC_000708,"If Andy sent you, then he should have given you some proof. Maybe you're forgetting something, friend?",なんだおまえは？アンディの紹介で来たと？だったら、信用できる証拠を出してみな。オレは冒険者なんかに油を売るほど暇じゃないんだよ。えーっと・・・あの＜スキル事典＞はどこに置いといたっけな・・・
PROPQUEST_INC_000709,Speak with High-Dwarpet Langdrong. He can be found with the other High-Dwarpets north of Flarine.,フラリス北ハイドワーフの生息地にいる＜ランドラング＞のところへ行こう！
PROPQUEST_INC_000711,Duty of Mercenary,マーシナリーの任務
PROPQUEST_INC_000712,So... are you starting to understand how a Mercenary works now? Don't lose that Label of Technique I gave you!,ここまで説明したから、だいたい理解できただろう？あ、このスキル事典の破片は必ず持っていてくれよ、それはとても大事なものなんだ。もし捨てたり失くしたりしたら、オレは責任負えないぜ！
PROPQUEST_INC_000713,"Now for your next test! There is a creature named Babari just south of Flarine terrorizing the citizens there. Slay him, and seek out Hyuit, the Mercenary Instructor in Eastern Flarine.",じゃ、これが最後のテストだ。フラリス南にいる＜ババリ＞というモンスターを倒すことだ。市民が怖がっているらしい。そいつを倒し、フラリス東広場にいるマーシナリー訓練所の助手に話してみるといい。詳しくはそいつに聞いてみてくれよ。
PROPQUEST_INC_000714,"Be careful, I hear Babari packs quite a punch!",あ！マーシナリー訓練所の助手に会いに行く前に、フラリス近辺で悪さをしている変なモンスターが現れたようだ。そいつにパンチをお見舞いしてきてくれ！
PROPQUEST_INC_000716,"You can't give up now, Vagrant! You've come so far already!",好きなようにするといいさ。おまえがテストを諦めようが続けようが、オレとは何の関係もない。
PROPQUEST_INC_000717,"The citizens of Flarine are in your debt, Vagrant! Now the children of Flarine can play outside without having to worry about being eaten by that big bully!",あら！あの迷惑なモンスターを退治してきてくれたのですか？どうもありがとう！では、これが最後のテストです。最後はマーシナリーの任務に関する学習です。マーシナリーは近接攻撃の戦闘を主とする職業として、戦闘では最前衛で敵と戦います。
PROPQUEST_INC_000718,"Mercenaries are experts at close combat. We have the ability to stop an enemy's movement in order to close distance and keep them in range. This ability is called, Sneaker.",敵に近づいて盾になり、他の仲間を守る役割もあります。ただし一人で全てをこなせるわけでなないので、一度にたくさんの敵と戦うことは難しいかもしれませんね。
PROPQUEST_INC_000719,"Our main strength is in one on one combat. If we can get within range of an enemy, you can bet they are going to feel it the next day! Welcome to the fold, Mercenary!",もし、たくさんの敵と戦わなければない状況になったら、必ず他の職業の助けを借りることですよ。これで全てのテストが完了しました。おめでとうございます！ここに一人、勇敢なるマーシナリーが誕生したことを心より祝福します。
PROPQUEST_INC_000720,May I help you? I'm waiting for a pupil to take care of a little problem for me. I'm guessing that's not you? Then we have nothing further to discuss.,わたしに何かご用ですか？ちょうど今、しなければならない仕事がたくさんありますので、特別な用事でなければ、おひきとりください。
PROPQUEST_INC_000721,Slay Babari and speak with Mercenary Instructor Hyuit in Eastern Flarine.,フラリスで悪さをするモンスター＜ババリ＞が現れた。そのモンスターを退治してからウフラリス東広場にいるマーシナリー訓練所の助手に会いに行こう。
PROPQUEST_INC_000723,Vagrant Master (Assist),放浪者マスター（アシスト）
PROPQUEST_INC_000724,"So you want to be an Assist, huh? I don't blame you. It's the best job in Madrigal!",ほほう、アシストを志したいとな！君の選択には敬意を表しよう。しかし、アシストへの道はそんなに甘くないことを覚えておいてくれ。では早速、簡単なテストを行うことにしよう。心の準備は出来ているかな？
PROPQUEST_INC_000725,"First, I want you to take care of a little something for me. Small Mushpangs have been eating our crops lately.",心の準備はできたか？では、最初の課題だ。これは諸君が放浪者としてどのくらい熟練したかを評価するものだ。これから指示したことを、どれくらい早く正確に遂行できるかを試させてもらおう。
PROPQUEST_INC_000726,"Just north of here, there are several Small Mushpangs. Slay 10 of them with 10 Small Burudengs and return to me as soon as possible.",スモール・マッシュファングを10匹、スモール・ブルデングを10匹狩ってきたまえ！わかったかな？では、テスト開始だ！
PROPQUEST_INC_000727,"Good luck, Vagrant!",最後まで慎重に、速やかに、そして正確に課題をやりとげるのだ。では、行ってきたまえ！
PROPQUEST_INC_000728,"Having a change of heart? That's alright, come speak to me again if you change your mind.",おや？もう最初の課題で怖気づいたのか？本官は志の弱い者には用がない。諦めたのであれば、さっさと帰りなさい。以上！
PROPQUEST_INC_000729,Excellent work! Hopefully they'll stay away from our crops now.,よくやってくれた、諸君！しかしこれで終わりではないぞ。諸君がやり遂げなければならないことは、まだまだたくさんある。アシストの道は険しいのだ、覚悟したまえ。よろしいかな？
PROPQUEST_INC_000730,You've done very well so far. Keep up the good work!,諸君の心にはすでに、厳しく険しい道を歩んでいく覚悟は出来ているだろう。次のテストも高い志を持って頑張るのだ。
PROPQUEST_INC_000731,Hurry! There isn't much time!,諸君にはあまり時間が無いはずだぞ？こうしている余裕があるとはたいしたものだ。しかし、いい加減な態度ではテストに合格することはできないぞ。気をひきしめたまえ。
PROPQUEST_INC_000732,You've already chosen another job. I can't help you any further. You can still cancel the other job quest in the Quest Window and come back to me.,おや？ 君は既に他の職業を選択していないか？ここはアシストを目指す者がやってくるところです。
PROPQUEST_INC_000733,Slay 10 Small Mushpangs and 10 Small Burudengs just north of Eastern Flarine then return to Assist Drillmaster Elic.,スモール・マッシュファング、スモール・ブルデングを10匹狩ってくること。
PROPQUEST_INC_000735,Arm of Assist,アシストの武器
PROPQUEST_INC_000736,"You've done well so far, Vagrant. But I have another task for you if you are willing.",最初のテストは合格だ。おめでとう！しかしこれからが本番だ。次のテストを受ける準備はできたかな？
PROPQUEST_INC_000737,"For your next task, I need you to gather some materials which are used to create Assist weapons.",2番目のテストを教えよう。これから諸君は、アシストの武器の製作に必要な材料を集めてこなければならない。全ての材料を無事に集めてこれたら、アシストの武器に関する情報を教えよう。
PROPQUEST_INC_000738,"Retrieve 10 Forforms from Mushpangs, 5 Peakyrinds from Peakyturtles and 1 Poporam from Doridoma then bring them to Maki, the Assist Master in Northern Flarine.",集めなければならない材料は、マッシュファングを倒してポポムを10個、ピーキータートルからピーキーリンドを5個、ドリドマからポポラムを1個集めてくるのだ。集めたら、アシストマスターの元へ向かうのだ。
PROPQUEST_INC_000739,The Assist Master is with the Madrigal Job Masters in North-Fl. Go!,アシストマスターは北広場にあるマドリガル職業マスターズにいるはずだ。準備が整ったら、すぐに出発するといい。
PROPQUEST_INC_000741,"I guess some people just aren't suited to be an Assist. That's alright, young one. Speak with me again if you change your mind.",アシストへの道を諦めるのか？私は君の志を見損なったぞ。しかしそれも仕方あるまい。アシストの道は厳しいと言っただろう。
PROPQUEST_INC_000742,"Thank you for delivering the Forform, Vagrant. Now, on to your next lesson. Assist weapons include Knuckles or Sticks.",献身に身を捧げる心広きアシスト志望者よ、お疲れさまでした。では、テストをクリアした勇敢な志望者に、アシストの武器について説明いたしましょう。アシストは、ナックルとスティックという2つの武器を使います。
PROPQUEST_INC_000743,"A Knuckle is a fist weapon used for close-quarters combat, and the Stick is used to perform certain Assist skills, such as healing.",ナックルは接近戦が可能な武器です。スティックを装備すれば、補助スキルを使うことができます。アシストはこの補助スキルをどのように組み合わせるかが重要なのです。
PROPQUEST_INC_000744,"It's important to remember that you must have the right weapon equipped to perform certain abilities. With enough practice, a good Assist can switch weapons in combat seamlessly.",他の仲間に補助をかけたり、近接戦を効率的におこなうためには、この2つの武器を素早く交換しながら戦うことがポイントです。ナックルとスティックの使い方について、理解できましたか？
PROPQUEST_INC_000745,"I'm sorry, I'm waiting for someone to bring something very important. Is that you? I didn't think so.",エリック様から指示されたことを終わらせないと、次のテストは受けられませんよ。
PROPQUEST_INC_000746,"Gather 10 Forforms from Mushpangs, 5 Peakyrinds from Peakyturtles and 1 Poporam from Doridoma then deliver them to Maki, the Assist Master in Northern Flarine.",集める材料は、マッシュファングを倒してポポム10個、ピーキータートルを倒してピーキーリングを5個、ドリドマを倒してポポラム1個集めたら、アシストマスターの元へ向かおう。
PROPQUEST_INC_000748,Assist Skills,アシストの技術
PROPQUEST_INC_000749,"Now that you have a good understanding of Assist weaponry, I'd like you to visit Goripeg, one of the High-Dwarpets north of Flarine.",さて、これで私の知っていることは全部教えました。では、次のテスト内容を教えましょう。今度はアシストの技術に関する情報を集めるのですが、まずはハイドワーフの生息地を探し出さなければなりません。
PROPQUEST_INC_000750,High-Dwarpet Goripeg will give you information on Assist skills. He knows a lot about Assists and I think you are ready to speak with him.,フラリスの北でハイドワーフの生息地を探し、＜ゴリペック＞というハイドワーフに会うと、彼からアシストの技術を教えてもらうことができるでしょう。
PROPQUEST_INC_000751,"You can find the High-Dwarpets by opening your map (M Key). Go quickly, young one!",ハイドワーフは人間を嫌っていますが、きっと彼らはあなたに心を開いてくれるでしょう。さあ、＜ゴリペック＞の元へお行きなさい。（Mキーでマップを確認）
PROPQUEST_INC_000752,May Bubble protect you and guide you.,志高きアシスト志望者に、リシスのご加護がありますように。
PROPQUEST_INC_000753,"If you feel that you are not ready, young one, that is your decision. If you change your mind, come and speak with me again.",諦めてしまうのですか？せっかくここまで辿りついたのに。大変残念ですね。しかし、もう一度考え直すのもよろしいでしょう。
PROPQUEST_INC_000754,Erhm… hello there! You must be the young apprentice Maki spoke so highly of.,ん？人間か？オレは人間は嫌いだが、お前と話すのは悪い気はしないな。よし、いいことを教えてあげよう。このスキル事典の･･･えっと、たしか488ページだったような・・・お、これだ！
PROPQUEST_INC_000755,"The blessing of Rhisis be with you, apprentice! I'd like to go over one of the Assist skills with you. Haste is a skill that you can cast on yourself or an ally.",アシストになりたいのか？フム、志さえ見失わなければ叶わない望みなどないさ。 君のなりたいように進めばいい。アシストにはヘイストという、リシスの祝福で体を軽くさせることができる高度なスキルがあるんだ。
PROPQUEST_INC_000756,"The Haste skill allows you to increase your attack speed and decrease your casting time, or that of a friend's, by a very large amount. It is an amazing skill!",ヘイストは、自分や相手の攻撃速度を上げてくれる補助スキルだ。このスキルをかけてもらうと、戦闘速度が普通より2倍ほど速くなるのさ。へへ、すごいだろう？とても役に立つぜ。
PROPQUEST_INC_000757,Excuse me? I don't believe we have anything to discuss. Please leave me in peace.,何だ？オレに用か？妙なこと言ってないで、さっさと帰ってくれ。オレは大事なものを探さなくちゃなんないんだ、冒険者なんかに構っている時間なんかないのさ。探し物は何かって？スキル事典だよ、スキル事典！はぁ、どこにいったんだろう。
PROPQUEST_INC_000758,Visit High-Dwarpet Goripeg north of Flarine. Check your map (M Key) if you get lost.,フラリスの北方面ハイドワーフの生息地にいる＜ゴリペック＞のところへ行こう！（Mキーでマップ確認）
PROPQUEST_INC_000760,Duty of Assist,アシストの任務
PROPQUEST_INC_000761,Here… take this. It's a Label of Technique. It details what I've told you today.,クックック、ちゃんとわかったか？あ、このスキル事典の破片は失くさないようにしてくれよな。とても大事なものだから。
PROPQUEST_INC_000762,"Now, for the final leg of your journey, apprentice. A creature called Chaner has been terrorizing the locals near the Demians in Madren Town.",じゃ、最後のテストに入ろう。最後のテストは、アシスト訓練所の助手のところへ行けば受けることができる。名前は・・・さて、何だったっけな？覚えていないが。とにかく、その助手のところへ行ってみてくれよ。わかったか？
PROPQUEST_INC_000763,"Slay him, then return to Assist Instructor Kidmen in Eastern Flarine. She will conclude your Assist training.",助手のところへに行く前に、最近マッドランタウンに現れた凶暴なモンスターを退治してから行ってくれ。あそこに住んでいるデミアンをはじめ、付近の住民にも迷惑をかけているらしいんだ。
PROPQUEST_INC_000764,"Good luck to you, apprentice!",せっかくここまで来たんだから、その心意気を無駄にするんじゃないぞ。
PROPQUEST_INC_000765,No? What a shame. Speak to me again if you have a change of heart.,まあ、君がテストを続けようが諦めようが、オレは関係ないからな。好きにするといいさ。
PROPQUEST_INC_000766,"Chaner is… gone? Great work! Now, listen carefully. I have something very important to tell you.",あら！マッドランタウンに現れたモンスターを退治してきてくださったのですね。あのモンスターにはみんな困っていたのです、ありがとうございます。さあ、最後のテストを始めましょう。最後はアシストの任務に関する情報をお教えしましょう。
PROPQUEST_INC_000767,"The role of an Assist on the field of combat is primarily party support, however, an Assist can also prove to be a potent fighter as well.",アシストは補助型の職業ですが、直接の戦闘もできます。前衛に立てばマーシナリーを手伝って近接戦を行うこともできるし、後衛に回れば、他の仲間が戦う際に必要な補助をかけてバックアップすることができます。
PROPQUEST_INC_000768,"Congratulations, my friend! You are now an Assist! Welcome to the fold!",アシストは職業名からわかるように、他の職業を補助しながらサポートする役割が大きい職業なのです。さあ、これであなたは全てのテストに合格しました。おめでとうございます。ここに誕生した志高きアシストに、リシスの祝福があらんことを！
PROPQUEST_INC_000769,I'm waiting for word that Chaner has been destroyed. Last I heard he is still on the loose in Madren Town.,ちょっと忙しいので、あなたのお相手をすることはできません。わたしは案内人ではありませんので、ご用がなければおひきとりください。　はぁ、ホントに困ったわ、マッドランタウンに現れたモンスターには・・・・
PROPQUEST_INC_000770,"Travel to Madren Town, east of the High-Dwarpets, and slay Chaner. Once Chaner is defeated, speak with Assist Instructor Kidmen in Eastern Flarine.",最近、マッドランタウンに現れたという凶暴なモンスターを退治してから、アシスト訓練所の助手のところに向かおう。
PROPQUEST_INC_000772,Vagrant Master (Magician),放浪者マスター（マジシャン）
PROPQUEST_INC_000773,"Are you intrigued by the art of magic? If you're speaking with me, you must be interested in becoming a Magician. I must warn you, it is not an easy road.",マジシャンへの道を選んだのですね。マジシャンになるには厳しい試練が待ち受けておりますが、それでもこの職を目指すのであれば簡単なテストを行いたいと思います。心の準備は出来ていますか？
PROPQUEST_INC_000774,"Very well then, first, I would like you to perform a small task for me. Captain Aibatts have infested the area north of Eastern Flarine.",最初のテストは、あなたが放浪者としてどのくらい熟練したかを評価するテストです。わたしが指示したことをどれくらい早く、正確に遂行するかを試させてもらいます。
PROPQUEST_INC_000775,"If you're interested in helping, this little nuisance is just north of there. Will you slay 15 Captain Aibatts and 10 Small Burudengs to help us?",助けに興味があるなら、この小さな厄介者はそこのすぐ北にあります。キャプテン・アイバット15体とスモールブルデン10体を倒して助けてくれませんか？
PROPQUEST_INC_000776,Thank you! Good luck!,深い知識に長け、思いのままに魔力を操るマジシャンを目指す者たちが、どれぐらい速やかに課題を成し遂げることができるか楽しみに待っていますよ。
PROPQUEST_INC_000777,"I see you're not ready to walk the path of the Magician. Very well, speak to me again if you change your mind.",おやおや、諦めてしまうのですか。マジシャンを目指すには厳しい試練が待ち受けていますから、それも致し方ないことでしょう。
PROPQUEST_INC_000778,"Great job, young Vagrant! I think you'll make a fine Magician.",無事にテストを終わらせることができましたね。この調子で次のテストも頑張ってください。
PROPQUEST_INC_000779,You must defeat 15 Captain Aibatts and 10 Small Burudengs to prove you are worthy of Magician training. I will not help you if you cannot even complete this simple task.,課題を出されているあなたには、あまり時間がないはずですよ。キャプテン・アイバット15体、スモール・ブルデング10体を倒してください。このままマジシャンへの道を諦めてしまうのであれば、仕方ありませんが。
PROPQUEST_INC_000780,I'm afraid you've already chosen a different job. We have nothing more to discuss. You can still cancel the other job quest in the Quest Window and come back to me.,あなたは、マジシャンへの道を選択していないようですね。ここはマジシャンを希望する冒険者が来るところです。転職クエストをキャンセルして、私のところにくることはできますよ？
PROPQUEST_INC_000781,"Slay 15 Captain Aibatts and 10 Small Burudengs then return to Wingyei, the Magician Drillmaster in Flarine.",キャプテン アイバットを 15 体とスモール ブルデンを 10 体倒してから、フラリンのマジシャン ドリルマスターであるウィンゲイに戻ります。
PROPQUEST_INC_000783,Weapons of the Magician,マジシャンの武器
PROPQUEST_INC_000784,"Nice work taking care of those Captain Aibatts for us. Now, on to your next task!",おめでとう、初めてのテストは合格です。でもまだまだ先は長いですよ。覚悟はよろしいですか？
PROPQUEST_INC_000785,"I need you to collect some materials for me and deliver them to Hee, the Magician Master. She will instruct you on the use of Magician weaponry.",2番目のテストは、武器に関するテストです。マジシャンの使う武器について理解を深めるのがこのテストの目的です。さて、これからマジシャンの武器を製作するための材料を3種類集めなくてはなりません。
PROPQUEST_INC_000786,"Gather 10 Twinkle Stones from Aibatts near Flarine, 5 Chupims from Pukepukes and 1 Slain from Lawolf then you may speak with Hee.",マジシャンの武器を製作する材料は以下の3種類です。アイバットを倒して輝く石を10個、プケプケを倒してチュピム5個、ラーウルフを倒して勾玉の1個集めてください。そろったら、マジシャンマスターのところへ向かうのです。
PROPQUEST_INC_000787,The Magician Master is located just north of Flarine.,マジシャン マスターは、フラリスのすぐ北にあります。
PROPQUEST_INC_000788,"Good luck to you, Vagrant!",マジシャンへの道のりはまだまだ遠いですが…頑張ってくださいね。
PROPQUEST_INC_000789,I see you're not quite ready to continue down the path to becoming a Magician. Speak with me again if you change your mind.,ここまでやってきたのに、諦めてしまうとはもったいないですね。しかし、あなたの選んだ道であれば仕方のないことでしょう。
PROPQUEST_INC_000790,"Thank you for delivering the Twinkle Stones, Vagrant. Wingyei has told me a lot about you. Now, let me tell you a little something about Magician weaponry.",秘められた魔力を自在に操るマジシャンを目指す者よ、よくやり遂げました。では、これからマジシャンが使う2種類の武器であるワンドとスタッフについて、お教えしましょう。
PROPQUEST_INC_000791,Magicians can use both wands and staves. A wand allows the magician to attack from a distance with a charged up attack that deals additional damage while a staff can be used as a melee weapon.,ワンドは魔法専門の武器なので、ワンドを装備した場合、基本攻撃はすべて魔法攻撃となります。一方、スタッフは基本攻撃が打撃ですので、弱いながらも接近戦が可能です。
PROPQUEST_INC_000792,"You will find that Magicians primarily rely on magic spells to deal damage. However, it is important to know how these weapons work.",接近戦はできますが、打撃力は弱いので注意してください。この2つの武器を戦略的に使いこなすことで、必ず素晴らしいマジシャンになれることでしょう。頑張ってくださいね。
PROPQUEST_INC_000793,I am waiting for someone to deliver some materials I require for Magician weaponry.,あら？ウィンギー様の紹介で来たのですか？でしたら、何か指示されたことがあるはずですよ。思い出してみてください。
PROPQUEST_INC_000794,"Gather 10 Twinkle Stones from Aibatts near Flarine, 5 Chupims from Pukepukes and 1 Slain from Lawolf then speak with Magician Master Hee in Northern Flarine.",フラリス近くのアイバットからトゥインクル ストーンを 10 個、プケプケスからチュピムを 5 個、ラウルフからスレインを 1 個集め、フラリス北部にいるマジシャン マスター ヒーと話します。
PROPQUEST_INC_000796,Magician Skills,マジシャンのスキル
PROPQUEST_INC_000797,"That concludes your lesson on Magician weaponry. Now, I'll need you to visit one of the High-Dwarpets to continue your training.",これで、私に教えられることは全てです。では、次のテストを受けてくださいね。次は、マジシャンの技術に関する情報を集めることなのですが、その前にまず、ハイドワーフの生息地を探し出さなければなりません。
PROPQUEST_INC_000798,Travel to Flarine and head north. You'll find a High-Dwarpet camp just south of the middle of Leren Mountains.,ハイドワーフの生息地を探し出し、＜ハスタン＞というハイドワーフに会うと、彼からマジシャンの技術について教わることができるでしょう。
PROPQUEST_INC_000799,"Speak with High-Dwarpet Hastan once you arrive. If you get lost, you can check your map (M Key) to find your way.",ハイドワーフは人間を嫌っていますが、きっと彼らはあなたに心を開いてくれるでしょう。さあ、＜ハスタン＞の元へお行きなさい。
PROPQUEST_INC_000801,Do not be frightened by what lies ahead. This is your destiny. Speak with me again if you'd like to continue your path.,諦めてしまうのもしかたないことです。ご自分が決断したことであれば、好きなように進めばいいのですよ。
PROPQUEST_INC_000802,"Greetings, young one! The will of Rhisis be with you! I am Hastan. Magician Master Hee mentioned that you might be stopping by.",ん？人間か？人間は嫌いだが、お前と話すのは悪い気はしないな。よし、いいことを教えてあげよう。このスキル事典の･･･あったあった。
PROPQUEST_INC_000803,Magicians are powerful fighters that utilize magic to defeat their enemies. Let me go over one of the basic attacks with you.,〈大いなるリシスよ。あなたから授かった偉大な力で、邪悪なる魂を持つ者の精神にリシスの裁きを下します〉これが、マジシャンの一番ベーシックなスキル＜メンタルストライク＞と呼ばれる呪文だ。
PROPQUEST_INC_000804,Mental Strike is a very strong magic attack that consumes Magic Points (MP) in order to be cast. This skill allows you to attack the target from a distance for a high amount of damage.,これは相手の属性にかかわらず、精神的なショックを与えて相手の心や思考を粉々に打ち砕くというスキルなのだ。簡単なように見えるが、使い方によっては非常に強力なスキルになる。
PROPQUEST_INC_000805,Excuse me? Who are you exactly? I'm waiting for someone else right now. Take a hike!,誰だおまえは？そんなところに突っ立って、オレの邪魔をしないでくれ。オレは今、スキル事典を探すのに必死なんだよ。どこに置いたのかな、さっぱり思い出せないじゃないか。困ったな。
PROPQUEST_INC_000806,Speak with High-Dwarpet Hastan north of Flarine. Check your map (M Key) if you lose your way.,ハイドワーフの生息地にいる＜ハスタン＞のところへ行こう！
PROPQUEST_INC_000808,Duty of Magician,マジシャンの任務
PROPQUEST_INC_000809,"You learn quickly, Vagrant! Perhaps you will be a great Magician one day! Here, take this. It is a Label of Technique that details what I've explained to you today.",クククッ、ちゃんとわかったか？このスキル事典の破片は、くれぐれも失くさないようにしてくれよ！とても大事なものだからな。
PROPQUEST_INC_000810,"For your final task, I want you to travel to the west of Flaris and defeat the creature known as Seido. He has been harassing some of the residents of Flarine as of late.",最後の任務として、フラリスの西へ行き、セイムと呼ばれるモンスターを倒してください。最近、フラリスの住民に嫌がらせをしているようなんです。
PROPQUEST_INC_000811,"Once Seido is defeated, speak with Magician Instructor Lopaze in Eastern Flarine. She will conclude your training.",青道を倒したら、東フラリスにいる魔術師教官ロパーゼに話しかける。彼女はあなたのトレーニングを終了します。
PROPQUEST_INC_000812,"You've done very well so far, young one. Keep up the great work!",次にやるべきことはわかったよな？じゃ、健闘を祈るぜ！
PROPQUEST_INC_000813,You've come a long way just to give up when you're so close to the end. Speak with me again if you change your mind.,面倒くさくなったのか。まあ、おまえがテストを諦めようが諦めなかろうが、オレには関係ない話さ。
PROPQUEST_INC_000815,"As Magicians, we are most effective when attacking at long range. Many of our skills employ the power of the elements.",マジシャンはその名のとおり、遠距離戦闘型の職業です。接近戦は向いていないので、遠い場所から魔法を使い強力な攻撃をする戦闘スタイルとなります。また、魔法によっては周囲にいる複数の敵を1回の攻撃で倒すこともできます。
PROPQUEST_INC_000816,"This allows us to take advantage of elemental vulnerabilities that our enemies may have. Congratulations, young one! You are now a Magician!",マジシャンは一人で戦うよりも、仲間と一緒に戦うことでその威力を発揮します。さあ、これで全てのテストが終わりました。おめでとうございます！これからもより知識を深め、より大きな魔力を自在に操る優秀なマジシャンへと成長してくださいね。
PROPQUEST_INC_000817,"I sure wish someone would take care of that Seido creature near Flarine… Oh, hello! Did you need something?",誰かがフラリスの近くにいる青道の生き物の世話をしてくれたらいいのに…ああ、こんにちは！何か必要でしたか？
PROPQUEST_INC_000818,Defeat Seido near the west of Flarine. Speak with Magician Instructor Lopaze once he has been defeated.,フラリスの西に現れたという邪悪なセイムを倒してから、マジシャン訓練所の助手のところへ向かおう。
PROPQUEST_INC_000820,Find Red Bang Thieves,赤いヴァン盗賊団を探せ！
PROPQUEST_INC_000821,Help! Help me! My cash box... My money... It's all gone! Someone stole my cash box! Iblis watch over me!,大変なことが起きてしまった！おれの金庫が、大事な金庫が盗まれてしまったんだ！はぁ～、一体どうしたものか…
PROPQUEST_INC_000822,"I was saving money in my cash box in order to buy a present for my girlfriend, but it disappeared this morning.",実は婚約者にバースデープレゼントをあげようと思って、ひそかに貯金していたのさ。しかし今朝、あったはずの金庫がなくなっていたんだよ！
PROPQUEST_INC_000823,"So I have asked people, and they said that there are unknown thieves just west of the Fountain of Dead Person these days. I'm not sure I believe them though…",聞いた話によると最近、レルエン山脈の北部に何とかっていう盗賊団が現れたらしいんだ。金庫泥棒はそいつらの仕業ではないかと噂があってな。
PROPQUEST_INC_000824,Can you investigate and let me know?,でも実際にそんな盗賊にあったこともないし、フラリスに盗賊団があること自体、信じることができないんだ。そんなわけで、オレの代わりに盗賊団が本当に存在しているのかどうか、確認してきてくれないか？
PROPQUEST_INC_000825,"Thank you! Please bring me the evidence which proves they really exist. If you find them, that is.",ありがとう！そいつらを見つけたら、証拠になれるような物を持って来てくれないか？頼んだぞ～！
PROPQUEST_INC_000826,"You only care about yourself. Fine, I'll find someone else.",おや、他人事には興味が無いってことか？冷たいなあ。まあいいさ、他の人に頼むから。
PROPQUEST_INC_000827,So they really do exist!,なるほど。やはり盗賊団はいるんだな。ありがとう！感謝するよ。
PROPQUEST_INC_000828,"I think this is good evidence, but... I want something more conclusive!",これも証拠にはなるが、もっと決め手になる証拠がほしい。悪いがまた探してきてくれないか？
PROPQUEST_INC_000829,Find the thieves west of the Fountain of Dead Person in Flaris and return with evidence.,レルエン山脈の北部に拠点を置いている盗賊団を探して、彼らが存在しているという証拠になる物を持ってこよう。
PROPQUEST_INC_000831,Find Luda's Cash Box,ルダの金庫を取り戻せ！
PROPQUEST_INC_000832,"I asked the witnesses with the evidence you have brought to me, and now it is clear they had stolen my cash box. Now the only thing I have to do is get the cash box back from them.",持ってきてくれた証拠を見せて情報を集めたら、やはりそいつらの仕業に間違いはなかったよ。そいつらから金庫を取り戻すことができれば！
PROPQUEST_INC_000833,I am really sorry but please do me a favor once again? I really need to get that cash box back. I really need to get my girlfriend a present. You see…,すまないが、もう一度君に頼みたい。あいつらに奪われた金庫を取り戻さないと、婚約者にバースデープレゼントがあげられないんだ。
PROPQUEST_INC_000834,it is our 100th day anniversary… She will be so upset if I don't. Would you please get my cash box back from them? I will reward you.,その日は恋人と付き合い始めてからちょうど100日目になる大事な記念日なんだよ。どうかオレのために、力を貸してくれないか？もちろんお礼は約束するよ。
PROPQUEST_INC_000835,"Thank you. Thank you very much. As I heard, one of them is keeping the cash box.",力を貸してくれるのかい？ありがとう。聞いたところでは、奪われた金庫はその盗賊団の中の一人が保管しているようだ。
PROPQUEST_INC_000836,You make me really disappointed. Whatever…,そうか。力になってはくれないのか。わかったよ。他人に無理をさせるのも悪いしな。
PROPQUEST_INC_000837,"You found it! Thank you so much! I'll never forget this! Take this, it's the least I can do.",おお、これはオレの金庫だ！ありがとう、本当にありがとう。これでフィアンセに心をこめたプレゼントができるよ、君のおかげさ。さあ、これはお礼だ、受け取ってくれ。
PROPQUEST_INC_000838,Where is my cash box? You have not found it yet. Please bring it to me. I will be waiting.,奪われた金庫は見つかったかい？そうか、まだか。取り戻してきてくれるのを待ってるよ。
PROPQUEST_INC_000839,Recover Luda's cash box from the Red bang Thieves at the camp west of the Fountain of Dead Person.,奪われた金庫はその盗賊団の中の一人が保管しているらしい。盗賊団を倒して金庫を取り戻そう。
PROPQUEST_INC_000841,Plot of Colack,コラックの頼みごと
PROPQUEST_INC_000842,Did you know that a huge meteorite fell nearby a few days ago?,冒険者の君、もう知っているかい？最近セイントモーニングの近くに大きな隕石が落ちたらしいんだよ！
PROPQUEST_INC_000843,We usually refine chunks of meteorite into a very rare metal. We call it Meteoritill.,隕石が落ちるとその欠片の一部が急激に冷えて、とても珍しい金属に変化するんだよ。その金属は＜メテオライティル＞と呼ばれているんだ。
PROPQUEST_INC_000844,It is the best material for making expensive arms or armor in Madrigal.,これはマドリガルでもめったに採れることがないとても貴重な素材でね。だから＜メテオライティル＞で作られた武器や防具はとても高価なのさ。材料自体の希少性が高いからね。
PROPQUEST_INC_000845,"It usually takes about 500 years to get it because meteorites don't fall every day. However, one just fell, so now's our chance!",＜メテオライティル＞で武器や防具を作ったら、材料を集めるだけで約500年はかかると言われているんだ。ハハッ、気が遠くなるだろう？ところが先日落ちた隕石からは、とても大きな＜メテオライティル＞が採れるらしいんだ！
PROPQUEST_INC_000846,Think you can find me some Meteoritill? I would be very pleased to acquire some.,今はセイント中がこの噂でもちきりさ。メテオライティルを採りに、みんなやっきになって隕石の落ちた場所を探し回ってるところだ。ところで頼みがあるんだが、俺の代わりにこの＜メテオライティル＞を採ってきてくれないか？
PROPQUEST_INC_000847,"Keep it secret, though. I don't want the other armorsmiths to find out! Try searching south of Saint City.",頼まれてくれるのかい？感謝するぜ！じゃ、＜メテオライティル＞を5個集めて来てくれよ。隕石はセイントモーニング南部のどこかに落ちたそうなんだ。誰かに全部採られてしまわないうちに、頼むぜ！
PROPQUEST_INC_000848,"Pfft! Fine! I'll find someone else to help me, but you better keep your mouth shut!",なんだ、やりたくないならしかたないな。じゃ、別の人にでも頼むさ。またな。
PROPQUEST_INC_000849,Oh my… you found it! Real Meteoritill! I'll be rich beyond my wildest dreams! Muahahah!,おお！これは本物のメテオライティルに間違いない！この美しい光沢、キレイだろう？ありがとうよ！
PROPQUEST_INC_000850,"Oh, I mean uh… I will be sure to make good use of this material. Here's a little something for your trouble.",しかし、本当に上質のメテオライティルだなあ。おや、ついこの美しい輝きに夢中になってしまったようだ、すまない。
PROPQUEST_INC_000851,"Thanks again, friend!",上質のメテオライティルがこんなにあれば、最高の武器防具が作れるだろう！考えただけでわくわくするぜ。ありがとう！
PROPQUEST_INC_000852,You didn't find any? That's a shame. Keep looking! Don't give up!,メテオライティルは本当に希少な金属だから、集めるのには骨が折れると思うが根気よく探せば、きっと集めることができる。頑張ってくれ！
PROPQUEST_INC_000853,Find 5 Pieces of Meteoritill and bring them to Colack in Saint City.,噂の隕石はセイントモーニング南部のどこかに落ちたそうだ。隕石の近くにあるという＜メテオライティル＞を5個探して持ってこよう。
PROPQUEST_INC_000855,Missing Play Script,消えた台本
PROPQUEST_INC_000856,Oh boy... I am in big trouble. How long have you been standing there? Did you hear everything I was saying?,ああ、どうしよう…困ったなぁ。わっ！ いつからそこにいたんだ？ひょっとして、ボクの喋ってたこと聞こえてたのかい？
PROPQUEST_INC_000857,"You heard? Hmm... Okay, I will tell you what happened. I am in charge of play scripts for the Pepoview Troupe.",そうか、聞こえちゃったのか…。実はボクは劇団の台本を管理しているんだ。ところが、今回準備している飛行劇＜蒼きマドリガルの空に＞という作品の台本が無くなってしまったんだ。
PROPQUEST_INC_000858,"The new play script called The Sky of Madrigal has disappeared. If I don't get it back, I'll be fired.",台本がないと、練習すらできなくなってしまう。僕はもうどうしたら良いのかわからなくて、途方に暮れていたところなんだ。大事な台本をなくしてしまったなんてことを団長に知られたら！ああ、どうしよう。
PROPQUEST_INC_000859,"I know who stole it. His name is Colar, and I think he did it as payback for being fired himself.",実はね、犯人は誰か分かっているんだ。以前、団長に劇団を追放された＜コラール＞というやつなんだが、多分、追い出されたことに対する腹いせなんだろうと思うんだ。だけど、このままだと・・・・
PROPQUEST_INC_000860,Would you please do me a favor? Would you please bring me the play script from Colar?,大事な台本を管理しているボクが、台本をなくしてしまったことがみんなに気づかれてしまうんだ。そこで、お願いがあるんだけど、ボクの代わりに＜コラール＞から台本を取り戻してもらえない？お願い、ボクを助けてくれよ～！
PROPQUEST_INC_000861,You will?! Thank you very much! Colar is hiding somewhere in the far east of Darkon 1. Please find him!,取り戻してきてくれるの？！ありがとう！台本を盗んだ＜コラール＞は、キプラ（ダーコン第1地区）のどこにに隠れて暮らしているらしい。どうか無事に台本を取り返してきて。頼んだよ。
PROPQUEST_INC_000862,I knew you weren't going to help me. Why did I even tell you all of that?,どうしよう、こんなことがみんなに知られたら、ボクは劇団を追い出されてしまうかもしれない。ああ、本当に困ったなぁ。どうすれば…
PROPQUEST_INC_000863,"What?! What play script? I don't have it, I swear!",はい、たしかに私が＜コラール＞ですが。おや、あの台本を返してもらいにきたのですか？しかし、見てください。こんなところで、こんなボロボロの格好をした私が、大事な台本を持っているように見えますか？
PROPQUEST_INC_000864,"Well, yes. I stole it. A grave robber who was riding some kind of strange machine took it from me.",私が台本を盗んだのは事実です。しかし、台本を持って逃げる途中、変なロボットに乗った盗賊にかばんごと奪われてしまったのです！
PROPQUEST_INC_000865,The machine was spouting steam and the grave robber was riding and controlling it. That is why I am in this terrible situation now.,蒸気を噴き出す変なロボットだったのですが、盗賊はその上に乗ってロボットを操っていました。しつこく追い回されて、こんなところに迷い込んでしまったあげく、見ての通り閉じ込められてボロボロの格好です…とほほ。
PROPQUEST_INC_000866,All I know is that he is somewhere in the far east of Darkon 1. Please find him.,残念ながら、台本が奪われた場所はキプラ（ダーコン第1地区）ということしか覚えていないのです。とにかく、あの恐ろしいロボットから逃げきることで必死でしたから。手ががりが少なくて大変でしょうけど、無事に台本を取り戻してきてください。お願いします。
PROPQUEST_INC_000867,Colar is hiding somewhere in Darkon 1. Find him and retrieve the play script.,台本を盗んだ＜コラール＞は、キプラ（ダーコン第1地区）のどこかに隠れているらしい。ダーコンへ行って、コラールを探しにいこう。
PROPQUEST_INC_000869,Looking for the Play Script,奪われた台本を探して
PROPQUEST_INC_000870,"Hey! I am not lying! Why on earth do you not believe me? Okay, yes, I stole the play script, but it was for revenge!",本当です、信じてください！　私は台本を盗みはしましたが、それはあくまでも劇団を追い出された腹いせだったのです。困らせようとして、つい・・・
PROPQUEST_INC_000871,"There is no evidence that I'm a liar, right? In that case, if you want to find the play script...",私は嘘をついていません。本当に台本を持っていないのです。どうか、信じてください。あの台本は変な蒸気を出すロボットに乗った盗賊に奪われてしまいました。台本を取り戻すのなら、まず、そいつらを探してください。
PROPQUEST_INC_000872,I think someone among them has it.,あの変な蒸気を噴き出すロボットに乗った盗賊のうちの一人が、台本を持っているはずです。どうか無事に取り戻してきてください！
PROPQUEST_INC_000873,"Hey! You there! Let me out of here! Help me, please!",信用してください。私は嘘をついていません！
PROPQUEST_INC_000874,"Look, I know it's none of your business. Will you help me anyway? Please!?",所詮、他人事ってことですか…。わかりました。しかし私は、本当に台本を持っていないのです。残念ながら。
PROPQUEST_INC_000875,Oh thank goodness! Finally I got it back! Thank you so very much!,こ、これは！ありがとう、ありがとう！たしかにこの台本です！ちゃんと探してきてくれたんだね。
PROPQUEST_INC_000876,"If you would have been 5 minutes longer, I would have been fired. Whew! That was a close one!",もう少し時間が経っていたら、団長に知られてしまうところだった。もしそうなったら・・・きっとボクは劇団を追い出されたと思うんだ。
PROPQUEST_INC_000877,"I have a gift for you for helping me out. Please, take it.",これはボクからのお礼だよ！是非受け取って。改めて、ありがとう。君には本当に感謝してるよ。
PROPQUEST_INC_000878,"Please find it quickly. If you don't return in time, I'll be fired! I've got 5 kids to feed!",できるだけ早く、急いで！団長が何か、ボクの様子がおかしいことに気づいたようなので。ああ、どうか急いでください、お願いです。
PROPQUEST_INC_000879,Look around for the machine spouting steam that is being controlled by a grave robber. You may have to use force…,＜変な蒸気を噴き出すロボットに乗った盗賊＞のうちの一人が台本を持っているらしい。心あたりのモンスターを倒して＜台本＞を取り戻そう。
PROPQUEST_INC_000881,Helper Text Book,ヘルパー教本
PROPQUEST_INC_000882,"What am I going to do? Oh my... What? You're curious as to why I'm so nervous? Actually, we Helpers have a test once every year and I'm no good under pressure.",どうしよう、緊張しちゃうなぁ。ドキドキ…。えっ？なぜそんなにソワソワ落ち着かないのかって？実は私たちヘルパーは1年に1度、適性試験を受けなければならないのです。
PROPQUEST_INC_000883,"The test is very soon, and the date was just moved up all of the sudden! I am so worried! I'm a good helper, so I should pass and all, but I want to be the best!",その試験がもうそろそろ近づいてきたので落ち着かなくって…。まあ、こつこつ勉強をしてきたので、落ちる心配はないのですけどね。
PROPQUEST_INC_000884,"I have never taken first place because of that know-it-all Herth, and I absolutely must beat her this year! I will do anything to come in first place and I need your help!",でも、毎年1等をハースに取られています。今年はどうしてもわたしが1等になりたいのです！そこで、お願いがあるのです。
PROPQUEST_INC_000885,"So will you help me, stranger?",わたしのお願いをきいてもらえますか？
PROPQUEST_INC_000886,I need lessons 1 and 2 of the Helper Text Books. I understand that both lessons can be found in the flower bed behind the Public Office. Will you bring it to me?,聞いてくれるんですか？ありがとうございます！シティーホールに行くとヘルパー教本があるので、それを取ってきてもらえませんか？簡単でしょう？
PROPQUEST_INC_000887,"You know, people nowadays are only worried about themselves. Typical…",そうですか、わかりました。他の人に頼むので大丈夫です。
PROPQUEST_INC_000888,"Hmmm yes! These are the ones! So this must be the range of possible questions, huh?",確かにこの教本2枚です！今年はここから試験問題が出題されるそうなんです。え？ヘルパー試験にも試験範囲があるのかって？
PROPQUEST_INC_000889,"Yes, it all makes sense now! This is the information I needed. This will really help me put Herth in her place!",試験なので、ちゃんと試験範囲はきまっていますよ～。この教本を集中して勉強すれば、今年こそハースに勝てるかもしれないわ！ありがとう！
PROPQUEST_INC_000890,"Thank you very much, my friend! Please see me anytime if you need my help.",何かわたしが手伝えることがあったら、いつでも来てくださいね。うふふ。
PROPQUEST_INC_000891,"Do you have the Helper Text Books I need? Please hurry, the test is very soon. I'm so nervous!",わざわざ持って来てくれてありがとう。でも、欲しい教本はこれじゃないの。申し訳ないけど、もう一度取りに行ってくれますか？
PROPQUEST_INC_000892,The Helper Text Books can be found in the flower bed behind Public Office of Flarine.,＜シティーホール＞の近くに＜ヘルパー教本＞があるらしい。それを取ってきて渡してあげよう。
PROPQUEST_INC_000894,Find the Portrait of Radion,ラディオンの肖像画を探せ！
PROPQUEST_INC_000895,Hey! You there! I don't know what to do. My drawing... My best drawing has disappeared!,おーい、おーい！わしの大事な絵が、大切なコレクションが、今朝になって忽然と消えてしまったんだ！なんということだ！一体どこに行ってしまったんだ！？
PROPQUEST_INC_000896,My hobby is collecting rare and expensive artwork. This morning I redecorating my house and I realized my most prized drawing was gone!,あの絵は大変な名作と言われている絵だったのに…！わしはフラリス一の富豪で知られているが、美術品の蒐集家としても知られている。しかし今朝、とても高い値段で購入した名作が大切なコレクションケースから跡形もなく消えていたのだよ！
PROPQUEST_INC_000897,"It is the portrait of the wise man, Radion. There are a number of suspects and I have no idea where to begin. What should I do?",どんな絵だったかって？君も聞いたことがあるだろう、＜大賢者＞ラディオンの肖像画だよ。わしのコレクションを羨む人はとても多いし、疑わしい奴は居るんだが、あまりに多すぎてさっぱり見当もつかん。
PROPQUEST_INC_000898,Wait a minute… I have an idea. Will you do me a favor?,あの貴重な肖像画はどこに行ったのやら…。あ、キミ！ちょっと待ってくれたまえ。ここを通ったのも何かの縁。わしの肖像画を探してきてはくれんかね？
PROPQUEST_INC_000899,You will?! Thank you! I need you to speak with Helgar in Saint City. He is a connoisseur of rare and precious items. Perhaps he knows something.,そうか、感謝するぞ。ではセイントモーニングで鑑定士として働いているヘルガースに会いに行ってくれ。彼ならきっと良い方法を教えてくれるはずだ。
PROPQUEST_INC_000900,"No, please! You must help me! I don't know what else to do!",なんだって？人のことには興味がないだと？そんなこと言わずに頼む！どうか探してきてくれ。
PROPQUEST_INC_000901,What? The portrait disappeared? Hmm... I knew this was going to happen.,はい？何のご用かな？ふむ、肖像画が消えてしまったって？ハハッ、あいつなら、いつかそんな目にあうだろうと思っていたが、よりによってその絵だとはなあ！ワッハハハ！
PROPQUEST_INC_000902,"Rudvihil has a taste for rare and expensive things. He's also very greedy, and lacks values.",ルードヴィヒはフラリス一の富豪だが、珍しいモノや価値のあるものなら手段を問わず、どんなことをしてでも自分の手に入れてしまう卑怯な奴なのさ。そんな性格だから、やつを快く思わない人はかなり多いと思うぜ。
PROPQUEST_INC_000903,"If he truly has lost it, I'll do what I can to help.",むしろ肖像画がなくなって良かったんじゃないか？ワハハハ。あいつは一度、ひどい目にあったほうが懲りるだろう。
PROPQUEST_INC_000904,Do you have something that needs my appraisal? Let me see.,おや！何か珍しいコレクションを持っているのかい？だったら鑑定をしてみたほうがいいな。ほら、見せてみな。
PROPQUEST_INC_000905,"Visit Helgar, the connoisseur of rare and expensive items in the Saint City Square.",セイントモーニングで鑑定士として働いている＜ヘルガース＞に会いに行き、情報を聞きにいこう。
PROPQUEST_INC_000907,Evidence of the Portrait 1,消えた肖像画の手がかり（前編）
PROPQUEST_INC_000908,I don't even like speaking of Rudvihil. He is disrespectful and his actions go against everything I stand for. You need to visit the High-Dwarpets in Flaris.,ルードウィヒが消えたと騒いでいる例の肖像画だが、あの肖像画は消えてしまうような物じゃない。そこで、探す方法を教えてあげよう。君、ハイドワーフを知ってるか？
PROPQUEST_INC_000909,"Oh, you've heard of them, then? Well, they may be able to help us. I've heard they have strange powers that may help us find the missing portrait.",そのハイドワーフには君も1回ぐらい会ったことがあるかもしれないな。あの肖像画が消えてしまったということを聞いていろいろ調べてみたんだが、その絵を見つける方法がわかったんだ。
PROPQUEST_INC_000910,Those High-Dwarpets collect ancient books and other rare treasures. How is it they can collect these things more easily than others?,ハイドワーフたちは古代の伝承を記した貴重な書物や、希少な宝物をたくさん集めている。しかし何故、彼らはこういった希少な物を簡単に集めることができるかわかるかい？
PROPQUEST_INC_000911,The answer? They are clairvoyant. This allows them to see and hear things that you and I cannot comprehend. I am certain they would be able to help.,彼らは千里眼です。 彼らはあなたや私が理解できないことを見たり聞いたりすることができます。 私は彼らが助けることができると確信しているんだけどな。
PROPQUEST_INC_000912,Will you meet with them?,肖像画を探すならば、一度彼らに会ってみたらどうだ？何かヒントをくれるかもしれないぞ。
PROPQUEST_INC_000913,"Excellent. You know where they live, right? They live in the middle of the Leren Mountains in Flaris.",彼らのいる場所はもう知ってるだろう？忘れてしまったなら、もう一度教えてあげよう。フラリスのレルエン山脈中部に、彼らの生息地がある。そこに行けば、彼らに会えるだろう。
PROPQUEST_INC_000914,"If you don't wish to help recover what is arguably one of the most valuable pieces of art in Madrigal, then that is your business. It's a shame.",まあ、ルードヴィヒの依頼を受けないならそれでもいいと思うぜ。あの肖像画が消えてしまったのは大変残念なことだが、あの強欲なルードヴィヒの悔しがる顔も見ものだろうしな。ハハッ。
PROPQUEST_INC_000915,"A missing portrait you say? Of Radion? Yes, I have heard of it. I will do what I can to help. Please allow me to focus my thoughts for a moment. Hmmmm….",そうか。他の絵ならまだしも＜大賢者＞ラディオン様の肖像画となら、探すのに協力しよう。精神を集中するから、ちょっと待っててくれ。　ん…。おや、何か見えてきたぞ…。
PROPQUEST_INC_000916,"I think I've found it. Yes, this has to be the one. Here, let me draw you a picture…",よし、わかったぞ！ちょっと待ってくれ、書き留めておくから。ほら、これだ。
PROPQUEST_INC_000917,I drew the face of the thieves who stole the portrait. This is all I can do for you.,このメモに描いた絵が、肖像画を持ち出した奴らの姿だよ。もっと詳しいことを教えてあげたいけど、オレの能力ではこれが限界だ。
PROPQUEST_INC_000918,Now please go away. I can only stand humans for so long…,ん？何だ？オレたちは人間が大嫌いなんだよ。用が済んだならさっさと帰りな。
PROPQUEST_INC_000919,The High-Dwarpets live in the middle of the Leren Mountains in Flaris. Please go there and meet with them.,フラリスのレルエン山脈中部に＜ハイドワーフの生息地＞がある。そこに行って、彼らから情報を聞こう。
PROPQUEST_INC_000921,Evidence of the Portrait 2,消えた肖像画の手がかり（後編）
PROPQUEST_INC_000922,"We're going to need more information if we are to find the missing portrait. Wait, maybe Ancimys can help.",なるほどな。でも残念だけど、それだけじゃ俺にも何もわからない。そうだ！あいつなら知っているかも。
PROPQUEST_INC_000923,Powerful black magicians once existed in Madrigal. They used black magic which is slightly different than what our modern day Magicians use.,今は伝説上の話だが、昔、＜ブラックマジシャン＞と呼ばれる存在がいたという。＜ブラックマジシャン＞は黒魔術といわれる異端の魔法を操る危険な魔術師だったらしい。もちろんそんな魔法は、今では存在していないけどな。
PROPQUEST_INC_000924,"One of them made a box possessing great magical power… Ancimys. Some say that very same magician locked himself inside the box, hahaha!",＜ブラックマジシャン＞がある時、不思議な魔法を秘めた箱を1つ作ったんだ。その箱の名前は＜アンシミス＞という名前で、フラリス大陸のどこかにいるらしい。
PROPQUEST_INC_000925,He may be able to use Psychmetria... What? You don't know what Psychmetria is?,その箱なら、禁断とされる＜ブラックマジシャン＞の魔法＜サイキトメリア＞を使うことができるだろうよ。＜サイキトメリア＞が何かと？ふむ。じゃ、無知な君に説明しよう。
PROPQUEST_INC_000926,Psychmetria is a powerful black magic spell that can pinpoint the location of an object. You must go and find Ancimys.,＜サイキトメリア＞は、見たいものや知りたいものがどこにあるかを知ることができる魔法だ。千里眼、とでも言おうか。
PROPQUEST_INC_000927,The Ancimys you need to speak with is just south of here.,おそらく、その特殊な能力を持っている箱は、他の箱とはしゃべり方が違うと思うぜ。よく探してみてくれ。
PROPQUEST_INC_000928,What do I care if you don't do it? It's no skin off my back…,おそらく、その特殊な能力を持っている箱は、他の箱とはしゃべり方が違うと思うぜ。よく探してみてくれ。
PROPQUEST_INC_000929,"A missing portrait? Well, isn't that exciting! I was so bored I thought I was going to fall asleep! Tell me more about this portrait.",なになに～？肖像画が消えたって～ぇ？クッククク～。面白い事件だね～ぇ？その肖像画を見つけるのを手伝ってくれないかって～ぇ？　ふふ～ん。ちょっと待って～ぇ。
PROPQUEST_INC_000930,"Alright, give me a moment… Mmmmmm, yes. I've got it! I see a camp… and large creatures with hammers and blades for hands.",フムフムフム。クッククク～。わかった、わかったよ～ぉ。じゃ、何か書くものを用意して～ぇ。そしてボクの言うことをちゃ～んと書きとめたほうがいいよ～ぉ。準備はできた～ぁ？
PROPQUEST_INC_000931,"Ah ha! It's the Red Bang Troupe camp northeast of the Mars Mine. One of those big beasts has it! It's difficult to get to, but I'm sure you'll manage!",フラリスダンジョンの北東にキャンプ地があるはずだよ～ぉ。これがこう～。そうそう、そんな感じ～ぃ。全部書き取った～ぁ？そこに行けば探してるものがあると思うよ～ぉ？クッククク～。あ～楽しかったぁ。またね～ぇ。
PROPQUEST_INC_000932,Are you going to play with me? Really? Good! What will we do? Hide and Seek? YAY!,面白い話はないの～ぉ？ここに動かないでいると暇なんだ～ぁ。何かボクに面白い話を聞かせてよ～ぉ。
PROPQUEST_INC_000933,Find Ancimys south of the High-Dwarpet camp and ask him to find the portrait for you.,＜アンシミス＞という箱を探そう。特殊な能力を持っているその箱は、どうやら他の箱とはしゃべり方が違うらしい。
PROPQUEST_INC_000935,Get the Portrait Back,肖像画を取り戻せ！
PROPQUEST_INC_000936,"Be careful, I hear those Red Bang Troupe members pack quite a punch. I never liked them anyway. They don't tell good jokes.",ええ～っ！これだけヒントを持っててまだ解決できないの～ぉ？君って本当に頭が悪いんだね～ぇ。クッククク～。
PROPQUEST_INC_000937,"I grow tired of those who are all work and no play. Kind of like you. Do you ever just have fun? Or is everything always work, work, work?",その2つのヒントを読んで、よ～く考えてみるといいよ～ぉ。簡単に言えば、その場所に行けばそいつらがいるんじゃな～ぃ？
PROPQUEST_INC_000938,"Ugh… well unless you have something funny to say, I think our business is concluded. I need to rest now. Black Magic takes a lot out of me.",こんなところでもたもたしてると時間の無駄だよ～ぉ。とりあえず心当たりの場所を探してみれば～ぁ？
PROPQUEST_INC_000939,What do you mean? I'm not in a bad mood. I'm like this to everyone. Unless you can make me laugh!,もう教えることはないよ～ぉ。　あとは自分で考えて～ぇ。
PROPQUEST_INC_000940,Is that my portrait?! Give it here!,おお！まさしくこれは消えた肖像画に間違いない！取り戻してくれたんだね、ありがとう。　おお、良かった良かった！！
PROPQUEST_INC_000941,"Wait, what? What reward? I never said anything about a reward. Begone, pest!",何だ？報酬はないのかと？ いつ私がそんなことを言ったかね？君の善意で取り戻してくれたんだろう？まったく欲張りなやつだ。
PROPQUEST_INC_000942,"Let this be a lesson to you. Before helping someone, make sure you find out upfront whether or not there is a reward being offered. Hahaha!",君にはもう用事はない。　もう帰ってくれたまえ。
PROPQUEST_INC_000943,You haven't found it yet? Well keep looking!,わしの肖像画は、まだ見つからないのか？必ず見つけだしてくれ。頼んだぞ。
PROPQUEST_INC_000944,Travel to the Red Bang Troup camp northeast of the Mars Mine and recover the Portrait of Radion. Return it to Rudvihil once you find it.,2つのヒントを読んで、よ～く考えてみよう。その場所に行けば何かわかるはず。
PROPQUEST_INC_000946,Bone of Wagsaac,ワッグサックの骨
PROPQUEST_INC_000947,"Psssst! Hey... You there! Over here! Sorry for whispering, but this is a secret from the Lab of Madrigal.",あのぅ、ちょっとすみません。大きな声では言えない話なので、ひそひそ話になってしまいますがよろしいですか？実は私が所属している＜マドリガル王立研究室＞では、とある秘密のプロジェクトを進めています。
PROPQUEST_INC_000948,"In the Lab of Madrigal, a secret project is underway. This is actually a disguise I'm wearing, hahaha! This secret project has to do with cloning monsters!",このプロジェクトはあらゆるプロジェクトの中でも非常に重要なのですが、それが何かといいますと…ちょっと他の人に聞こえないように耳を貸してください。…実は、モンスターを複製する研究なのです。
PROPQUEST_INC_000949,"Why are we cloning them? Because we can, obviously! What kind of question is that? Muahahaha! Okay, listen. I need something for our cloning study.",びっくりするのも無理はありません。モンスターを複製してどうするのかと？それは当然秘密です、ハハッ。ごく一部の人間しか知ることができません。しかし研究に必要な材料があるのですが、それがなかなか簡単に手に入らない物なのです。
PROPQUEST_INC_000950,You think you might be able to help me out?,そこで、あなたにお願いしたいのですが。この研究材料を探して、わたしのところに持ってきてくれませんか？
PROPQUEST_INC_000951,"Perrrrfect! In the interest of furthering our studies on Wagsaac DNA, I need some of their bones. Bring me 10 Wagsaac Bones.",私たちは最初の目標としてワッグサックを複製しようとしているのですが、そのためには＜ワッグサックの骨の欠片＞が必要なのです。　＜ワッグサックの骨の欠片＞を10個、集めてきていただけませんか？
PROPQUEST_INC_000952,"You don't want to do it, eh? Fine, I'll find someone else.",むむ、何かいぶかしそうな目つきですね。まあ、嫌であれば引き受けてくれなくても構いません、他の人にお願いするので。
PROPQUEST_INC_000953,"Hmmm *Sniff* *Sniff*... Yep! This is prime grade-A Wagsaac Bone right here. Good job, sport!",おお！これは確かに＜ワッグサックの骨の欠片＞ですね。ありがとうございます。また今度、あなたに頼むことがあるかもしれませんのでよろしくお願いします。本当に助かりました。
PROPQUEST_INC_000954,We've got all the time in the world. Take your time. We're busy developing a mix between a Mushpang and an Aibatt. We're calling them Mushbatts!,そんなに急がなくても大丈夫ですよ。個数だけ正確であれば、問題はありません。よろしくお願いしますね。
PROPQUEST_INC_000955,Gather 10 Wagsaac Bones from Wagsaacs south of the Saint Tree in Saint City.,極秘プロジェクトの研究に必要な、＜ワッグサックの骨の欠片＞を10個集めてこよう。
PROPQUEST_INC_000957,Gene of Wagsaac,ワッグサックの遺伝子
PROPQUEST_INC_000958,"What, you thought that was it? Oh no, I have plenty more for you to do, champ!",アハハ、またお会いできましたね！お久しぶりです。このまえは骨の欠片を集めてもらったおかげで、とても助かりました。ありがとう。
PROPQUEST_INC_000959,We require more data to complete our research. Feel like helping out again?,ところが骨の欠片のほかにもう1種類、材料が必要なんです。そこでもう一度、材料集めをお願いしてもよいですか？
PROPQUEST_INC_000960,Great! We need 10 Gene Pieces from Wagsaacs this time. We're close to cloning out first Wagsaac! Get going!,ありがとう。あなたは本当に頼りになりますね。今度は＜ワッグサックの遺伝子＞が10個必要です。どうかよろしくお願いします。
PROPQUEST_INC_000961,"Don't want to do it, eh? You kill hundreds of small animals and you're going to preach to me about ethics?",とても疑わしい目をしていますね。この前はお手伝いをしてくれたじゃないですか、そんな目をされるのは心外です。まあ、嫌なら無理強いはしませんよ。
PROPQUEST_INC_000962,Ohhh yeah! This is good stuff! Thanks again!,おお、どうもありがとう！また何かあれば頼むので、よろしく！
PROPQUEST_INC_000963,"Take your time, friend. We're busy making Jack in the Giggle Boxes out of Jack the Hammers and Giggle Boxes!",急がなくても問題はありません。個数だけきっちり揃っていれば。よろしくお願いします。
PROPQUEST_INC_000964,Gather 10 pieces of Wagsaac DNA for Heitung in Saint City.,極秘プロジェクトの研究に必要な、＜ワッグサックの遺伝子＞を10個集めてこよう。
PROPQUEST_INC_000966,Origin of Bone Bowl,呪われたボーンボール
PROPQUEST_INC_000967,"*Gnarllll!* Hey! You there! You don't know me, right? My reputation usually precedes me. I am the strange collector!",ほう。君は初めて会う顔だな。わたしは誰かって？ハハッ。君は依頼所で私の名前を耳にしたことがあるだろう。ん？心あたりがないか？
PROPQUEST_INC_000968,"I wanted to ask you something. Have you ever heard of the Bone Bowl? No, not just some random Bone Bowl. THE Bone Bowl!",依頼所には何回か依頼を頼んでいるからな。そう、＜謎のコレクター＞というのは私のことだ、ハッハハハ。実は君に1つ頼みたいことがある。君、＜ボーンボール＞の話は聞いたことがあるだろう？
PROPQUEST_INC_000969,I'm talking about the original cursed Bone Bowl.,私が欲しいのは恐ろしい呪いがかかっていると言われる本物の＜ボーンボール＞さ。
PROPQUEST_INC_000970,I am looking to acquire it. Will you help me?,興味をもってくれたようで嬉しいよ。私は好奇心旺盛な冒険者が大好きだ。さて、ここからリシスの庭に向かうと、ボーンボール商人の＜ボウラー＞がいる。まず、彼をたずねてみてくれないか？
PROPQUEST_INC_000971,*Grawrrrll* Great! Head to the Garden of Rhisis and find (Bowl Merchant) Bowler! *SNARF!*,興味をもってくれたようで嬉しいよ。私は好奇心旺盛な冒険者が大好きだ。さて、ここからリシスの庭に向かうと、ボーンボール商人の＜ボウラー＞がいる。まず、彼をたずねてみてくれないか？
PROPQUEST_INC_000972,Oh come on! I can pay you as much as you want! *GNARL*,もちろん依頼を受けてくれるのなら、報酬ははずませてもらうよ。
PROPQUEST_INC_000973,"Hmmm… so the strange collector wants the Bone Bowl, huh?",いかにも。俺がボーンボール専門商人の＜ボウラー＞さ。何だって？＜謎のコレクター＞から頼まれてやってきたのか。ふむ、呪われた＜ボーンボール＞が欲しいとな。
PROPQUEST_INC_000974,Hahaha! I knew this day would come.,クッククク！そんなことを聞くなんてな。なかなか面白いやつだ。
PROPQUEST_INC_000975,Hello there! Are you looking for something special?,おや、わざわざこんな遠いところまでやってきたのか。何か特別な品でも欲しいのかい？
PROPQUEST_INC_000976,"Locate Bowler, the Bowl Merchant in the Garden of Rhisis.",リシスの庭に向かうと、ボーンボール商人の＜ボウラー＞がいるらしい。まずは彼を探してみよう。
PROPQUEST_INC_000978,The 1st Bone Bowl,呪われたボーンボールの伝説
PROPQUEST_INC_000979,"The Bone Bowl was created by a black magician a long long time ago. In a town, a woman lived with her little pet, who was named Baby.",＜ボーンボール＞は大昔＜ブラックマジシャン＞と呼ばれた魔術師によって作られたらしい。英雄戦争前、モンスターと人間が一緒に暮らしている村があったそうだ。その頃はモンスターと人間は敵対関係ではなく、うまく共存していたといわれている。
PROPQUEST_INC_000980,"The pet went crazy and began attacking townsfolk. As a result, both of them were kicked out of the town.",ある時、モンスターと村の女性の間に子供ができたが、その子どもを恐れて忌み嫌った村人たちは、モンスターと女性と子どもを村から追放してしまった。それから月日が流れてモンスターは死に、頼るところがなくなった女性は子供を連れて再び村に戻って来た。
PROPQUEST_INC_000981,"The woman came back to the town, but the people in town killed her pet! Then the black magician made a bowl out of the skull of her pet and cursed it!",ところが、村人たちは忌むべき存在が戻ってきたことを恐れ、その女性と子どもを惨殺し、斬りおとした子どもの頭を見せしめとして村の広場に晒したんだそうだ。この事件がきっかけでモンスターと人間は敵対関係になったと伝えられている。
PROPQUEST_INC_000982,"The town disappeared because of the curse, and so did the bowl…but there are some that say…Well, I've already said too much.",ある日、惨殺された母子の話を聞いた＜ブラックマジシャン＞が村を訪れ、殺された子供の頭蓋骨を使って呪術用の器を作り、呪いをかけたところ、その村は跡形もなく滅びてしまったと伝えられている。これが＜ボーンボール＞の由来さ。なかなかいわくつきだろう？フフフ。
PROPQUEST_INC_000983,"So you want the real Bone Bowl, right? Well, you'll have to do something for me first. Nothing in this world is free, right? Hahaha!",ふむ、本物の＜ボーンボール＞がほしいのか？ふむ。じゃ、俺が注文する材料を集めてきてくれ。話はそれからだ。
PROPQUEST_INC_000984,"Good! Bring me 10 Black Tombmarbles from Tombstone Bearers, 5 Black Spell Books and 5 Black Heroka Grass from somewhere in the Garden of Rhisis.",集めてきてくれるかい？じゃ、トムストンベアラーから黒い大理石の欠片を10個、リシスの庭の何処かにある黒い呪文書を5個、黒いヘルカーフルを5個、集めてきてくれ。頼んだぜ。
PROPQUEST_INC_000985,"Hey, it's up to you. Too bad though, I could have used those items to help you with your problem…",そうか、残念だな。あの奇妙なコレクターが首を長くして待っていると思うがね。まあ、また誰かがたずねてくるだろうよ。
PROPQUEST_INC_000986,Great job! This stuff will come in real handy!,よし、全部集めてきてくれたみたいだな。個数もピッタリだ。じゃ、これでコレクターから頼まれたものを作ってみよう。ちょっと待っててくれ。
PROPQUEST_INC_000987,You did not bring me everything I asked. Please bring me the items I requested.,おや？　材料がまだ足りていないようだぞ。
PROPQUEST_INC_000988,"Bring 10 Black Tombmarbles from Tombstone Bearers, 5 Black Spell Books and 5 black Heroka grass to Bowler the Bowl Merchant in Rhisis.",トムストンベアラーから黒い大理石の欠片を10個、リシスの庭の何処かにある黒い呪文書を5個、黒いヘルカーフルを5個、集めて＜ボウラー＞に渡そう。
PROPQUEST_INC_000990,Facts of Bone Bowl,蘇ったボーンボール
PROPQUEST_INC_000991,"To be honest, it disappeared a long time ago. It corroded because it was made of bone.",実は本物のボーンボールはもうないんだよ。呪いがかけられているっていっても、やはり骨は骨だしね。それに大昔のことだから、骨もろとも、とっくに崩れてしまったはずさ。
PROPQUEST_INC_000992,That is why I asked you to bring me these materials. These are the materials that the black magician used to place the curse on the Bone Bowl in the first place.,だからこの3つの材料を集めてくるように指示したのさ。これらはブラックマジシャンがボーンボールに呪いをかける時に使った材料だといわれているんだ。材料さえあれば、ボーンボールは作れる。
PROPQUEST_INC_000993,I do not have the power to curse it as strongly as the black magician did. I can certainly curse it as much as any collector could!,もちろん俺は大昔のブラックマジシャンほど魔力を持ってないから、当時のボーンボールほどの強力な呪いはかけられない。でも、あのコレクターが感じられる程度の呪いなら、俺にもかけることができるさ。ハハハ。
PROPQUEST_INC_000994,"Now, please bring this Bone Bowl to the Strange Collector.",じゃ、このボーンボールを、その謎のコレクターに渡してくれよな。気をつけて持って帰ってくれ。
PROPQUEST_INC_000995,The Strange Collector will be very happy. Just don't tell him I had to make another one. Hahaha!,よかったな、きっとあの奇妙なコレクターも大喜びのはずさ。ハハハ。
PROPQUEST_INC_000996,There's nothing to be afraid of! The curse isn't contagious! Muahaha!,呪いが怖いって？ハハッ、心配しなくてもいいぜ。それは呪いを封じ込めてくれる特別な布に包んでおいたから、全く問題ないさ。
PROPQUEST_INC_000997,You got it?! Amazing! Look at the craftsmanship! And it's do well preserved! It's as if it was made today!,あっ！それはまさしく、本物のボーンボール！やっと見つけてきてくれたんだね。おお、なんとも言えないほど綺麗な器だ。美しい！
PROPQUEST_INC_000998,"Great job, my friend. This bowl is amazing!",どうもありがとう！ご苦労だったね。これはお礼だ、受け取ってくれ。
PROPQUEST_INC_000999,"You don't have it yet? Well, what are you waiting for? Go!",頼んだものはまだ手に入らないか？欲しくて欲しくて、毎日ボーンボールの夢ばかり見ているよ。早く、いい知らせをもってきてくれ。
PROPQUEST_INC_001000,Take the Bone Bowl to the Strange Collector in Northern Saint City.,受け取ったボーンボールを、依頼主である＜謎のコレクター＞へ渡しにいこう。
PROPQUEST_INC_001002,Tears of Mother,母の涙
PROPQUEST_INC_001003,Please help me! My daughter has been missing for so long!,あの、冒険者の方、お願いがございます！どうか、私の娘…娘を捜してください！ううっ。
PROPQUEST_INC_001004,"My daughter disappeared a few years ago. I have reported her missing to the Public Office and tried to find her myself, but to no avail.",私の娘は数年前に突然、失踪してしまったのです。もちろん、シティーホールに失踪届を申告したり、いろいろなところを捜してみたりしたのですが、娘は姿を消したまま今も戻ってきておりません。
PROPQUEST_INC_001005,"I have done everything I can do so far, but I'm at my wits end. I'm even asking Vagrants for help now!",娘を探すため、できることは全て尽くしましたが見つからないのです。わらにもすがる思いで、冒険者の方々にお願いをしています。
PROPQUEST_INC_001006,"Please, will you help me find my daughter?",どうか、どうか私の娘を捜してください。お願いします！涙が…お見苦しいところをお見せしてしまってすみません。
PROPQUEST_INC_001007,"Thank you. I think you can obtain some information from Porgo, who lives in nearby Saint Hall. He will definitely know something.",娘を捜してくださるのですか！ありがとうございます！ではセイントホールの近くに＜ポルゴ＞という人がいます。その人が何かを知っているはずなので、たずねてみてください。
PROPQUEST_INC_001008,*Faints*,そうですか、残念です。いつも娘を思わない日はございません。あなたに母の気持ちがわかりますか？ううっ。
PROPQUEST_INC_001009,"Hmm... JeongHwa has not given up on finding her daughter yet. What a pity, but her daughter is not the only child who has disappeared recently.",ジョハさんの頼みでやってきたのかい？かわいそうなジョハさん、まだ娘さんを忘れられないのだろう。実をいうと、その当時失踪した子どもはジョハさんの娘さんだけではないんだ。
PROPQUEST_INC_001010,"Lots of the girls from Saint City disappeared. I formed a citizen investigation team, but we failed to discover any clues.",奇妙なことにジョハさんの娘だけでなく、セイントモーニングに住む小さな女の子が多数失踪したんだ。その事件以降、セイントモーニングの住民が団体を作って事件を調査していたが、事件解決の糸口は、何も見つけられなかった。
PROPQUEST_INC_001011,"Now I am the only one left from the team, but I am still investigating the case because we'd like to bring those kids home.",あれから何年も経って、今もこの事件を調査しているのは、俺1人だけさ。しかし、俺はまだ調査を続けるつもりだ。なにしろこの事件には疑わしい点が多すぎるんだ。
PROPQUEST_INC_001012,"I am the leader of the investigation team that was investigating the missing children. But now, I am the only one left...",俺は数年前にセイントモーニングで起きた女児失踪事件を調査している＜セイント連続女児失踪事件・特別市民調査団体＞の会長だ。まぁ、今は1人だけの団体だがね。
PROPQUEST_INC_001013,"Go to Saint Hall in Saint City, and meet with Porgo.",セイントホールの近くに事件をよく知る＜ポルゴ＞という人物がいるらしい。まずは彼に会って、情報を聞いてみよう。
PROPQUEST_INC_001015,Kids Disappeared?,消えた子どもたち
PROPQUEST_INC_001016,"The case of the missing children? Hmm... Well a few years ago, a group of young, six year old girls suddenly disappeared from Saint City.",失踪事件について詳しく聞かせてくれって？オーケー、これから話してあげよう。そう、今から数年前。セイントモーニングに住む満6歳以下の小さな女の子たちが突然理由もなく、大勢失踪してしまう事件が発生したんだ。
PROPQUEST_INC_001017,"Everyone attempted to find the kids, but they all failed.",当時はシティーホールを始めいろんな機関で調査を行っていたんだが、全く成果がなく、事件は迷宮入りとして処理されてしまった。
PROPQUEST_INC_001018,"I never gave up and I kept trying to solve the case. I had discovered many things, and reported them to the Public Office.",しかし、俺には何か気になる部分があった。独自で調査を続け、たくさんの情報を集めることができたんだが、その事実をまとめて、シティーホールへ報告書を提出したのさ。
PROPQUEST_INC_001019,"However, they rejected my findings due to the lack of evidence. So as I was gathering evidence, I suddenly came up with an idea when I saw those strange Masquerpets; Mia.",しかし、その書類は証拠不十分という理由であっさり棄却されてしまった。理由はわからない。それで再び証拠を集めようと、ミーアというモンスターについて調べていたところ、あることに気がついた。
PROPQUEST_INC_001020,"Anyway, will you help me?",どうだい？この話を聞いて、私に協力してくれる気になったかい？
PROPQUEST_INC_001021,Great! Slay 20 Small Mias and tell me what you make of them.,ありがとう、協力してくれるんだね。じゃあ、スモール・ミーア20匹と戦って、彼らの特徴を観察し、私に報告してくれ。
PROPQUEST_INC_001022,That's a shame. I guess there's no hope for those girls…,そうか。そうそう簡単な事件ではないからな。残念だが、仕方ない。別の人にでも頼むさ。
PROPQUEST_INC_001023,"Uh huh, yes. I see. Okay, thank you for bringing me this information, friend.",証拠を集めてきてくれたかい？これなら十分な決め手となるだろう。ありがとう、感謝するよ。
PROPQUEST_INC_001024,"I need more information, friend. Please slay 20 Small Mias and report back to me.",少なくとも20匹以上倒さないと、彼らの特徴をはっきり把握するのはできないだろう。決め手となるようなしっかりした情報が必要なんだ。
PROPQUEST_INC_001025,"Slay 20 Small Mias and return to Porgo, in Saint City.",＜スモール・ミーア＞20匹と戦って、彼らの特徴を観察し、ポルゴに報告しよう。
PROPQUEST_INC_001027,Facts of Mia,隠された秘密
PROPQUEST_INC_001028,Argh! Curse that darn mayor! He won't even listen to me!,なんてことだ！チクショウ！！ あのバカな市長め！！ せっかく私が集めた情報を読みもせずに！
PROPQUEST_INC_001029,"What's the matter, you ask? I brought him the evidence you obtained for me. I was told it was too long ago and that nobody cares about the case anymore.",聞いてくれ、まったくふざけた話だ！さっき、長い間俺が調査してまとめた資料を市長のもとへ持って行ったのさ。すると、その事件はすでに捜査を終了しているので、おひきとりください、だとよ！
PROPQUEST_INC_001030,"How could he be so heartless? These are children we are talking about, here! I need to find a way to get him to look at this evidence.",チクショウ！この資料をどうやったら、市長に読ませることができるんだろうか・・・。そうだ！
PROPQUEST_INC_001031,Would you mind helping me once more?,もう一度だけ俺に協力してくれないか？
PROPQUEST_INC_001032,"If you bring him the evidence instead of me, maybe he will take a look at it. I've bugged him enough about this over the years, but maybe a fresh face will do the trick!",よし、俺の代わりにこの資料を持って、市長に会いに行ってくれ。市長は街の視察で席を外していることが多いから、もし居なかったらしばらくそこで待つのがいいだろう。
PROPQUEST_INC_001033,"But… please, think of the children.",そうか、用がないならどっかに行ってくれ。
PROPQUEST_INC_001034,"Oh for Madrigal's sake! Porgo never gives up! Okay, please bring this to him and tell him never to bring this case up to me again!",ポルゴって人はしつこいですね。仕方ない…では、これをポルゴに渡してください。渡すときに、もうこれ以上この件で私を訪ねてこないように、とお伝えください。では、わたしは忙しいので。
PROPQUEST_INC_001035,I tour the city everyday in order to listen the opinions of the citizens. Have a wonderful adventure in our fair city!,わたしは市長になってからも、いつも市民の身近な声を聞こうと、一日3回は町を視察しているのですよ。
PROPQUEST_INC_001036,Speak with the Mayor of Saint City and give him the evidence from the Mias.,受け取った資料を持って、市長に会いに行こう。市長は街の視察で席を外していることが多いらしいので、居なかったらしばらく待ってみよう。
PROPQUEST_INC_001038,Doll of Mia,形見の人形を探して
PROPQUEST_INC_001039,What? It worked? What do you have there? Oh my… then this means… That's horrible!,ふむ！なるほど！そうだ、これだぞ。ミーアの正体は、行方不明になった女の子たちだったんだ。
PROPQUEST_INC_001040,"Thank you very much for bringing this to me, adventurer. I need to tell JeongHwa right away.",こんな事実を知っていて、隠そうとしていたとはな。あのかわいそうなジョハさんに、この事実を知らせてあげないと。
PROPQUEST_INC_001041,"Wait a minute, she's not going to believe me unless I have some proof. Where can I get some proof? Yes… That's it!",しかし、この調査書だけでは彼女も信じないだろう。もし彷徨うミーアの中にジョハさんの娘が見つかれば、そのミーアはきっと人間だった時に大事にしていた物を、今も大事に持っているはず。
PROPQUEST_INC_001042,"If her daughter is still amongst Mias, then she would still have her most prized possession. I need it in order to persuade JeongHwa. Would you bring it to me, please?",ジョハさんに事実を伝えて説得するためには、それが必要だ。すまんが、もう一度ミーアを捜して証拠を持ってきてくれないか？
PROPQUEST_INC_001043,JeongHwa had a daughter whose name was Jinyoung. Jinyoung loved her doll very much. Perhaps I can convince JeongHwa if I can find her doll amongst the Mias...,ジョハさんには、ジノという娘がいた。聞いたところでは人形が好きでいつも大事に持ち歩いていたそうだ。その人形を見ればきっと、ジョハさんもこの話を信じてくれるだろう。
PROPQUEST_INC_001044,You must not know what it is like to lose a child. JeongHwa may never know the truth about her daughter.,あなたは子供を失う悲しみを知りませんね。 ジョンファは娘の真実を知らないかもしれません。
PROPQUEST_INC_001045,"What… do you have there? My daughter's doll? My poor, sweet Jinyoung. Now I can begin to mourn. Thank you, young one. For bringing this to me.",あっ！こ、この人形は、私の娘がとても大事にしていたものです、間違いありません！ジノ！どうしてこれを？
PROPQUEST_INC_001046,Have you found my daughter yet? Please don't give up! I'd give anything to see her again.,冒険者の方、まだわたしの娘は見つからないのでしょうか？本当に、本当にジノはかわいい子なのです。きっと、一目見ればすぐにわかると思います。ううっ。
PROPQUEST_INC_001047,Speak with JeongHwa in Saint City.,ジョハさんの娘ジノは人形が好きで、いつも大事に持ち歩いていたそうだ。もう一度＜ミーア＞を探してジノの人形を見つけたら、ジョハさんに渡しにいこう。
PROPQUEST_INC_001049,Uncovered Past,明るみになる真実
PROPQUEST_INC_001050,"Yes! This is it! The report was definitely written with all the facts, but not all the facts were ever proven.",そうそう、これこれ。この調査書に書かれていることが事実なのは明らかなんだが、完全な事実ではない。
PROPQUEST_INC_001051,And the color of some of the pages in the report are slightly different. They must have been added later…,ほら、ここを見てくれ！他のページと比べて明らかに紙の色が違う部分があるだろう？ここだけ新しくページを差し替えているんだ。
PROPQUEST_INC_001052,It must be because they are trying to keep this whole thing a secret. This is a memo that proves what has been done.,きっとまだ何か隠されていることがあるんだ。あいつら、おかしなことが書いてあるページまではちゃんとチェックしなかったようだ。ほら、ここのページだ。
PROPQUEST_INC_001053,The memo instructs them to change the pages in the official report and bury the original behind Saint Hall. We're about to uncover the truth to this mystery!,＜（注）ここのページを差し替えること。調査書の原本はセイントホールの近くに埋めること＞って書いてあるだろう？バカなやつらだ。隠したって真実はいつか明らかになるものなのに。
PROPQUEST_INC_001054,You think you can give me a hand with this? We're close to finding the truth!,読み終わったかい？では、また私に協力してくれないか？これは、おそらくかなり大きい事件だぞ。
PROPQUEST_INC_001055,"Thank you! If this is true, the original report was buried somewhere near Saint Hall. Please bring it to me. Hurry!",ここに書かれた内容が確かなら、セイントホール近くのどこかに本物の調査書が埋めてあるはずだ。それを見つけて、持ってきてくれ。
PROPQUEST_INC_001056,"I know you don't want to get involved, but please. Think of the children.",まあ、嫌ならしかたないな。子供たちのことも考えてほしい...。
PROPQUEST_INC_001057,You found it! I will do my best to uncover the truth and bring those responsible for hiding this to justice!,そうそう、この書類だよ。やっぱり書かれた場所に埋められていたのか。おかげで重要な書類も見つかったことだし、失踪事件の真相の解明に力を注ぐさ。協力してくれてありがとう、感謝するよ！
PROPQUEST_INC_001058,You didn't find it? It has to be there. Check again!,そうだな。あんなに重要な証拠は見つかりやすいところには埋めてないはずだ。くまなく見回してみて、おかしなところを探してみてくれ。
PROPQUEST_INC_001059,Find the Disappearance Investigation report buried somewhere near Saint Hall and bring it to Porgo.,セイントホール近くのどこかに本物の調査書が埋めてあるという。セイントホール周辺を探して調査書を探し、ポルゴに渡そう。
PROPQUEST_INC_001061,Revenge of Red Bang Troupe,奪われた家宝を取り戻せ！
PROPQUEST_INC_001062,That Red Bang Troupe is making me absolutely nuts!,ああ、本当にあいつらときたら全く頭にくる！聞いてくれ、本当にひどい話なんだよ。そうさ、あの赤いヴァン盗賊団のやつらさ！
PROPQUEST_INC_001063,"They invaded our home and stole our family treasure, leaving only a note yesterday. I was absolutely horrified...",実は昨晩、突然やつらが押しかけてきて、うちに伝わるの先祖代々の家宝を奪っていったんだ！このまえの腹いせだと言って、家宝を奪ったうえに、うちの家具や物まで壊していったんだ。その時は、怖くて怖くて・・・
PROPQUEST_INC_001064,"I was so scared I couldn't do anything about it. They stole my family treasure, and I am powerless to do anything.",何にも抵抗できず、まんまとやつらに家宝を持っていかれてしまった。その家宝は古くからつたわる剣で、値段がつけられないほど貴重な物なんだ。
PROPQUEST_INC_001065,"If I knew this was going to happen, I would have donated it to the Public Office.",以前シティホールに、寄贈すれば市の美術品として大切に保管しましょう、という提案も断って大事にうちで保管していたのに、こんなことになるとは。寄贈品として寄贈した方が良かったのかもしれない。
PROPQUEST_INC_001066,What can I do now? Is there anything you can do to help? Please?!,すまないが、また君にお願いしていいだろうか？頼む！
PROPQUEST_INC_001067,"Are you serious!? Thank you! The leader of the thieves has my treasure. Their camp is just west of the Fountain of Dead person. Please, find it and bring it back to me!",取り戻してきてくれるのか？ありがとう！家宝の剣は、おそらくあいつらのボスが持っているはず。必ず取り戻してきてくれ、頼んだよ！
PROPQUEST_INC_001068,Oh… okay. Never mind then. I guess my problems are none of your concern.,そうか・・・今までも君には世話になりっぱなしだったもんなあ。これ以上は頼めないか、仕方ない。
PROPQUEST_INC_001069,My Entanale Sword! Thank you so much! My family treasure has been returned!,おお！これこそうちの家宝である＜エンタナル・ソード＞に間違いない！取り戻してくれて本当にありがとう。
PROPQUEST_INC_001070,"This sword was made by Entanale Boineo, my great great grandfather. It was made out of the bones of an ancient animal...",この剣は、うちのご先祖様にあたるエンタナレ・ボルネーが作った剣なんだ。マドリガルの秘境に住む、神聖な動物の骨で作られたそうなんだ。]
PROPQUEST_INC_001071,"I would like to give this to you in return. Perhaps you can keep it safe from thieves better than I can. Thank you once again, my friend.",お礼に、この剣をあげるよ。どうせオレが私が持っていてもまた盗まれるかも知れないしな、アハハ！是非、受け取ってくれ。
PROPQUEST_INC_001072,You have to find the leader of the troupe. Only he could have done this.,赤いヴァン盗賊団のボスは、なかなか手強いときくよ。十分、気をつけてくれ。
PROPQUEST_INC_001073,Defeat the Red Bang Troupe Leader west of the Fountain of Dead Person and return Luda's family treasure.,ルダの家に伝わる家宝の剣を、＜赤いヴァン盗賊団＞を倒して取り戻してこよう。
PROPQUEST_INC_001075,Identity of Red Bang Troupe,一網打尽！盗賊団をやっつけろ！
PROPQUEST_INC_001076,I will never forgive them for what they have done. I'm literally fuming with anger right now!,もう勘弁ならない！俺は断じてこいつらを許さないぞ。家宝を奪い、嫌がらせを繰り返すばかりかうちまで壊していったんだ。おかげさまで家の中はめちゃめちゃだよ。
PROPQUEST_INC_001077,"Now that their leader has been defeated, I think this is a good opportunity to hit them where it hurts and end this once and for all!",しかし君のおかげであいつらのボスをやっつけたことだし、結束力は今、弱まってるはず。そう、やつらを一網打尽にできる絶好のチャンスなのさ！
PROPQUEST_INC_001078,"I have a plan, but I will need your help again, my friend. Are you up to it?",どうか、私に力を貸してくれないか？もちろん、ただでお願いするわけじゃない、お礼はしっかりさせてもらうつもりだ。
PROPQUEST_INC_001079,"I knew you would do it! Travel back to their camp, and defeat 5 Red Bang Troupe Members, 1 Red bang Troupe Leader, and bring me 7 of their symbols.",ありがとう、正義感あふれる冒険者よ！あいつらを一網打尽にして、その証拠を持って来てくれ、お願いだ。
PROPQUEST_INC_001080,Will you not help me finally rid our town of this nuisance? Speak with me again if you have a change of heart.,そうか・・・今までも君には世話になりっぱなしだったもんなあ。これ以上は頼めないか、仕方ない。
PROPQUEST_INC_001081,Very good! Excellent work! They're probably tucking their tails between their legs now! Muahaha!,これが彼らの持っていたエンブレムか。見かけによらず結構繊細なエンブレムを持ってるんだなぁ。じゃ、これは俺からのお礼だ。どうか受け取ってくれ。ありがとう！
PROPQUEST_INC_001082,Have you defeated them all yet? Do you have any symbols? No? Then you better get going!,彼らをすべてをもう倒しましたか？ 何かシンボルはありますか？ ないなら、今からでも彼らを倒してください。
PROPQUEST_INC_001083,"Defeat 5 Red Bang Troupe Members, 1 Red Bang Troupe Leader, and retrieve 7 Symbols of the Red bang Troupe.",赤いヴァン盗賊団の野営地に向かい、連中をやっつけよう。首尾よくやっつけたら、証拠の品を持ってルダのところへ戻ろう。
PROPQUEST_INC_001085,"Troupe Leader, Lord Bang",大盗賊ロードヴァン
PROPQUEST_INC_001086,"This… this symbol… it is very intriguing. If I'm right, the real leader of the Red bang Troupe is not the one you defeated.",このエンブレムだが、何処かで見覚えがあるんだ。うーん、たしか記憶によると、赤いヴァン盗賊団の本当のボスは別のやつだったと思うんだ。
PROPQUEST_INC_001087,This symbol has been found in Darkon 2 as well. Could the real leader of the Red Bang Troupe be hiding there?,そいつが、私の知ってるそいつだったとしたら！必ずやっつけなければ。そうしないと・・・ああ！考えただけでも恐ろしい。
PROPQUEST_INC_001088,We must find out. The leader must be defeated or this will never end.,詳しいことは言えないが、そいつはかなり凶悪なやつなんだ。そいつがここへ復讐にくる前に、やっつけてくれないだろうか？どうか俺を助けてくれ。
PROPQUEST_INC_001089,"I've just received information from one of my colleagues in Darkon 2. I believe we've identified him. Will you help me once again, my friend?",そいつが復讐にくる前に、やっつけてほしいんだ！僕は君ほど腕っぷしに自信がないから、力を貸してくれるとありがたい。
PROPQUEST_INC_001090,Thank you! The information I gathered is that his name is Lord Bang. He was last seen near the Gouthan Mountains in Darkon 2.,ありがとう！そいつは＜ロードヴァン＞と呼ばれていて、ダーコン地区の山のどこかに潜んでいるという噂がある。ダーコンへ行ってみてくれないか？
PROPQUEST_INC_001091,"We are so close to putting an end to this nuisance for good! Please, help us!",あいつは本当に恐ろしいやつなんだよ。困ったものだ。
PROPQUEST_INC_001092,"You defeated Lord Bang? Thank goodness! Now we can live without fear of his retaliation. Thank you so much, my friend.",やっぱり俺の知っていたやつだったよ。でも、勇敢な君がやっつけてくれたおかげでもう安心だ。本当にありがとう！
PROPQUEST_INC_001093,You must hurry! He has to be defeated before he retaliates! Go to Darkon 2 and find him now!,なるだけ早く見つけてやっつけてくれ、時間がないんだ。もう少しで彼がここを見つけてしまう、その前に早く！
PROPQUEST_INC_001094,Travel to Darkon 2 and defeat Lord Bang. He was last seen somewhere near the Gouthan Mountains.,ロードヴァンと呼ばれる盗賊団のボスは、ダーコン地区の山のどこかに潜んでいるという噂だ。
PROPQUEST_INC_001096,Special Kids,特別な子どもたち
PROPQUEST_INC_001097,Hey! I have some new findings in the case of the missing girls!,久しぶりじゃないか、元気だったか？実はあの忌まわしい女児連続失踪事件について新しい事実を見つけたんだ。聞いてくれるかい？
PROPQUEST_INC_001098,"According to this report, there is one more thing in common with the kids who disappeared from Saint City. They were all girls.",こないだ君に探してきてもらった報告書によると、セイントモーニングで失踪した子供たちは全員女の子であること以外にもう一つ、共通点があったんだ。
PROPQUEST_INC_001099,But I cannot find out what the similarity is in this report. It's really frustrating!,ところが、その共通点が何かというのがわからなかった。いくら入念に読み直してもな。読むだけじゃなく、直接調べてみないとわからない状況なんだよ。
PROPQUEST_INC_001100,Will you help me find out what's going on here?,そこでお願いがある。また、君の力を貸してもらいたいんだ。協力してくれないか？
PROPQUEST_INC_001101,"I need you to fight with Captain Mias and Mias and look for similarities between them, or anything you might find strange about them.",君はやっぱり頼りになるな、そこらの冒険者とは全く違うよ。それじゃ、ミーアとキャプテン・ミーアを倒して、彼らから見つかった共通点を書き込んで俺のところに持ってきてくれないか？
PROPQUEST_INC_001102,"You won't? Please, help me. Speak with me again if you change your mind.",仕方ない。協力してくれる気になったら、また来てくれ。　
PROPQUEST_INC_001103,"Oh, thank you so much! You've been such a great help so far! I couldn't have made it this far without you!",おお、戻ってきたね！これだけ調べてきてくれれば、資料としては十分だよ。ありがとう！
PROPQUEST_INC_001104,Have you seen any strange similarities between them? Keep looking! I'm counting on you!,ところが、その共通点が何かというのがわからなかった。いくら入念に読み直してもな。読むだけじゃなく、直接調べてみないとわからない状況なんだよ。
PROPQUEST_INC_001105,Slay Mias and Captain Mias and return to Porgo with any information you gather.,＜ミーア＞と＜キャプテン・ミーア＞を倒し、彼らから見つかった共通点を観察し、ポルゴのところに戻ろう。
PROPQUEST_INC_001107,Secret Trade,恐ろしい事実
PROPQUEST_INC_001108,I found out the common thing between them based on the data you brought me. I think it has something to do with supernatural power!,これは大事件だぞ！君が調査してくれた資料から謎の共通点がわかったんだ。それは・・・超能力だったんだ、超能力！
PROPQUEST_INC_001109,These kids were all afraid of the former mayor and their parents for some reason…,失踪した子どもたちは特殊な能力を持っていたため、親でさえ怖がっていた。災いを恐れた元セイントモーニング市長と子どもの親たちは、子どもたちを町から遠く離れた場所に置き去りにし、捨ててしまおうと隠密に画策したという。
PROPQUEST_INC_001110,"They were abandoned and kicked out of the city! Wow, that can't be true, can it?!",しかしジョハさんだけは娘を捨てることを頑なに拒んだ。そこで親たちはジョハさんの留守を狙ってジノを誘い、置き去りにしたという。ジョハさんは事実を何も知らない。結局、あの子達は捨てられたんだよ！子どもを捨てるだなんて、なんてことを！
PROPQUEST_INC_001112,We have to uncover the truth in this case and make sure it never happens again. Will you help me?!,こんな事件は、こんなあってはならない事件は、再び事件が繰り返されないためにも、必ず真相を明らかにしなければならない。だから、私に協力してくれ！
PROPQUEST_INC_001113,"Awesome! Speak with the mayor again, and ask him to review this Disappearance Investigation.",ありがとう、君は立派な心を持った冒険者だ。さあ、これを持ってセイントモーニングの市長に会い、女児連続失踪事件に関する再捜査を要請してきてくれ。頼んだぞ。
PROPQUEST_INC_001114,How can you refuse to help when we are so close to discovering the truth!?,このままでは、罪もないかわいそうな子どもたちの魂が浮かばれることはないだろう。君は、それでも心が痛まないか？
PROPQUEST_INC_001115,"Hmm... This is very intriguing new information. Very well, I'll make a special inquiry group and check the case again. Please tell Porgo I said thanks.",なんと！私が市長になる前に、こんな酷い事件があったとは。わかりました、すぐに特別捜査団を結成して再調査を行いましょう。ポルゴにはお疲れさまとお伝えください。では報告ありがとう、感謝します。
PROPQUEST_INC_001116,"Saint City is being developed even today. By the way, why did Porgo tell you to meet me? Do you have something to show me?",本日もセイントモーニングは、神聖な朝の都市の名のとおりに美しく栄えています。おや？ポルゴさんから私に会うように言われたのですか？
PROPQUEST_INC_001117,Bring the Disappearance Investigation report to the Mayor or Saint City.,資料を持って＜セイントモーニング市長＞に会いに行き、女児連続失踪事件に関する再捜査を要請してこよう。
PROPQUEST_INC_001119,"Mia, the Cursed Name",失踪事件の全容
PROPQUEST_INC_001120,We made an inquiry group and started to review the case again. I can't believe something this horrific has happened in Saint City.,速やかに特別捜査団を結成し、再調査を行うことを決定しましたよ。こんなにむごたらしい事件がこのセイントモーニングで起きたとは。市長としてとても心が痛みます。
PROPQUEST_INC_001121,I suppose it's better late than never. Will you return to Porgo and let him know that we are investigating the case again? His cooperation is appreciated.,真相がわかったのも、ポルゴの執念の調査のおかげです。彼に女児連続失踪事件の再捜査を開始したことをお伝えいただけますか？宜しくお願いします。
PROPQUEST_INC_001122,Thank you. I will do everything I can to make Saint City more beautiful and peaceful than it already is.,ご協力ありがとう。これからはこんな忌まわしい事件が起こらない、明るい笑顔の溢れるセイントモーニングになるように頑張るつもりです。
PROPQUEST_INC_001123,"I tour the city every day, so I am extremely busy. Please tell him what I said.",私は市内の視察がありますので離席していることも多いですが、どうぞ代わりにお伝えください。
PROPQUEST_INC_001124,Has the truth finally been revealed? It has?! I am so glad to hear that the case has been reopened.,これでようやく、事件の全容が明らかになったのだな…。なんだか今日の空は、とても哀しい色をしているように感じるのだが。
PROPQUEST_INC_001125,"Thank you so much for your help, young one. I couldn't have done all this alone. The girls thank you, as well.",浮かばれないままモンスターになってしまった哀れな子どもたちを想うとやりきれないよ。しかし君がいなかったら事件の全容は明らかにならなかった、感謝するよ。俺にできることはせめて、子どもたちの魂が安らかに眠れるように祈ることくらいだ。可哀想な子どもたちよ。
PROPQUEST_INC_001126,"Have you spoken to the Mayor? Please hurry, this case needs to be reopened!",市長からの返事はまだか？事実が明らかになったのだから、一刻も早く再調査に取り掛かってもらわねば。
PROPQUEST_INC_001127,Speak with Porgo and tell him the good news.,＜ポルゴ＞に女児連続失踪事件の再捜査を開始されたことを伝えにいこう。
PROPQUEST_INC_001129,Legendary Redmantis (Part 1),伝説のレッドマンティス（前編）
PROPQUEST_INC_001130,"Hey you! Yeah, you! Come here for a minute… I would like to speak with about something.",おや、こんにちは・・・君は誰だっけ？歳を取ってから、物忘れがひどくてな。悪気はないが、覚えておらんのだよ。
PROPQUEST_INC_001131,"My name is Rudvihil, and I am a collector or rare and expensive artifacts. I'm always on the lookout for something new and precious.",君も知っているのかね？今、セイントモーニング中で話題になっている、とても珍しくて希少な美術品の噂だよ。
PROPQUEST_INC_001132,"Anyway, to the point, I heard some rumors that there is a very rare artifact in Saint Morning.",この噂を聞いたことがないって？うとい奴だなあ。その噂は、セイントモーニング大陸のどこかに、伝説に出てくるとても珍しくて貴重な＜ある物＞があるそうだ。
PROPQUEST_INC_001133,I intend to acquire this artifact for my collection. I have a vast collection of artifacts and it would make a nice addition.,なんだか謎めいていてわくわくするだろう？フフフ・・・
PROPQUEST_INC_001134,"So, what do you say? Will you help me find this artifact?",それでだ。ここで会ったのも何かの縁。わしの頼みを聞いてくれないか？とても簡単なことなんだが、どうだ？
PROPQUEST_INC_001135,"Great! Travel to Saint City, and speak with Helgar, the connoisseur of rare and precious items. He should be located near Saint Hall.",わしはその貴重な＜ある物＞をどうしても手に入れたい。だが、＜ある物＞について何も情報を知らない。そこで、セイントモーニングの鑑定士ヘルガースのところに行って、情報を聞き出してきてくれないか？
PROPQUEST_INC_001136,"What? You won't help me? Fine, get off my property, then!",なんだって？断る？ それなら仕方ない。用がないならとっととどっかにいってくれ。 
PROPQUEST_INC_001137,"Hello there, are you interested in any rare artifacts? I have an stunning ancient Aibatt carving here that is very unique…",何か用か？あの噂のことでルードヴィヒに頼まれてやってきたのか。ハハッ！たしかにルードヴィヒが食いつきそうな話だな。
PROPQUEST_INC_001138,Rudvihil? Hahaha! That guy will never stop hoarding rare and precious treasure.,ルードヴィヒ？彼は珍しい物や貴重な物に対しては、異常な執念があるからな。　
PROPQUEST_INC_001139,"Have you found anything, yet? No? Well hurry up! I don't have all day!",何か見つけましたか？ 無いなら 急いで！ 一日中持てません！
PROPQUEST_INC_001140,"Travel to Saint City and speak with Helgar, the connoisseur of rare and precious items. He should be located near Saint hall.",ルードヴィヒの欲しがる貴重な＜ある物＞を探そう。まずはセイントモーニングの鑑定士＜ヘルガール＞のところに行って、情報を聞こう。
PROPQUEST_INC_001142,Legendary Redmantis (Part 2),伝説のレッドマンティス(中編)
PROPQUEST_INC_001143,"Hmmm, I think Rudvihil is referring to the Red Mantis Egg. These eggs are difficult to acquire and I think these might be the eggs Rudvihil is after.",実は、その伝説中に出てくる珍しい物のことに関しては、おれも良く分からないんだ。　知っているのは、それが＜レッドマンティス＞の卵だってことだけだ。
PROPQUEST_INC_001144,"There are reports that some Red Mantis C, the female variety, have been seen near the pumpkin patch. Feel like taking a trip?",マドリガルでも有名な鑑定士のおれですら良く知らないことだけに、その噂にはとても興味があるんだ。ハハッ。
PROPQUEST_INC_001145,"Great! Head to the pumpkin patch, slay 10 Red Mantis C and collect 15 Redyspawn. These are the eggs. Hopefully we'll find a pristine one!",レッドマンティスの中で、唯一メスのみで群生している＜レッドマンティスC＞は＜マンティス・エッグ＞という特異な卵を産むんだ。その卵を持って来てくれないか？
PROPQUEST_INC_001146,"Are you afraid of a little action? This is a very rare find, it will be worthwhile, I promise. Let me know if you change your mind.",この頼みはルードヴィヒのためだけじゃない。オレも一度その卵を見てみたいし、君にとっても良い経験になると思うが？
PROPQUEST_INC_001147,"Let me see what you've got there… Hmm yes, these are very nice! Thank you for bring these to me!",君が持って来た物を見せてくれ！うーん、なかなか良い！ありがとう！　
PROPQUEST_INC_001148,What are you doing here? You have work to do!,君の実力なら、レッドマンティスCを相手にするのは、楽勝だろう。頑張ってくれ！
PROPQUEST_INC_001149,"Travel to the Pumpkin patch, slay 10 Red Mantis C and acquire 15 Redyspawn. Return to Helgar when you've completed this task.",唯一メスのみで群生している＜レッドマンティスC＞は、＜マンティス・エッグ＞という特異な卵を産むらしい。その卵を集めて＜ヘルガース＞に鑑定してもらおう。
PROPQUEST_INC_001151,Legendary Redmantis (Part 3),伝説のレッドマンティス(下編)
PROPQUEST_INC_001152,"Well, I have good news and bad news. The bad news is, the Redyspawn is not that valuable. The good news, is that I believe I know what Rudvihil is searching for.",鑑定結果を教えよう。この＜マンティス・エッグ＞は珍しい物ではあるんだが、伝説中に出てくると言われる噂の卵ではないようだ。ところがこの噂の卵について新しく情報を発見したんだ。
PROPQUEST_INC_001153,"It's Emeraldispawn. It is extremely difficult to acquire, as you can only get it once a year.",それは＜エメラディス・エッグ＞と呼ばれている卵らしい。この卵は1年にたった1個しか取れない、相当な価値を持つ卵だといわれている。
PROPQUEST_INC_001154,"In addition, it's mother is rather… protective of her eggs. However, we're in luck! It's breeding season!",手に入れるのが大変な理由のひとつに、希少性が高いだけでなく、この卵を産むレッドマンティスの数がとても少ないらしいんだ。ルードヴィヒが探している卵は、おそらくこの卵だろう。
PROPQUEST_INC_001155,Now is our chance! Will you retrieve this egg for Rudvihil?,そのレッドマンティスを探すのは骨が折れるかもしれないが、頼まれてくれるかい？
PROPQUEST_INC_001156,"I knew you would! The mother, Emerald Mantis, is located somewhere near the Central Hillid Mountains. Find and defeat her, then retrieve the egg!",この卵を産むレッドマンティスは、ヒルリド山脈中部のどこかに巣を作っているそうだ。ちょうど今が産卵期だから卵が取れるはずだ。運が良かったな。
PROPQUEST_INC_001157,What? Why? We're so close to uncovering a precious artifact? Rudvihil will be disappointed.,ルードヴィヒからの報酬は心配しなくて大丈夫だと思うぜ。あいつの性格には問題があると思うが、けちな人間ではないからな。
PROPQUEST_INC_001158,"Do you have it? Let me see it! Oh my… it is everything I dreamed it would be. Thank you very much, stranger! My collection is getting better and better!",おお！これが噂の卵か！ほう、この深くて美しいグリーンのなんと綺麗なこと…！ため息が出るよ。本当にありがとう。
PROPQUEST_INC_001159,Here's a little something for you. Call it a tip! Thanks again!,この卵はわしの想像以上に美しい…！探してきてくれて感謝するよ。さあ、これはわしからの報酬だ、受け取ってくれ。
PROPQUEST_INC_001160,Do you have it? No? Then get back to work!,持ってない・・・かしら？そうだわ、仕事に戻らなくちゃ。
PROPQUEST_INC_001161,"The Emerald Mantis is located somewhere near the Central Hillid Mountains. Defeat her, retrieve the Emerald Mantis Egg, then return to Rudvihil.",この卵を産むレッドマンティスは、ヒルリド山脈中部のどこかに巣を作っているそうだ。ちょうど今が産卵期だから、卵が取れるはずだ。運が良かったな。
PROPQUEST_INC_001163,Internal War of Red Bang Troupe,復活した盗賊団
PROPQUEST_INC_001164,"Listen, I've been talking to some townsfolk…",君！君！このまえは助けてくれてありがとう。実はあれから君のことをずっと捜していたんだ。そしたら偶然会えるなんて。何か不思議な縁で繋がっているのかもしれないな！
PROPQUEST_INC_001165,"After Lord Bang died, I have heard various rumors about the Red Bang Troupe that lead me to believe they are still around.",実はロードヴァンが姿を消してからは暫く平和だったのだが、最近また、赤いヴァン盗賊団に対する良くない噂が、ちょこちょこ耳に入るんだ。　
PROPQUEST_INC_001166,"I can't ignore these rumors. If there is any chance that the Red bang Troup is still in existence, we need to take care of it immediately.",そんなのは噂にすぎんと無視しても構わないのだが、なんとなく気になってしまってな。
PROPQUEST_INC_001167,Will you help an old friend once again?,そこで、また俺の頼みを聞いてくれないだろうか？
PROPQUEST_INC_001168,"Thank you, friend. There are reports of Red Bang Troupe activity near the Erons Factory in Darkon 1. I need you to investigate!",ありがとう、君は本当に勇敢だな！やつらのいる場所を調べたところ、見当がついた地域がある。ダーコン第1地区のエランパークス近辺だそうだ。そこを探してみてくれないか？　
PROPQUEST_INC_001169,I can't ignore these rumors. Please help me!,赤いヴァン盗賊団…あいつらが復活したかどうかは、とても重要な問題なんだ。どうか真実を調べてきてくれないか？頼むよ。
PROPQUEST_INC_001170,Then it's true. It's worse than I thought. Thank you for bringing me this information.,なるほど。噂は本当だったようだな。赤いヴァン盗賊団がまだ壊滅せず、ひそかに活動しているという情報は。
PROPQUEST_INC_001171,"You didn't find anything? These rumors are unsubstantiated, but I believe them to be true.",ん？手がかりは見つからなかったのか？そんなはずはない、もう一度、調べてみてくれ。
PROPQUEST_INC_001172,Travel to the Erons Factory in Darkon 1 and search for evidence of Red Bang Troupe activity.,盗賊団の本拠地は、キプラ（ダーコン第1地区）のエランパークス近辺だそうだ。そこを探索し、うろついている盗賊団を倒して情報を得よう。
PROPQUEST_INC_001174,New Lord Bang,新しいロードヴァン
PROPQUEST_INC_001175,"They still exist, huh? I knew it. This can only mean there is a new leader.",彼らがまだ生き残って集結しているって？それは、あいつらの中から新しいリーダーが現れたってことだな。
PROPQUEST_INC_001176,Darn it! We've got to do something before it's too late!,ボスをやっつけて、全てが終わったと思っていたのに。やはりそんな簡単なことでは収まらなかったか。ひとつ心当たりがあるんだが、あいつらの新しいリーダーになった＜ロードヴァン＞が、俺の知っているあいつだったら！
PROPQUEST_INC_001177,"Since there is evidence of a new leader, there must be a new group of Red Bang Troupe members hiding out somewhere.",そいつだったら本当に大変なことになる。なにせそいつは、こないだのロードヴァンよりももっと危険で野望に満ち溢れた、恐ろしく凶暴なやつなんだよ。
PROPQUEST_INC_001178,A good friend of mine mentioned having seen some Red bang Troupe members in the Northern Leren Mountains,もし赤いヴァン盗賊団が復活して勢力を広げてきたとすれば、フラリス地域でもすでに怪しい動きが見えてくるはず。そこで勇敢な君に、また頼みを聞いてほしいんだ。
PROPQUEST_INC_001179,"I am sure that the group of them live in the Northern Leren Mountains. Go now, friend, and see if you can identify a new group of troupe members.",ありがとう！本当に君には感謝するよ。レルエン山脈の北部に、たしか彼らの拠点があったはず。そこを探してみてくれないか？
PROPQUEST_INC_001180,"I know I've asked for many favors, but we are so close to putting an end to this threat. Please, help me!",あいつをほっといたら、本当に恐ろしいことになるんだ。俺だけじゃなく、多くの人が恐怖に怯えることになる･･･。どうか力を貸してくれないか？
PROPQUEST_INC_001181,I see. There must be a new leader. Thank you for delivering this information.,なるほど。新しいロードヴァンが現れたという情報は、やはり間違いがなかったようだね。ありがとう。しかし、とんでもないことになってしまったな。
PROPQUEST_INC_001182,"Please, hurry! We don't have much time!",怪しいやつらは見つからなかったって？そんなことはないはずだ、もう一度よく調べてみてくれ。
PROPQUEST_INC_001183,Search the Northern Leren Mountains for evidence of another Red bang Troupe camp.,レルエン山脈の北部にあるという盗賊団の拠点を探し、やつらを倒そう。
PROPQUEST_INC_001185,Ambition of Lord Bang,ルダの不吉な夢
PROPQUEST_INC_001186,The new leader of the Red Bang Troupe must be at the Erons Factory location you discovered before.,君！君、いつかはありがとう。困ったことに、また大変なことが起きたんだ。とにかく、俺の話を聞いてくれないか？
PROPQUEST_INC_001187,We need to strike a blow to his troupe and cripple his operations in Darkon 1.,昨晩、機械や煙がもうもうとたちこめている地域が真っ赤な炎に包まれている夢を見たんだ。そこは地獄と化して、恐怖と人々の泣き叫ぶ悲鳴で満ちていた。そして放火と殺戮と略奪を繰り返しているあいつらの姿が…
PROPQUEST_INC_001188,"I know what to do! You need to visit Amadolka. But first, defeat 35 Red bang Troupe Leaders southwest of the Erons Factory.",私は何をすべきか知っています！ あなたはアマドルカを訪問する必要があります。 しかし、最初に、エラン工場の南西にある35体の赤いヴァン盗賊団の連中を倒して！
PROPQUEST_INC_001189,"Will you help me once more, friend?",昨日見た夢は何かが違っていて、とても不吉な予感がするんだよ。エランパークス地域の警備長をしている＜アマドルカー＞に急いでこの夢の話を伝えたいのだが、君、頼まれてくれるかい？
PROPQUEST_INC_001190,"Great! Now please go and visit Amadolka, who is a guard leader at Erons Factory.",ありがとう！じゃ、今からすぐにでもエランパークスに行って警備長の＜アマドルカー＞に俺の夢の話を伝えてくれないか？できるだけ急いでくれ。頼んだよ。
PROPQUEST_INC_001191,You have to believe me! A lot of people are in danger! Do you understand?,君は多くの命がかけられている問題を無視するつもりか？大変なことになってからでは、もう手遅れなんだぞ。
PROPQUEST_INC_001192,What? Really? Good job thinning the herd a bit.,何？ 本当に？ 群れを少し間伐するのは良い事です。
PROPQUEST_INC_001193,Hmmm... you may prove useful.,私がエランパークスの警護をしている〈アマドルカー〉だ。ルダの知り合いか？ルダは昔からの友人だが…何だって？！そ、その夢は予知夢かもしれないぞ！もっと警護を強化しなければ…
PROPQUEST_INC_001194,I am in charge of security in Erons Factory. Do you know Luda? How is he doing?,最近、凶悪な盗賊団の奴らが勢力を増していて、この辺は今、大変危険な状態だ。気をつけてくれ。
PROPQUEST_INC_001195,Defeat 35 Red Bang Troupe Leaders and speak with Amadolka at the Erons Factory in Darkon 1.,エランパークスの警備長＜アマドルカー＞に会い、ルダの夢の話を伝えよう。
PROPQUEST_INC_001197,Unified Red Bang Troupe,盗賊団の本拠地を探せ！
PROPQUEST_INC_001198,They have occupied almost half of Erons Factory. I didn't realize how strong they really were.,…ちくしょう！たった今、復活した赤いヴァン盗賊団の奴らがエランパークス地域の半分を制圧したとの連絡が入った！ああ、なんてことだ…！
PROPQUEST_INC_001199,"We are having a hard time defending this narrow entrance, they will get through here in no time unless we do something about it.",この地域へ進入する道はとても狭いからなんとか守れているはいるが、あいつらの数は多すぎる！ここですら、いつ破られるかわからない状況だ。
PROPQUEST_INC_001200,We need more information! We need a scout to survey their base and let us know what we're really up against.,ふむ…あいつらの勢力を少しでも分散させることができたら多少は安心できるのだが。あいつらがまとまって攻めてきたら、ここの警護も非常に危険になってくる。
PROPQUEST_INC_001201,You seem like a good candidate for the job. What do you say? Want to help the people of Erons Factory?,お願いだ、君！どうかこのエランパークスの住民のため、力を貸してくれないだろうか？これは緊急事態なんだ！
PROPQUEST_INC_001202,Great! I am sure their base is somewhere in the depths of Darkon 1. Let me know what you find out!,力を貸してくれるのか、ありがとう！奴らの本拠地はエイエンブルケープ（ダーコン第2地区）にあるとの話だ。そこを重点的に探して、やつらとやつらのボスをやっつけてきてくれ！
PROPQUEST_INC_001203,No? Fine… We will have to deal with it ourselves.,そうか、残念だ。しかし、ルダの話を伝えてくれただけでも感謝するよ。
PROPQUEST_INC_001204,Excellent work! So now we know where exactly their base is located and what we're up against with their new leader.,やはりあそこが本拠地だったか。無事に帰ってきてくれて良かった。これでエランパークスの人々も安心して眠ることができるだろう。多くの人命を守った君に、本当に感謝するよ！
PROPQUEST_INC_001205,"Have you found it yet? We don't have much time! Please, hurry!",まだか？もうあまり時間がない、できるだけ早くあいつらの本拠地を調べて、ボスもろともやっつけてきてくれ！
PROPQUEST_INC_001206,"Locate the Red bang Troupe base in Erons Factory 2, Darkon 1, and report back to Amadolka with anything you find.",盗賊団の本拠地は、エイエンブルケープ（ダーコン第2地区）の近辺にあるそうだ。そこを重点的に探索し、見つけた盗賊団とボスをやっつけよう。
PROPQUEST_INC_001208,Legend of Dreadpet <Big Thyred>,伝説のシヴァーモンスター <Big Thyred>
PROPQUEST_INC_001209,"Pssst, hey you! I'm writing a book and I need your help. I'm having a bit of writer's block and I need a brave adventurer to help me write it!",私は小説を書こうとしてるんだが、一人ではどうにもできないのだよ・・・。とてもよい題材があるのに残念だ。
PROPQUEST_INC_001210,"Have you ever heard about the Legend of Big Thyred? No? A long long time ago, there was very a famous adventurer named Big Thyred. One day, he found an interesting place to adventure…",君は、シヴァーモンスターの話しを聞いたことがあるか？ふーむ・・。知らないようだな。昔、＜ピク・シレード＞という、とても有名な冒険者がいたのだよ。ある日、彼は得体の知れない何者かに遭遇したというんだ。
PROPQUEST_INC_001211,"It was a cave deep underground, surrounded with this strange, bloody fog. Big Thyred investigated the cave only to become infected by a disease within the cave called Horrible Fear.",そこは、深き地に存在し、血色の霧が立ち込めるなんとも異様な洞窟だったそうだ。ここで遭遇したのが、ビグマズールだ。戦慄の恐怖と呼ぶものもいるがね。　
PROPQUEST_INC_001212,"The disease transformed him into a hideous monster, whom we now call Big Muscle. There's virtually nothing left of that brave adventurer but bits and pieces, or so the story goes…",ピクは、このビグマズールに遭遇した後、消息を絶ったとして伝えられている・・・。とまぁ、これが今回の題材なんだ。戦慄の恐怖！伝説のシヴァーモンスター！！どうかね？
PROPQUEST_INC_001213,"So, here's where you come in. I need to an ending to the story and I'd like to know what's become of Big Muscle. Feel like lending a hand?",そこで君に頼みがあるのだが・・・。この小説が完成できるように、君がピクの代わりに、今話したことを体験し、私に話してほしいのだ。どうだ？やってくれるか？
PROPQUEST_INC_001214,"One of those mangy Organigors ate one of my reference books. Defeat the Organigors at the Plain of Bubble and acquire the Book of Fear 1. While you're there, find the Fortress Map.",よし！それでは、手始めにバブルの平原に生息するオルガニガーという奴を倒し、恐怖の書を持ってきてほしい。あぁ。それと、平原の何処かにある、彼らの巣窟を見つけることも忘れないでくれよ。
PROPQUEST_INC_001215,"Awwww, come on! Look, I'll give you HALF of the sales from my book if you'll help. Still having second thoughts?",とてもスリリングで、冒険者にはたまらない話だと思うんだが・・・。私がこの本を出版したら、売り上げの50％をあげよう。どうだい？それでもやらないのかい？
PROPQUEST_INC_001216,"Oh, Rhisis! You've got the Book of Fear! Great work! Alright, sounds like you have what it takes to face Big Muscle.",おぉー！君！さすがじゃないか！結構大変だっただろう。よーし、これを受け取ってくれ。これはシレードの心臓だ。とても気持ち悪くて、私は見たくもないがね。
PROPQUEST_INC_001217,"Here, take this. It's Big Thyred's Heart. \n\n#b*You drop the heart and scream!*#nb\n\nHey, careful! You need that!",でも、君がシヴァーモンスターに遭うためには、必要なものなんだよ。2度と手に入らないものだから注意して持っていておくといい。絶対になくすんじゃないぞ。
PROPQUEST_INC_001218,"Take the heart to the Dreadpet Manager just southwest of here. You'll have to join a party before you face Big Muscle, it's too dangerous to go alone.",レルエン山脈南部の何処かにいるという、シヴァーモンスター伝道師の元へ行くといい。彼が案内してくれるはずだ。それと、一人では無理だから、必ずパーティーを組んで行くことだ。
PROPQUEST_INC_001219,"Look, I know it's scary to face the Organigor, but I believe you can do it. Go, now!",オルガニガーをあなどってはいかんぞ。なにしろ戦慄の洗礼を受けた奴だからな。でも、君ならきっと大丈夫だろう。頑張ってくれ！
PROPQUEST_INC_001220,"Travel to the Plain of bubble, defeat Organigor, and recover both the Fortress Map and the 1st book of Dread for Novelist Gergantes in Northern Flarine.",バブルの平原に生息するオルガニガーという奴を倒し、恐怖の書を持ってきてほしい。あぁ。それと、平原の何処かにある、彼らの巣窟を見つけることも忘れないでくれよ。
PROPQUEST_INC_001222,Legend of Dreadpet <Krren Dacid>,伝説のシヴァーモンスター<クルエンダ・シード>
PROPQUEST_INC_001223,"Pssst, hey you! I'm writing a book and I need your help! I'm having a bit of writer's block and I need a brave adventurer to help me write it!",私は小説を書こうとしてるんだが、一人ではどうにもできないのだよ・・・。\nとてもよい題材があるのに残念だ。
PROPQUEST_INC_001224,"Have you ever heard about the legend of Krren Dacid? A long long time ago, there was a very famous adventurer. His name was Krren Dacid. One day, he found an interesting place to adventure…",君は、シヴァーモンスターの話しを聞いたことがあるか？　ふーむ・・。知らないようだな。昔、＜クルエンダ・シード＞という、とても有名な冒険者がいたのだよ。ある日、彼は得体の知れない何者かに遭遇したというんだ。
PROPQUEST_INC_001225,It was a huge temple in the sky. Krren investigated the temple only to become infected by a disease within the cave called Cold Fear.,そこは、このマドリガルより遥か天空にある漆黒の闇につつまれた巨大な神殿だったそうだ。ここで遭遇したのが、グルングだ。闇黒の恐怖と呼ぶものもいるがね。
PROPQUEST_INC_001226,"The disease transformed him into a hideous monster, whom we now call Krrr. There's virtually nothing left of that brave adventurer but bits and pieces, or so they say…",クルエンダは、このグルングに遭遇した後、消息を絶ったとして伝えられている・・・\nとまぁ、これが今回の題材なんだ。闇黒の恐怖！伝説のシヴァーモンスター！！\nどうかね？
PROPQUEST_INC_001227,"So, here's where you come in. I need an ending to the story and I'd like to know what's become of Krrr. So whaddya' say?",そこで君に頼みがあるのだが・・・。この小説が完成できるように、君がクルエンダの代わりに、今話したことを体験し、私に話してほしいのだ。どうだ？やってくれるか？
PROPQUEST_INC_001228,"Great! One of those Gangards at the Plain of Bubble scooped up one of my reference books. Defeat the Gangards and acquire the Book of Fear 2. While you're there, try to find the Temple Map.",よし！それでは、手始めにバブルの平原に生息するガンガードという奴を倒し、恐怖の書を持ってきてほしい。あぁ。それと、平原の何処かにある、彼らの聖地を見つけることも忘れないでくれよ。
PROPQUEST_INC_001229,"Oh, come on now! Tell you what, I'll give you 50% of the proceeds from the sale of my book when I release it! How does that sound? Bah!",とてもスリリングで、冒険者にはたまらない話だと思うんだが・・・。私がこの本を出版したら、売り上げの50％をあげよう。\nどうだい？それでもやらないのかい？
PROPQUEST_INC_001230,"Blessings from Bubble, you've got it! It looks like you do indeed have what it takes to face Krrr.",おぉー！君！さすがじゃないか！結構大変だっただろう。よーし、これを受け取ってくれ。これはシードの心臓だ。とても気持ち悪くて、私は見たくもないがね。
PROPQUEST_INC_001231,"Here, take this. It's Krrr's Heart. \n\n#b*You vomit all over him*#nb\n\n Hey, knock it off!",でも、君がシヴァーモンスターに遭うためには、必要なものなんだよ。2度と手に入らないものだから注意して持っておくといい。絶対になくすんじゃないぞ。
PROPQUEST_INC_001232,"If you're done being sick, take the heart to the Dreadpet Manager in Madren Town. You'll have to join a party to enter the temple, it's way too dangerous to go alone.",マッドランタウンの何処かにいるという、シヴァーモンスター伝道師の元へ行くといい。彼が案内してくれるはずだ。それと、一人では無理だから、必ずパーティーを組んで行くことだ。
PROPQUEST_INC_001233,"Look, I know Ganguard's smell bad and all that, so I understand your reservations… but I really need that book.",ガンガードをあなどってはいかんぞ。なにしろ闇黒の洗礼を受けた奴だからな。でも、君ならきっと大丈夫だろう。頑張ってくれ！
PROPQUEST_INC_001234,"Travel to the Plain of Bubble, defeat $QUEST_END_KILL_NAME$, and retrieve both the $QUEST_END_ITEM_NAME$ and the $QUEST_END_ITEM_NAME,2$ for Novelist Gergantes in Northern Flarine.","＜バブルの平原＞に生息する＜$QUEST_END_KILL_NAME$＞というモンスターを倒し、＜$QUEST_END_ITEM_NAME$＞と、＜$QUEST_END_ITEM_NAME,2$＞を持ってこよう。手に入れたらフラリス北広場のゲルガンデスに渡しにいこう。"
PROPQUEST_INC_001236,Legend of Dreadpet <Moot Arvan>,伝説のシヴァーモンスター<ムト・アールバン>
PROPQUEST_INC_001237,"Pssst, hey you! I am writing a book and I need your help! I've had a little writers block lately and I need a brave adventurer to help me write it!",私は小説を書こうとしてるんだが、一人ではどうにもできないのだよ・・・。\nとてもよい題材があるのに残念だ。
PROPQUEST_INC_001238,"Have you ever heard of the legend of Moot Arvan? No? A long time ago, there was very a famous adventurer, Moot Arvan. One day, he found an interesting place to adventure...",君は、シヴァーモンスターの話しを聞いたことがあるか？　ふーむ・・。知らないようだな。\n昔、＜ムト・アールバン＞という、とても有名な冒険者がいたのだよ。ある日、彼は得体の知れない何者かに遭遇したというんだ。
PROPQUEST_INC_001239,"It was a strange, wet marsh. Moot explored the marsh only to become infested with a disease called Unpleasant Fear.",そこは、とてつもない湿りを帯び、ひとたびも陽の光射すことのないおどろおどろしい湿地帯だったそうだ。ここで遭遇したのが、マージュムートだ。陰鬱の恐怖と呼ぶものもいるがね。
PROPQUEST_INC_001240,"The disease transformed him into a hideous monster known as Mushmoot! There's virtually nothing left of that brave adventurer but bits and pieces, or so they say…",ムトは、このマージュムートに遭遇した後、消息を絶ったとして伝えられている・・・。\nとまぁ、これが今回の題材なんだ。陰鬱の恐怖！伝説のシヴァーモンスター！！\nどうかね？
PROPQUEST_INC_001241,"So, here's where you come in. I need an ending to the story and I'd like to know what's become of Mushmoot. Feel like helping?",そこで君に頼みがあるのだが・・・。この小説が完成できるように、君がムトの代わりに、今話したことを体験し、私に話してほしいのだ。どうだ？やってくれるか？
PROPQUEST_INC_001242,Great! One of those pesky Hadeseors at the Plain of Bubble has stolen one of my reference books! Find and recover the book for me and see if you can locate the Boggy Map while you're there.,よし！それでは、手始めにバブルの平原に生息するハデュサという奴を倒し、恐怖の書を持ってきてほしい。あぁ。それと、平原の何処かにある、彼らの湿原を見つけることも忘れないでくれよ。
PROPQUEST_INC_001243,"Don't be a scaredy-cat! Look, I'll even give you 50% of the proceeds from my book sales if you help. Okay?",とてもスリリングで、冒険者にはたまらない話だと思うんだが・・・。私がこの本を出版したら、売り上げの50％をあげよう。\nどうだい？それでもやらないのかい？
PROPQUEST_INC_001244,"Yes, great work! I knew you could do it!",おぉー！君！さすがじゃないか！結構大変だっただろう。よーし、これを受け取ってくれ。これはアールバンの心臓だ。とても気持ち悪くて、私は見たくもないがね。
PROPQUEST_INC_001245,"Here, take this. It's Moot's Heart. \n\n*You begin to feel sick…*\n\n Oh shake it off, slacker!",でも、君がシヴァーモンスターに遭うためには、必要なものなんだよ。2度と手に入らないものだから注意して持っておくといい。絶対になくすんじゃないぞ。
PROPQUEST_INC_001246,"Take that heart to the Dreadpet Manager at the Eastern River of Weeping. You'll need to form a party first, it's way too dangerous to go in there alone.",勇気の谷の何処かにいるという、シヴァーモンスター伝道師の元へ行くといい。彼が案内してくれるはずだ。それと、一人では無理だから、必ずパーティーを組んで行くことだ。
PROPQUEST_INC_001247,Ah geez! What are you afraid of? A Hadeseor? Psht! I guess you aren't as brave as I thought you were.,ハデュサをあなどってはいかんぞ。なにしろ陰鬱の洗礼を受けた奴だからな。でも、君ならきっと大丈夫だろう。頑張ってくれ！
PROPQUEST_INC_001250,Sad Christmas,悲しいクリスマス
PROPQUEST_INC_001251,Hmm... We are in big trouble now. Do you know what happened? Do you? The stockings are gone. The stockings...,ああ、大変だ！大変なことが起きてしまったよ！　靴下が・・・靴下がなくなってしまったんだよ。
PROPQUEST_INC_001252,"Are you asking why I am making a big deal about the stockings? Are you serious? These are not normal stockings, these are the Christmas stockings which have the wishes of children!",靴下がなくなったくらいで、なぜそんなに困ってるのかって？　違うんだ、なくなったのは普通の靴下じゃないんだよ。子どもたちの願いが込めてあるクリスマス用の特別な靴下なんだ。
PROPQUEST_INC_001253,"A few days ago, every stocking was stolen in Madrigal. I figured out that Masquerpets did it. Now we are in big trouble.",何日か前にマドリガルの全地域で、クリスマス用の靴下がごっそりなくなってしまったんだ。調べてみたら、原因はモンスターの仕業だったことがわかってな。
PROPQUEST_INC_001254,Would you please help me make a Merry Christmas in Madrigal?,君・・・マドリガルの未来の為に、私の頼みを聞いてくれないか？　
PROPQUEST_INC_001255,Thank you. Please hunt every Masquerpet in Madrigal and bring me $QUEST_END_ITEM_COUNT$ stockings. I will definitely reward you.,力を貸してくれるんだね、ありがとう。　では、マドリガルにいるモンスターを、どんなモンスターでも良いから倒してきて、$QUEST_END_ITEM_COUNT$個取り戻してくれ。もちろんお礼はするつもりだよ。
PROPQUEST_INC_001256,"No, no... This Christmas will be tragic without the stockings... Oh...",このままでは、プレゼントを楽しみにしていたマドリガル中の子どもたちがとても悲しむだろう。　靴下がないと、子どもたちは笑顔でクリスマスを迎えられないよ。
PROPQUEST_INC_001257,Ha ha ha! I knew you would! Thank you so much! But... We still lack enough stockings... Hmm...,そうか。子どもたちの笑顔には興味がないのか。　君は冷たい人だねえ。
PROPQUEST_INC_001258,"Hey... I told you I need 500 stockings. I know 500 stockings are a lot, but it is not that difficult to get.",おや、ちゃんと個数を確認してくれ。　取り戻してきてほしい靴下は500個だ。　ひとりでも靴下が足りない子がいたら、かわいそうだろう？
PROPQUEST_INC_001259,Please hunt every Masquerpet in Madrigal and bring me $QUEST_END_ITEM_COUNT$ stockings. I will definitely reward you.,マドリガルに棲息しているモンスターを、どんなモンスターでも良いから倒してきて、靴下を$QUEST_END_ITEM_COUNT$個取り戻してくれ。もちろんお礼はするつもりだよ。
PROPQUEST_INC_001261,Christmas Nightmare,悪夢のクリスマス
PROPQUEST_INC_001262,"Hey, you! Yes, you! Come here. Come! Coooome!",ああ、大変だ！大変なことが起きてしまったよ！　靴下が・・・靴下がなくなってしまったんだよ。
PROPQUEST_INC_001263,"You know about the Christmas stockings, right? Well, they disappeared!. Maybe you do not understand, but this is a very big accident. Are you listening?!",靴下がなくなったくらいで、なぜそんなに困ってるのかって？　違うんだ、なくなったのは普通の靴下じゃないんだよ。子どもたちの願いが込めてあるクリスマス用の特別な靴下なんだ。
PROPQUEST_INC_001264,"A few days ago, every stocking was stolen in Madrigal. I figured out that the darn Masquerpets did it. Now we are in big trouble. Darn it!",何日か前にマドリガルの全地域で、クリスマス用の靴下がごっそりなくなってしまったんだ。調べてみたら、原因はモンスターの仕業だったことがわかってな。
PROPQUEST_INC_001265,"You can help me create a Merry Christmas in Madrigal, right?",そこで君・・・マドリガルの素敵なクリスマスのために、私の頼みを聞いてくれないか？　
PROPQUEST_INC_001266,"Good! Go and hunt Masquerpets, and bring me 300 stockings. Yes, I will reward you. Go!",力を貸してくれるんだね、ありがとう。　では、マドリガルにいるモンスターを、どんなモンスターでも良いから倒してきて、靴下を300個取り戻してくれ。もちろんお礼はするつもりだよ。
PROPQUEST_INC_001267,Hey! Are you going to make this Christmas into a nightmare? Are you crazy?,このままでは、プレゼントを楽しみにしていたマドリガル中の子どもたちがとても悲しむだろう。　靴下がないと、子どもたちは笑顔でクリスマスを迎えられないよ。
PROPQUEST_INC_001268,Ha ha ha! Good job! Thank you! But... We still do not have enough stockings...,そんな人には見えなかったが、、、わかった。　でも、どうするんだ。　靴下はまだまだ足りないのに、、
PROPQUEST_INC_001269,Hey... Are you stupid? Or you cannot count? I told you 300 stockings! 300!,おや、ちゃんと個数を確認してくれ。　取り戻してきてほしい靴下は300個だ。　ひとりでも靴下が足りない子がいたら、かわいそうだろう？
PROPQUEST_INC_001270,"Go and hunt Masquerpets, and bring me 300 stockings. Yes, I will reward you. Go!",マドリガルに棲息しているモンスターを、どんなモンスターでも良いから倒してきて、靴下を300個取り戻してくれ。もちろんお礼はするつもりだよ。
PROPQUEST_INC_001272,Desperate Christmas,絶望のクリスマス
PROPQUEST_INC_001273,Hey... We are in big trouble now. The stockings... The stockings... Now what should I do? I have to get the stockings back!,ああ、大変だ！大変なことが起きてしまったよ！　靴下が・・・靴下がなくなってしまったんだよ。
PROPQUEST_INC_001274,The stockings have the wishes and dreams of all of the children. But... But...,靴下がなくなったくらいで、なぜそんなに困ってるのかって？　違うんだ、なくなったのは普通の靴下じゃないんだよ。子どもたちの願いが込めてあるクリスマス用の特別な靴下なんだ。
PROPQUEST_INC_001275,Every stocking was stolen a few days ago in Madrigal. I figured out that Masquerpets did it. Now we are in big trouble.,何日か前にマドリガルの全地域で、クリスマス用の靴下がごっそりなくなってしまったんだ。調べてみたら、原因はモンスターの仕業だったことがわかってな。
PROPQUEST_INC_001276,Would you please help me create a Merry Christmas in Madrigal?,そこで君・・・マドリガルの素敵なクリスマスのために、私の頼みを聞いてくれないか？
PROPQUEST_INC_001278,But... This Christmas will be sorrowful without the stockings...,このままでは、プレゼントを楽しみにしていたマドリガル中の子どもたちがとても悲しむだろう。　靴下がないと、子どもたちは笑顔でクリスマスを迎えられないよ。
PROPQUEST_INC_001279,Ho ho ho! I knew you would! Thank you so much! But... We still do not have enough stockings...,そんな人には見えなかったが、、、わかった。　でも、どうするんだ。　靴下はまだまだ足りないのに、、
PROPQUEST_INC_001280,I told you we need 100 stockings...,おや、ちゃんと個数を確認してくれ。　取り戻してきてほしい靴下は300個だ。　ひとりでも靴下が足りない子がいたら、かわいそうだろう？
PROPQUEST_INC_001283,Take Ddukguk Back,ロシャのお雑煮を取り戻せ！
PROPQUEST_INC_001284,"Oh my God, I am in big trouble... Psst! Hey, wait! Please listen to me. The biggest holiday in Madrigal, Lunar New Year, is coming soon.",そろそろ正月の足音が聞こえてきたなあ・・・・しかし昨日の晩、大変なことが起きてしまったんだ。
PROPQUEST_INC_001285,"So Losha made special Ddukguk for the holiday and asked me to keep it. But the Masquerpets heard of it, and...",みんなと楽しい正月を祝うために、ロシャと俺は一緒に特製の雑煮を作っていたんだ。料理の上手なロシャらしく手間をかけて作ったもので、それはそれは美味しそうな雑煮だったんだ。出来上がったお雑煮は、正月までオレの家のキッチンで保存していたんだが、
PROPQUEST_INC_001286,...and they took all of the Ddukguks away. I could not do anything because I was really terrified... Now what should I do? Losha will kick me out if she knows this.,美味しそうな雑煮の匂いをかぎつけたモンスターが現れて、大きな鍋ごと・・・全部奪っていってしまったんだ！　これをロシャが知ったら・・・きっと、とてもがっかりするだろうよ・・・
PROPQUEST_INC_001287,Would you... please help me? For Lunar New Year? Please?,マドリガルのみんなが、幸せなお正月を迎えられるように、力を貸してくれないか？
PROPQUEST_INC_001288,Thank you! Please hunt every Masquerpet you can find in Madrigal and bring me 100 Ddukguks. I will definitely reward you!,ありがとうよ。じゃ、マドリガルにいるマスカーペットをどれでも良いから倒して、奪われた雑煮を100個集めてきてくれ。もちろん礼はするよ！　
PROPQUEST_INC_001289,Are you really going to kick me out? Becoming a cook is my dream. Please help me. I cannot give up now.,どうか、力を貸してくれ・・・このままでは、ロシャがとても悲しむだろう。
PROPQUEST_INC_001290,"Thank you, thank you so much! Here you are. It is my little present.",取り戻してきてくれたのか、ありがとう！・・・おや・・・・でもまだ雑煮の数が足りないようだぞ。
PROPQUEST_INC_001291,Well... I told you I need 100 Ddukguk...,みんなに美味しい雑煮が行き届くように、100個分、集めてきてくれ。頼んだぞ。
PROPQUEST_INC_001292,Please hunt every Masquerpet you can find in Madrigal and bring me 100 Ddukguks. I will definitely reward you!,マドリガルにいるモンスターを、どんなモンスターでも良いから倒してきて、奪われた雑煮を100個集めてきてくれ。もちろん礼はするよ！
PROPQUEST_INC_001294,Build Love House -Nina-,ニーナの家
PROPQUEST_INC_001295,"Hello! I am Nina, the wife of Poul, who is standing over there. Our family wants to move to here because my husband loves this place very much, but...",私はポールの妻で、ニーナと申します。以前はここより遠くの地域に住んでいたのですが、主人がこの町をすごく気に入ったので、家族みんなで引越しをすることに決めたのです。ところが・・・
PROPQUEST_INC_001296,...but we do not have money to buy a house. So we decided to build a house by ourselves. However...,町に住むには少しお金が足りなくて。だから、町に近いこのあたりに家を建てようと思っているのです。
PROPQUEST_INC_001297,"However, people said that we have to hunt Masquerpets if we want to build a house. How can we do that?",しかし、建てようとした時にモンスターが現れてしまいました。それを退治しないと安全に家が建てられないのです。しかし、私にはとても退治などできません。どうしたらいいのでしょう？
PROPQUEST_INC_001298,Could you please help our family?,冒険者の方、どうかわたしのお願いを聞いていただけないでしょうか？
PROPQUEST_INC_001299,Thank you! Then please bring me drying Rootioe. You can get them from any Masquerpet as far as I know.,ありがとうございます。ではモンスターをやっつけると手に入る＜干したローティー＞を集めてくださいませんか？＜干したローティー＞は、どんなモンスターからも手に入ります。危険なモンスターも居なくなるし、ローティーは家を建てるときの資材になるんです。
PROPQUEST_INC_001300,You are so cruel...,そうですか・・・。残念です。
PROPQUEST_INC_001301,"Thank you, thank you... Thank you very much!",ありがとうございます。本当にありがとう！
PROPQUEST_INC_001302,We still are missing some... Please bring me more. Please.,あら？まだ数が足りないようです。頑張って集めてきてくださいね。
PROPQUEST_INC_001303,Please bring me drying Rootioe. You can get them from any Masquerpet as far as I know.,ニーナの依頼で、＜干したローティー＞を集めよう。＜干したローティー＞は、どんなモンスターからも手に入るらしい。
PROPQUEST_INC_001305,Build Love House -ChiChi-,チッチの家
PROPQUEST_INC_001306,"Hello! I am ChiChi, the daughter of Poul, who is standing over there. Our family wants to move to here because my daddy loves this place very much, but...",私はポールの娘で、チッチといいます。　以前はここより遠くの地域に住んでたんだけど、お父さんがこの町をすごく気に入ったらしくて、
PROPQUEST_INC_001310,Thank you! Then please bring me drying Rootioe. You can get it from any Masquerpet as far as I know.,ありがとう！じゃ、モンスターをやっつけたときに手に入る＜干したローティー＞を集めてきて。＜干したローティー＞は、どんなモンスターからも手に入るんだって。危険なモンスターも居なくなるし、そのローティーは家を建てるときの資材にもなるの。よろしくね！
PROPQUEST_INC_001316,Build Love House -PiPi-,ピッピの家
PROPQUEST_INC_001317,"Hello! I am PiPi, the son of Poul , who is standing over there. Our family wants to move to here because my daddy loves this place very much, but...",ボクはポールの息子で、ピッピといいます。前はここより遠くに住んでたけど、お父さんがこの町をすごく気に入って、家族みんなで引っ越してきました。
PROPQUEST_INC_001327,New Puppy Yorrn,迷子の迷子の子犬ちゃん
PROPQUEST_INC_001328,"Excuse me, can I talk to you for a moment?",こんにちは♪私の名前は＜ロコ＞。隣にいるのは＜ロシャ＞お姉ちゃんだよ。よろしくね♪
PROPQUEST_INC_001329,"The pretty lady beside me is Losha, my elder sister. I am her younger sister, Loyah.",隣にいる女性が私の姉のロシャです。 私は弟のロヤです。 本論に入りますが..
PROPQUEST_INC_001330,"My sister has a very cute puppy, but unfortunately, he's gone missing! She originally found the puppy up in the mountains.",姉が新たに子犬を一つ育てているのですが、その子犬がなくなりました。 もともと山に捨てられていた子犬だったのに…
PROPQUEST_INC_001331,"When she first saw the puppy, it was cold and starving. So she brought it home and took care of it, but suddenly it disappeared one day.",姉が可哀想で連れて来て育てたんですけど、ある日その子犬がいなくなってしまって。 それからというもの、私たちの姉は…
PROPQUEST_INC_001332,"Since then, my sister has been looking everywhere for the puppy. She doesn't eat or drink or sleep. Would you please help my sister find her lost puppy?",水も口にしません。私の姉を助けてください。
PROPQUEST_INC_001333,Great! She found the puppy somewhere in the middle of Leren Mountains where the Grownup Lawolfs live. Maybe the puppy is trying to find it's way home?,ありがとう！ヨールンはお姉ちゃんの匂いがする毛布にくるまって、いつもおねんねしてたんだよ。その毛布を見つければ、きっとヨールンが飛びついてくるよ！……約束だよ。きっとヨールンを連れ帰ってね。
PROPQUEST_INC_001334,How could you refuse the request from a lady? You have no social manners! Have you no shame?!,レディーの頼みを断るなんて、マナーがなっていないわ。プンプン！
PROPQUEST_INC_001335,"Yorrn! Where did you find him? In the mountains!? I knew it! He was probably trying to find his way home! Welcome back, Yorrn!",あっ……ヨールン！どこに行ってたの！？どれだけ心配…心配したか……！これからはずーと一緒だよ。ねっ。
PROPQUEST_INC_001336,"Have you found Yorrn? No? Well, please keep looking! I'm worried about my sister!",本当にいなかったの？もうっ！ちゃんと探してくれなきゃダメじゃない！
PROPQUEST_INC_001337,"Travel to the middle of Leren Mountains, near the Grownup Lawolfs. Find Losha's lost puppy, and return to Loyah.",ヨールンはレルエン山脈中部にあるグロウアップ・ラーウルフの生息地にいます。探しに行きましょう。
PROPQUEST_INC_001339,Trouble-Maker in Pumpkin Village,わんぱく少年、かぼちゃの国へ
PROPQUEST_INC_001340,"Hey there, I have a problem. Can you help me?",ああ、あの子はどこにいったのかしら？誰か私の息子を見ませんでしたか？お願いです、誰か…。
PROPQUEST_INC_001341,"Actually I have 2 kids, one daughter and one son. My daughter has gone missing!",何年か前、街の子供達が失踪する事件が起きました。それ以来、私の可愛い娘は行方不明のまま……まだ帰ってきていません。
PROPQUEST_INC_001342,"This was several years ago with some other missing children... So, my son is the only child I have left. However today... Today he disappeared too!",それから今日まで、息子と2人でなんとか耐えてきたのに…。もし息子まで行方不明になってしまったら……。
PROPQUEST_INC_001343,"Both of my kids are now missing. I feel like I can't go on living. Please, will you help me find my son?",私にはもう耐えられません。どうかお願いです、息子を助けてください！繊細な子なんです。きっと一人で不安に震えているはずです！
PROPQUEST_INC_001344,You're amazing! My son used to love the Pumpkin Patch. You should start your search there.,ありがとうございます。あの子は以前から＜カボチャ男爵の居住地＞に行きたがっていました。そこに行けば、会えるかもしれません。
PROPQUEST_INC_001345,"If you will not help me, then I have no other choice…",そうですか…娘だけでなく息子まで……私はこれからどうやって生きていけばいいんでしょう……。
PROPQUEST_INC_001346,"Hey, who are you? What? My mom is worried about me? What else is new…? Ugh, fine. I'll go back and let her know I'm okay.",誰？母に頼まれたの？もぅ、ママったら心配性だなぁ。ボクだって一人前の男の子なのに！わたったよ。すぐ戻るって。
PROPQUEST_INC_001347,I am just watching those pumpkin heads. Aren't they cool? I wish I had one!,ボクさ、ここでカボチャ達を見てたんだ。イカスだろ。あんなカボチャ頭、ボクも欲しいなぁ。
PROPQUEST_INC_001348,"Travel to Pumpkin Town and search for Mayun, JeongHwa's son.",私の息子はカボチャ村を前から気にしてました。きっとそこにいると思います。
PROPQUEST_INC_001350,Doridori Sushi,至高の料理「ドリドリ寿司」
PROPQUEST_INC_001351,Finally! The time has come to learn how to make Doridori Sushi. I just need some ingredients!,寿司職人の修行を始めて、苦節15年。至高の料理と呼ばれる＜ドリドリ寿司＞のにぎり方をついに！ついに伝授されることになった！
PROPQUEST_INC_001352,"I'll need to practice the recipe so that I can master it. Oh boy, Doridori Sushi is the best sushi in Madrigal! I can't wait!",失敗は絶対に許されねえ。しっかり練習しねえとな。そこであんたを見込んで、一つ頼みがある。
PROPQUEST_INC_001353,"Tell you what, if you help me, I will give you some of this fantastic sushi. How's that sound?",練習の手伝いをして欲しいわけだが、どうだい？いっちょ俺に手を貸してくれねえか？うまい寿司をたらふく食わせてやるからよう。
PROPQUEST_INC_001354,"I knew you wouldn't be able to resist! Now, bring me the following materials: 12 Doridoma Keratins and 5 Mushpang Secretion. You can get them from Small Doridomas and Captain Mushpangs.",よっしゃあ！欲しいのは寿司のネタだ！ドリドマの殻を12個、マシュリン液を5個持ってきてくれ。スモール・ドリドマとキャプテン・マッシュファングからドロップするからよう。
PROPQUEST_INC_001355,You have no idea how delicious my sushi is. Oh well. Your loss!,おいおい。俺の寿司を食いたくないのかよ？
PROPQUEST_INC_001357,"Ah ha! There we go! Your order is ready! I even autographed it in wasabi! Careful, it's SPICY!",おっ！良いネタを集めてきたな！……へい、お待ち！ほっぺた、とろけちまうぜ。ガハハッ！
PROPQUEST_INC_001358,"I know they can be hard to find, but I'd really like to learn to make it sometime this year. Hurry up, pal!",見つけにくい食材だが、急いでくんねーか？ネタは鮮度が命だからな！
PROPQUEST_INC_001359,Collect 12 Doridoma Keratins and 5 Mushpang Secretion from Small Doridomas and Captain Mushpangs. Return to Sotta when you have the ingredients.,材料を集めてきましょう。ドリドマの殻12個とマシュリン液5個。スモール・ドリドマとキャプテン・マッシュファングから入手できます。
PROPQUEST_INC_001361,Successor of Hero -Master-,英雄の後継者-マスター-
PROPQUEST_INC_001362,"So you think you're ready to become a Knight? It isn't easy, but since you've made it this far I think you're up to the challenge.",ナイト英雄の後継者の道を歩む覚悟はできていますか？では、ご案内します。
PROPQUEST_INC_001363,"First, a simple test of your skills in combat to see if you are qualified.",まずあなたが後継者としての資質を持っているか、簡単にテストを行います。この試験によりあなたの戦闘能力を見させてもらいます。
PROPQUEST_INC_001364,"Go to KhipRa and hunt down $QUEST_END_KILL_COUNT$ $QUEST_END_KILL_NAME$s. Not the Small ones, or the Giants, just regular $QUEST_END_KILL_NAME$s. That should be easy enough.",内容は簡単です。ダーコンの第1地区、キプラと呼ばれるその地域に生息する、$QUEST_END_KILL_COUNT$体の$QUEST_END_KILL_NAME$を倒してきなさい。 スモールやボスではなく$QUEST_END_KILL_NAME$ですよ。
PROPQUEST_INC_001365,"Good luck, my friend. I'll be watching.",ではご武運を祈ります。
PROPQUEST_INC_001366,Giving up already? But this is the easy part.,確かに容易な道ではないと話していたと思いますが･･･。やはり辞めるのですか？
PROPQUEST_INC_001367,"Excellent work, Mercenary! Now you're on your way to becoming a Knight.",おめでとうございます。私の目に狂いはありませんでした。あなたは後継者の初めの試練を突破しました。
PROPQUEST_INC_001368,"To commemorate this day, I have something for you.",最初の試練を無事乗り越えましたね。おめでとうございます。
PROPQUEST_INC_001369,"Exactly 20 Drillers, Squire. That's what you'll need to take your first steps to Knighthood.",正確に20匹です。そうではないとあなたの資質が判断できません。本当に後継者になりたいのなら、必ず成し遂げてください。
PROPQUEST_INC_001370,"Corel is your master, young Mercenary. I can not help you.",あなたは既にブレード後継者の道を選択しましたね。私ではなくコレルから試練を受けてください。
PROPQUEST_INC_001371,Hunt Down 20 regular Drillers and return to Karandur in Darken City.,ダーコン1地区、キプラと言われている地域に棲息しているドリラーを20匹狩りましょう。
PROPQUEST_INC_001373,Successor of Hero -Helmet-,英雄の後継者-ヘルメット-
PROPQUEST_INC_001374,This letter of recommendation is proof of your achievements thus far. Guard it as you would your own life.,これはマスターが後継者としての資質を認めたという推薦書です。あなたの資質が認められるものですから大事にしてください。
PROPQUEST_INC_001375,"Take it to Hormes, the Knight Sage. He resides at the The Fountain of Dead Person in the Northern Leren Mountains.",それではフラリスのレルエン山脈北部にある魂の泉に行って、ナイト賢者ホロメスにその推薦書を渡してください。
PROPQUEST_INC_001376,"Before you go, though, I want you to find Kindler, a grave-robber. He's hiding out near the Clockworks' Cage, South of Darken City.",あ、その前にダーコンの北側の＜奈落～歯車の永久牢獄＞近くにいる盗掘師モモガンを探し、彼から手掛かりを手に入れてください。
PROPQUEST_INC_001377,"I believe he has information on the Golden Helmet of Billaon. Retrieve it by any means, and take it to Hormes along with your letter.",その手掛かりに書かれてあるビレリアンの黄金のヘルメットを見つけ出し、持って行ってください。
PROPQUEST_INC_001378,May the courage of Billaon be with you always.,ビレリアンの勇気が共にありますように！
PROPQUEST_INC_001379,"You've already come so far, why give up now?",自分に勇気がないなどと思わないでください。あなたには力がある･･･。そんな簡単に諦めてはいけません。
PROPQUEST_INC_001380,My word! This… this is the Golden Helmet of Billaon! We thought it had been lost forever!,こ、これは幻の聖遺物、ビレリアンの黄金のヘルメット！取り戻してくれたのか！このヘルメットはナイト英雄ビレリアンが英雄戦争の時に使っていたものじゃ。
PROPQUEST_INC_001381,"No one had seen it since that grave-robbing scoundrel Kindler stole it and hid it away. Thank you, you're truly remarkable!",ヘルメットは代々霊廟に収められていたのじゃが、盗掘師モモガンが盗み出し、その後の所在が分からなくなっておったのじゃ。英雄に仕える者としてこれほどうれしいことはない。心より礼をいうぞ！
PROPQUEST_INC_001382,"You have a question? Out with it, quickly. I have no time to waste with idle chatter.",何か用事か？私は忙しいので早くしてください。
PROPQUEST_INC_001383,"Find Kindler and use whatever information he has to locate the Golden Helmet. Then take it, and your letter, to Hormes, the Knight Sage at the The Fountain of Dead Person in Flaris.",ダーコンのクロックワークス檻の近くで盗掘師モモガンを狩って、黄金のヘルメットを取り戻し、フラリスの魂の泉にいるナイト賢者ホロメスに持っていってください。
PROPQUEST_INC_001385,Successor of Hero -Scroll-,英雄の後継者-巻物-
PROPQUEST_INC_001386,"I deeply appreciate what you've already done, but alas, the Helmet's journey does not end here.",ビレリアンの聖遺物をよくぞ取り戻した！心より感謝しておるぞ。･･･さてさっそくではあるが、おぬしに会ってほしい者がおるのだ。
PROPQUEST_INC_001387,"It belongs with the Hersan Kurmin, in the Plain of Bubble.",このヘルメットを持って、バブルの平原に行き、そこおるクルミンという者に会うのじゃ。
PROPQUEST_INC_001388,The Kurmin Family has managed the house and relics of Billaon for generations. I'm sure they would reward you handsomely for its return.,クルミンの一族は代々ビレリアンの館と聖遺物を管理しておるのじゃ。このヘルメットを渡せば、次の道をおぬしに指し示すであろう。
PROPQUEST_INC_001389,"Time is a-wasting, Mercenary! Hurry along, now!",ではゆけ！足に翼をもつ者のように駆けてゆけ！
PROPQUEST_INC_001390,"No time to be showered with the appreciation and riches of a wealthy family? Very well, then...",最近の若者はずいぶんと根性がないのう。やれやれ、嘆かわしいことじゃ。こんなことで諦めてはならんぞ！
PROPQUEST_INC_001391,"Oh my… I can't believe it.... I've been looking for this for years. Thank you, thank you very much!",これは盗まれた聖遺物･･･。あなたがみつけてくれたの？ありがとう！ずっと探していたの。英雄ビレリアンにかわってお礼を申し上げま～す。
PROPQUEST_INC_001392,I'd like to give you something for bringing this back to the Kurmin family.,賢者から私のことは聞いてるでしょう？では自己紹介はいりませんね。あなたはナイト後継者の道を目指している方ですね、それでは･･･
PROPQUEST_INC_001393,"This Scroll has only been passed down to the Knights in my family line, until now. I'd like you to have it.",これは我が一族に伝わる由緒ある巻物です、ナイト後継者を目指すものに、次の道を指し示すでしょう。どうかお受け取りください。
PROPQUEST_INC_001394,"What nice weather! Oh, I'm sorry, did you need to speak with me?",いい天気ですね。私に何かご用ですか？
PROPQUEST_INC_001395,Go to the Plain of Bubble to meet Kurmin and give her the Golden Helmet.,このヘルメットを持って、バブルの平原に行こう。そこにいるクルミンという人に会うのだ。
PROPQUEST_INC_001397,Successor of Hero -Altar-,英雄の後継者-祭壇-
PROPQUEST_INC_001398,"To show my gratitude, I’ll help you further along your way towards becoming a Knight.",この巻物は大事にしてくださいね～。これはあなたが英雄の後継者として認められたことを司祭に示す証となりますよ。
PROPQUEST_INC_001399,You’ll need to visit the Altar of Knight at Magmient in Darkon 3.,ではダーコン第3地区のマグミアントに行ってください。そこにナイト祭壇があるはずです。
PROPQUEST_INC_001400,"Lobiet, the Knight Priest, will recognize the scroll I’ve given you…",そこで祭壇を管理している司祭ロビエトにこの巻物を渡してね。そうすれば新たな試練を受けることができるでしょう。
PROPQUEST_INC_001402,Retrieve the 8 Soulstones from regular Wheelems and take them to Lobiet.,ホイールから8個のソウルストーンを取り戻して、司祭に持って行ってください。ホイールです。ジャイアントやスモールではないですよ。
PROPQUEST_INC_001403,"Good luck, Mercenary.",では、幸運をお祈りします。
PROPQUEST_INC_001404,"I know it’s a challenge, but I assure you, the reward is worth it.",ホイールを相手にするのは大変だろうけど、ソウルストーンを取り戻さないと新たな試練を受けることが出来ないそうです。どうかお願いします。
PROPQUEST_INC_001405,"I haven’t a clue why those Wheelems took the stones, but nevertheless, thank Billaon you’ve returned them.",ソウルストーンを取り戻してくれたんだね！ありがとう！しかし、ホイールは一体何のつもりでこれを盗んだんだろうなあ？でも本当によかった！
PROPQUEST_INC_001406,"The Souls of the Heroes can rest, thanks to you.",英雄たちの魂を取り戻すことができたよ。本当にありがとう！
PROPQUEST_INC_001407,What brings you to this holy Altar for the souls of Heroes?,ここは英雄たちの魂を守る祭壇です。何か用かい？
PROPQUEST_INC_001408,Hunt down 8 regular Wheelems (not Bouncing or Rough) and retrieve 8 Soulstones from them.,ホイールから8個のソウルストーンを取り戻して、ダーコン第3地区のマグミアントにいるナイト司祭に持って行こう。ホイールです。ジャイアントやスモールではないです。
PROPQUEST_INC_001410,Successor of Hero -Guardian-,英雄の後継者-守護者-
PROPQUEST_INC_001411,This is the Mark of Heroes. It is a special sigil from the Guardian of the Knight’s Altar that denotes the wearer as a successor of Knight Hero.,じゃあ、これが英雄の証だよ。これは英雄の守護者に後継者の資格を示す証の一つなのさ。
PROPQUEST_INC_001412,You only need one more item to finally become a Knight. You will find it in Guardiane.,後継者として完全に認められるためには、もう一つの証が必要なんだ。それを手に入れるにはガルディアに行かなくちゃね。
PROPQUEST_INC_001413,"In Guardiane, in the Guardian's Room, you will find a spirit called the Venel Guardian.",ガルディアの守護者の部屋には英雄たちの紋章があって、そこには英雄たちの意志が保存されているんだ。
PROPQUEST_INC_001414,"Defeat this spirit, and take his heart. This will be your final test.",この守護者の部屋にいるヴェネル・ガーディアンを倒して、ヴェネル・ハートを取らなきゃいけないんだ。そしてそのハートが最後の証なのさ。
PROPQUEST_INC_001415,"Once you have completed this task, present the heart to Boneper, the Knight Guardian.",それを手に入れたらナイト守護者ボネペルのもとに行ってください。
PROPQUEST_INC_001416,"I wish you luck, Mercenary!",じゃあ、がんばってね。無事に試練を乗り越えられますように！
PROPQUEST_INC_001417,"You’re almost finished, Mercenary. Don’t give up now.",ここまできて、全部諦めちゃうの？そりゃないよ～。これで最後なんだから、もう一度よく考えなよ！
PROPQUEST_INC_001418,Well done! I now officially bestow the title of Knight upon you.,後継者よ。汝は最後の試練を乗り越えた。これからはナイト後継者として新たな道を歩むがよい！奏でる天球の音楽が汝をたたえるであろう。
PROPQUEST_INC_001419,"Billaon, please bless and encourage this Knight as they follow your will!",＜鉄壁の豪腕＞ビレリアンよ、今ここに新たな後継者が誕生しました！この者に祝福と勇気を授けたまえ！
PROPQUEST_INC_001420,Only one recognized as a Knight may pass. Please turn back.,ここは英雄の後継者として認められた者のみが立ち入ることを許される、資格のないものは即刻立ち去るがよい･･･。
PROPQUEST_INC_001421,"Defeat the Venel Guardian, take his heart, and present it to Boneper the Knight Guardian.",ガルディアの守護者の部屋にいる守護精霊＜ヴェネル・ガーディアン＞のハートを手に入れ、ナイト守護者ボネペルに会おう。
PROPQUEST_INC_001424,"So you think you're ready to become a Blade? It isn't easy, but since you've made it this far I think you're up to the challenge.",ブレード後継者の道は茨の道だ。それでも行こうというならば止めはしないが、覚悟はいいか？
PROPQUEST_INC_001427,"Good luck, warrior. I'll be watching.",闇の中に光明があらんことを。
PROPQUEST_INC_001428,Quitting already? But this is the easy part.,諦めるなら早いほうがいいかもな。
PROPQUEST_INC_001429,"Hmm... Good job, I knew you could do this! Now you are qualified as a successor.",まあ、こんなもんだろう。あまり優秀とは言えんがかろうじてパスといったところだな。
PROPQUEST_INC_001430,Congratulations! You passed the first test.,最初の試練を無事乗り越えたな。だが困難なのはこれからだぞ。
PROPQUEST_INC_001431,"Exactly 20 Drillers, Mercenary. That's what you'll need to take your first steps to becoming a Blade.",正確に20匹です。そうではないとあなたの資質が判断できません。本当に後継者になりたいのなら、必ず成し遂げてください。
PROPQUEST_INC_001432,"Karandur is your master, young Mercenary. I can not help you.",あなたは既にナイト後継者の道を選択しましたね。私ではなくカランドルから試練を受けてください。
PROPQUEST_INC_001433,Hunt Down 20 Drillers and return to Corel in Darken City.,ダーコン1地区、キプラと言われている地域に棲息しているドリラーを20匹狩りましょう。
PROPQUEST_INC_001435,Successor of Hero -Earring-,英雄の後継者-イヤリング-
PROPQUEST_INC_001436,This letter of recommendation is proof of your achievements as a Blade-in-Training. Guard it as you would your own life.,これはマスターが後継者としての資質を認めたという推薦書です。あなたの資質が認められるものですから大事にしてください。
PROPQUEST_INC_001437,"Take it to Guabill, the Blade Sage. He resides at the Fountain of Dead Person in the North Leren Mountains.",それではフラリスのレルエン山脈北部にある魂の泉に行って、ブレード賢者ガブリにその推薦書を渡してください。
PROPQUEST_INC_001438,"Before you do that, however, locate the Earring of Heren. It’s hidden somewhere in Heret, in Darkon 3.",あ、その前にダーコン第3地区（ヘルエット）のどこかに隠されているヘレンのイヤリングを取り戻してください。
PROPQUEST_INC_001439,May the mercy of Heren be with you always.,ヘレンの慈悲が共にありますように！
PROPQUEST_INC_001441,Dear me! This… this is Earring of Heren! We thought it had been lost forever!,おお、これは長きにわたり見出されることがなかった、ヘレンの聖遺物ではないか！大変だったろじゃろう、ありがとうな！
PROPQUEST_INC_001442,"It had gone missing in Heret somewhere, and no one could find it. Thank you, you're truly remarkable!",このイヤリングはブレード英雄ヘレン様のものじゃった。伝説のヘルエットの会戦で龍と戦った際に失われ、その後の行方は誰にも分からなかったのだ。
PROPQUEST_INC_001443,Your efforts this day will be forever appreciated.,貴重な聖遺物を取り戻してくれてありがとうな！
PROPQUEST_INC_001444,The souls of many people travel to the Fountain of Dead Person. It is the crossroads between life and death.,この魂の泉は、生の世界と死の世界の出入り口と言われておる。死者の魂がそこから冥界に行き、また冥界から生まれ変わるためにもどってくるといわれている。
PROPQUEST_INC_001445,"Find the Earring of Heren, hidden somewhere in Heret. Then take it and your letter to Guabrill, the Blade Sage at the Fountain of Dead Person in Flaris.",ダーコン第3地区（ヘルエット）からヘレンのイヤーリングを取り戻し、フラリスの魂の泉にいるブレード賢者ガブリに持っていってください。
PROPQUEST_INC_001448,"Now to get the Earring back into the right hands, the Manager of the House of Heren.",この聖遺物はしかるべき者の手に戻さないとな。元の持主はヘレン様じゃが、現在はヘレン様の館を管理している一族が所有権を有しておる。
PROPQUEST_INC_001449,Please deliver it to Ata at the Observatory in Flaris.,その者に会うがよい。名前はアタ。現在フラリスの天文台のノイエから天文学を学んでいるそうじゃ。彼にこの聖遺物を渡してやるがいい。
PROPQUEST_INC_001450,"His family has managed the House of Heren for generations, and they’ve been seeking this earring for just as long. Possessing it again will give them great relief.",アタの一族は代々ヘレンの館を管理しおってな、失われたイヤリングを探すことは一族の使命なのじゃよ。それがやっと叶いそうじゃのう･･･。
PROPQUEST_INC_001451,"Oh, I can just imagine how happy this is going to make them. Hurry along!",この知らせを受け取ったら、アタのやつ大喜びするじゃろうな、フォッフォッフォ
PROPQUEST_INC_001452,"Delivering this earring will not only help Ata’s family, but I’m sure they’d be willing to help you in your quest. Please, reconsider.",この聖遺物を渡すことでおぬしに新たな道が示されるであろう。場所はここからすぐ近くだから、面倒がらずに渡してきてくれぬか？
PROPQUEST_INC_001453,"It this…? Oh, it is! I can finally go home now! Thank you, thank you!",こ、これは？ひょっとして･･･、うわぁ！ありがとうございます。本当にありがとう！これで家に帰れます。先生！ボク帰れるんです！アハハ！
PROPQUEST_INC_001454,"You don’t know how much this means to my family! We’ve been searching for the Earring for so long and now...forgive me for rambling, I’m just so excited!",本当にありがとう！長いあいだの一族の使命が今こそ終わったんです！！･･･ふう、少し興奮しすぎちゃいました。
PROPQUEST_INC_001455,"This Scroll belonged to the Blades in my family line. Since you’re trying to become one, I want you to have it.",これは我が一族に伝わる由緒ある巻物です、ブレード後継者を目指すものに、次の道を指し示すでしょう。どうかお受け取りください。
PROPQUEST_INC_001456,Full Moon out tonight. Strange things usually happen when that occurs…,今日は満月の日で、月はあの山の端から･･･。また北緯35度の･･･ブツブツ
PROPQUEST_INC_001457,Deliver the Earring of Heren to Ata at the Observatory in Flaris.,イヤリングの持主に会いましょう。名前はアタ。現在フラリス天文台のノイエから天文学を学んでいるそうです。彼に聖遺物を渡しましょう。
PROPQUEST_INC_001460,"You’ll want to take it to the Blade Priest, Jeperdy. She manages the Altar of Blades in Brekin, Darkon 3.",じゃぁ、これから司祭に会ってください。司祭ジェファディ様はダーコン第3地区(アリアンス)地域にあるビルポスターの祭壇を管理しています。
PROPQUEST_INC_001461,"Oh, since you're heading that way, could you retrieve a jewel for her called the Tear of Darkness? A Scorpicon in the Plateau of Silence has it, and we believe it could threaten the Souls of Heroes the Altars protect.",その前にセイントモーニングの沈黙の高原に住んでいる毒王カレビアンを退治してもらえますか？カレビアンは「暗黒の涙」と呼ばれる宝玉を使い、英雄たちの魂を暗黒に引きずり込もうとしているようなんです。
PROPQUEST_INC_001462,"Please take it to Priest Jeperdy, and perhaps we can investigate it further.",ブレッキンに行く前に、毒王カレビアンから暗黒の涙を回収し、司祭ジェファディ様にお渡しできますか？何とかしてこの邪悪な宝玉のメカニズムを解析しなければ･･･。
PROPQUEST_INC_001464,"Something this potentially dangerous could bring harm to the Altar of Blade. Please, you must help us retrieve it.",伝承にいわく、暗黒の涙とは古の邪悪な存在が英雄の魂を堕落させるために創ったといわれているんだ。このままでは英雄の祭壇は危機にさらされちゃう。助けてください！
PROPQUEST_INC_001465,"Hmm, just as I thought. Even Soulstones react to it. This requires much more investigation.",ふむ･･･やはり相当危険な物のようだね。それにソウルストーンも確実に暗黒に侵食されているや･･･。はやく原因を把握しないと･･･。
PROPQUEST_INC_001466,"Worry not, young Mercenary. Bringing me the jewel was enough on your part. I’ll do the rest.",ありがとう、大変だっただろ？英雄たちの魂についてはボクに任せて！必ず原因を突き止めるよ。
PROPQUEST_INC_001467,What brings you to this holy Altar for the Souls of Heroes?,ここは英雄たちの魂を守る祭壇です。何かご用かい？
PROPQUEST_INC_001468,"Take the Tear of Darkness from Scorpicon in Plateau of Silence, Saint Morning, and bring it to Priest Jeperdy in Brekin, Darkon 3.",セイントモーニングの沈黙の高原に住んでいる毒王カレビアンから暗黒の涙を回収し、ダーコン第3地区(アリアンス)地域にあるビルポスターの祭壇ジェファディに行きましょう。
PROPQUEST_INC_001471,"Here, take this Mark of the Heroes. It along with one last item will denote your status as a true Blade.",じゃあ、これが英雄の証だよ。実は、このほかにもうひとつ証が必要なんだ。
PROPQUEST_INC_001472,"In the Guardian's Room, you will find a spirit called the $QUEST_END_KILL_NAME$.",ガルディアンの守護者の部屋というところがありますが、この場所は英雄の紋章があるところで、英雄たちの意志が保存されています。 ここでは、$QUEST_END_KILL_NAME$という精霊を見つけることができます。
PROPQUEST_INC_001474,"Once you have completed this task, present the heart to Sencyrit, the Blade Guardian.",それを手に入れたらブレード守護者センシリトのもとに行ってください。
PROPQUEST_INC_001475,I wish you luck.,じゃあ、がんばってね。無事に試練を乗り越えられますように！
PROPQUEST_INC_001477,Well done! I now officially bestow the title of Blade upon you.,後継者よ。汝は最後の試練を乗り越えた。これからはブレード後継者として新たな道を歩むがよい！聖王の慈悲が雨のごとく汝に降り注ぐであろう！
PROPQUEST_INC_001478,"Heren, please bless and encourage this Blade as they follow your will!",＜疾風の刃＞ヘレンよ、今ここに新たな後継者が誕生しました！この者に祝福と勇気を授けたまえ！
PROPQUEST_INC_001479,Only one recognized as a Blade may pass. Please turn back.,ここは英雄の後継者として認められた者のみが立ち入ることを許される、資格のないものは即刻立ち去るがよい･･･。
PROPQUEST_INC_001480,"Defeat the Venel Guardian, take his heart, and present it to Sencyrit the Blade Guardian in Guardiane.",ガルディアの守護者の部屋にいる守護精霊＜ヴェネル・ガーディアン＞のハートを手に入れ、ブレード守護者センシリトに会おう。
PROPQUEST_INC_001483,"So you think you're ready to become a Billposter? It isn't easy, but since you've made it this far I think you're up to the challenge.",ビルポスター後継者の道を歩む覚悟はできていますか？では、ご案内します。
PROPQUEST_INC_001486,Good luck. I'll be watching.,では頑張ってくださいね。
PROPQUEST_INC_001488,Excellent work! Now you're on your way to becoming a Billposter.,最初の試練を無事乗り越えましたね。おめでとうございます。
PROPQUEST_INC_001489,Exactly 20 Drillers. That's what you'll need to take your first steps to becoming a Billposter.,正確に20匹です。そうではないとあなたの資質が判断できません。本当に後継者になりたいのなら、必ず成し遂げてください。
PROPQUEST_INC_001490,"Ellend is your master, young Assist. I can not help you.",あなたは既にリングマスターの後継者の道を選択しましたね。私ではなくイレンドから試練を受けてください。
PROPQUEST_INC_001491,Hunt Down 20 Drillers and return to Ride in Darken City.,ダーコン1地区、キプラと言われている地域に棲息しているドリラーを20匹狩りましょう。
PROPQUEST_INC_001493,Successor of Hero -Hall Document-,英雄の後継者-秘伝書-
PROPQUEST_INC_001494,This letter of recommendation is proof of your achievements as a Billposter. Guard it as you would your own life.,これはマスターが後継者としての資質を認めたという推薦書です。あなたの資質が認められるものですから大事にしてください。
PROPQUEST_INC_001495,"Take it to Domek, the Billposter Sage. He resides at Fountain of Dead Person in the Northern Leren Mountains.",それではフラリスのレルエン山脈北部にある魂の泉に行って、ビルポスター賢者ンドゥークにその推薦書を渡してください。
PROPQUEST_INC_001496,"Before you do that, however, retrieve the Hall Document from Hoiren. He's hiding somewhere in the Garden of Rhisis.",あ、その前にリシスの庭園のどこかに潜んでいる背信者ヴェスパーから秘伝書を獲得してください。
PROPQUEST_INC_001497,Luck be with you.,うまく行くといいですね。がんばってね！
PROPQUEST_INC_001499,"Your skill must be extraordinary if you were able to take this document from Hoiren, good work!",ほほう、この秘伝書を持ってくるとは･･･。ヴェスパーは手ごわかったじゃろう？いやいや、大儀じゃった。
PROPQUEST_INC_001500,"The Billposter Hero Roentel originally owned this document, but his pupil Hoiren stole it when he died.",この秘伝書はな、ビルポスター英雄ロエンテール様の奥義の秘伝が記されておるのじゃ。ヴェスパーのやつは元々はロエンテール様の弟子だったんじゃが、英雄が亡くなった際に秘伝書を奪って逃亡した。
PROPQUEST_INC_001501,"Hoiren hid it away, and no one could find it until now. We deeply appreciate your efforts to return it.",しかし、邪悪な心で秘伝書を使ったためにその姿も徐々に邪悪なものに変わってしまったのだ･･･。ああ、話はここまでにしようか。とにかくこんな貴重な聖遺物を取り戻してくれたことにはもう一度感謝するよ。
PROPQUEST_INC_001502,Such a peaceful place...if only these other Sages would stop with their chattering I could get some writing done...,ここは静かなところじゃ。まわりはわしと一緒のじじいばっかりじゃがな。フォッフォッフォ。考え事をしたり文章を書いたりするにはうってつけの場所じゃわい。
PROPQUEST_INC_001503,"Retrieve the Hall Document from Hoiren, who is hiding somewhere in the Garden of Rhisis. Then deliver it and your letter to Domek the Billposter Sage. You can find him at the Fountain of Dead Person.",リシスの庭園に潜んでいるヴェスパーから秘伝書を取り戻し、フラリスの魂の泉にいるビルポスター賢者ンドゥークに持っていってください。
PROPQUEST_INC_001506,The rightful caretaker of the Hall Document is Segho of the Pesin family. They have been managing Roentel’s Hall of the Martial Arts for generations.,おぬしにやってほしいことを伝えよう。この聖遺物をロエンテール様の聖遺物を管理しているペシン家のセグホに渡してほしいのだ。
PROPQUEST_INC_001507,"He is out of the Hall right now, doing some adventuring of his own in Flaris.",ところが、セグホは山が大好きでな。フラリスでこの秘伝書が発見されたとのデマで、この辺に来ているようなのじゃが・・・。
PROPQUEST_INC_001508,"He’s an accomplished mountaineer, so you may be able to find him in the Leren Mountains. Present him with the Hall Document when you find him.",山が好きだから、山に登っているじゃろうな。レルエン山脈を探してみるがいい。とにかくセグホにこの秘伝書を渡してくれ。
PROPQUEST_INC_001510,"Very well, then. Perhaps someone truly worthy of becoming a Billposter will come along to deliver this for me...",英雄の聖遺物はしっかりとした管理者の手にゆだねる必要がある。面倒がらずにきちんと後継者の義務を果たすのじゃ！
PROPQUEST_INC_001511,"Surprised to run into somebody else this high up. I’m looking for Roentel’s Hall Document, you wouldn’t happen to have heard about it… well, what d’ya know...",あら？おれっちに何か用け？おお、この文書は！文書がフラリスにあるという噂を聞いたけどただの噂ではなかったみてぇだな。
PROPQUEST_INC_001512,"Thanks for bringing this back to us, now I can finally get back to the Hall. Say, I knew I had a good reason to bring this along. Let’s see... *rummaging*",あんがと。んだばもう帰らんとなぁ。そだ、ひょっとしてこんなこともあろうかと持ってきといたもんがあるだよ。
PROPQUEST_INC_001513,There you go. Every Billposter in my family line possessed this Scroll. Now it’s yours.,えっとぉ･･･、あったあった。これは俺の家に伝わる巻物でな、ビルポスター後継者を目指すものに、次の道を指し示すもんだ。どうか受け取ってくんろ。
PROPQUEST_INC_001514,"Ahh, Leren Mountains. The root of Flaris itself, perfect for surveying every spot on the map.",レルエン山はぁ～♪、フラリスのぉ～名山～♪、あ～ヨイヨイ。
PROPQUEST_INC_001515,Deliver the Hall Document to Segho in the Leren Mountains.,レルエン山脈を探してみよう。そこにいるセグホにこの印章文章を渡しましょう。
PROPQUEST_INC_001518,"Head on over to Fera, the Billposter Priest. She manages their Altar in Arians, Darkon 3.",じゃぁ、これから司祭様に会ってくんろ。司祭ぺラ様はダーコン第3地区(アリアンス)地域にあるビルポスターの祭壇を管理してらっしゃるだ。
PROPQUEST_INC_001519,"She’s been looking for the Poster of Skill which contains Shadow Avatar, Roentel’s most devastating technique.",あ、ぺラ様はとっても大事な物を探しとるだ。ニーベルン・ポスターつうもんで、これは英雄ロエンテール様だけが使えたという封印奥義、シャドウアバターのポスターだっちゅう話じゃ。
PROPQUEST_INC_001520,"Rumor has it that grave-robbers controlling the Steam Walkers have gotten a hold of it. Take it back from them, and get it into Fera’s hands.",噂によると、スチームウォーカーを操る墓泥棒がそれを手に入れたという。彼らからそれを取り戻し、ベラの手に渡せ。
PROPQUEST_INC_001521,"Good luck, friend!",んだば！たのんだど！
PROPQUEST_INC_001522,"Someone with evil intentions using Shadow Avatar could lead to catastrophe. Please, reconsider!",ニーベルン・ポスターは封印奥義シャドウ・アバターを発動するために作られたんだども、万が一悪用されると大変なことになっちまうんだ･･･。そうなる前に見つけてくんろ！
PROPQUEST_INC_001523,"Well done! People say that only Roentel can use this, but with Billposters like you around, who knows?",あぁ、本当に見つけてくれたんだね。ありがとう！今までロエンテール様以外にこれの使い方がわかる人がいませんでしたが、これからもいないわけではないからね。
PROPQUEST_INC_001524,"Until then though, I’ll do my best to protect it.",ありがとうございます。悪用されないよう、これからは厳重に保管するよ。
PROPQUEST_INC_001526,"Retrieve the Poster of Skill from the Steam Walkers, then bring it to Fera in Arians, Darkon 3.",スチームウォーカーからニーベルン・ポスターを回収し、ダーコン第3地区（アリアンス）にいるビルポスター司祭ぺラに会いましょう。
PROPQUEST_INC_001529,"Here, take this Mark of the Heroes. It along with one last item will denote your status as a true Billposter.",じゃあ、これが英雄の証だよ。実は、このほかにもうひとつ証が必要なんだ。
PROPQUEST_INC_001532,"Once you have completed this task, present the heart to Capafe, the Billposter Guardian.",それを手に入れたらビルポスター守護者カペーペのもとに行ってください。
PROPQUEST_INC_001534,"You’re almost finished, Assist. Don’t give up now.",何かを成し遂げるには大変なことです。ここまでやっておきながらその結果を見ずにやめてしまうんですか？
PROPQUEST_INC_001535,Well done! I now officially bestow the title of Billposter upon you.,後継者よ。汝は最後の試練を乗り越えた。これからはビルポスター後継者として新たな道を歩むがよい！舞踏する神の息吹が汝の心臓にも宿るであろう。
PROPQUEST_INC_001536,"Roentel, please bless and encourage this Billposter as they follow your will!",＜鋼の拳＞ロエンテールよ、今ここに新たな後継者が誕生しました！この者に祝福と勇気を授けたまえ！
PROPQUEST_INC_001537,Only one recognized as a Billposter may pass. Please turn back.,ここは英雄の後継者として認められた者のみが立ち入ることを許される、資格のないものは即刻立ち去るがよい･･･。
PROPQUEST_INC_001538,"Defeat the guardian spirit, Venel Guardian, and get it's heart. Then please visit Capafe who is the Billposter Guardian.",ガルディアの守護者の部屋にいる守護精霊＜ヴェネル・ガーディアン＞のハートを手に入れ、ビルポスター守護者カペーペに会おう。
PROPQUEST_INC_001541,"So you think you're ready to become a Ringmaster? It isn't easy, but since you've made it this far I think you're up to the challenge.",リングマスター後継者の道を歩む覚悟はできていますか？では、ご案内します。
PROPQUEST_INC_001544,I will be watching you.,私がマスターになったばっかりなので、まだ慣れてない部分もあるけど一生懸命がんばります！
PROPQUEST_INC_001547,Excellent work! Now you're on your way to becoming a Ringmaster.,最初の試練を無事乗り越えましたね。おめでとうございます。
PROPQUEST_INC_001548,Exactly 20 Drillers. That's what you'll need to take your first steps to becoming a Ringmaster.,正確に20匹です。そうではないとあなたの資質が判断できません。本当に後継者になりたいのなら、必ず成し遂げてください。
PROPQUEST_INC_001549,"Ride is your master, young Assist. I can not help you.",あなたは既にビルポスター後継者の道を選択しましたね。私ではなくライドから試練を受けてください。
PROPQUEST_INC_001550,Hunt Down 20 Drillers and return to Ellend in Darken City.,ダーコン1地区、キプラと言われている地域に棲息しているドリラーを20匹狩りましょう。
PROPQUEST_INC_001552,Successor of Hero -Seal-,英雄の後継者-印章-
PROPQUEST_INC_001553,This letter of recommendation is proof of your achievements as a Ringmaster. Guard it as you would your own life.,これはマスターが後継者としての資質を認めたという推薦書です。あなたの資質が認められるものですから大事にしてください。
PROPQUEST_INC_001554,"Take it to Clamb, the Ringmaster Sage. He resides at the The Fountain of Dead Person in the Northern Leren Mountains.",それではフラリスのレルエン山脈北部にある魂の泉に行って、リングマスター賢者クラムボにその推薦書を渡してください。
PROPQUEST_INC_001555,"Before you do that, however, retrieve the Seal of Aenn from Roy near the Plateau of Silence in Saint Morning.",その前に、セイントモーニング沈黙の高原近くに住んでいるロイからエイエンの封印を手に入れてください。
PROPQUEST_INC_001556,May Aenn’s mercy be with you always.,幸運の女神があなたに振り向きますように。
PROPQUEST_INC_001558,The Seal of Aenn! Someone’s finally found the Aenn family symbol!,おお、これはエーエンヌ様の印章。おぬしが見つけたのか！この印章はエーエンヌ様の家門を象徴する印章で、とても価値のある聖遺物じゃ。
PROPQUEST_INC_001559,"I’d always heard that Roy would steal anything of value, but I never thought he’d have a mind to take the Seal!",高価なものには目がないレンというやつがこれを盗んだという噂があったが、それは本当だったということじゃな。
PROPQUEST_INC_001560,Your efforts are most appreciated!,ようやってくれた。ありがとうな。
PROPQUEST_INC_001561,You're a long way from a doctor’s office… but I am still a healer of the sick and injured.,わしは以前医療神官じゃった。今はなくなった職業じゃがの。当時は＜神の癒し手＞とよばれて、若いギャルに大人気じゃったわい！カッカッカッ。
PROPQUEST_INC_001562,"Retrieve the Seal of Aenn from Roy near the Plateau of Silence in Saint Morning, then take it to Clamb, the Ringmaster Sage. You can find him at the Fountain of Dead Person.",セイントモーニングの沈黙の高原でエーエンヌの印章を取り戻してから、フラリスの魂の泉にいるリングマスター賢者クラムボに会いましょう。
PROPQUEST_INC_001565,"Now, deliver the Seal to Teshar, the leader of Kyon Soldiers.",じゃぁ、この遺物をフラリスのキオン傭兵団の団長テサルに渡してくれ。　
PROPQUEST_INC_001566,Teshar and her Mercenaries can be found in Eastern Flarine.,傭兵団の基地はフラリスのイストプルの外郭にあるから、その辺を探せばすぐ見つかるはずじゃ。
PROPQUEST_INC_001567,Make haste!,よろしくお願いします。
PROPQUEST_INC_001568,"The Seal is very important, and you’re one of the only people able to keep it safe. Please, reconsider taking this task.",この聖遺物はしかるべき場所で厳重に管理されねばならぬ大事なものじゃ。後継者の責務を自覚せい！
PROPQUEST_INC_001569,"Greetings, I am Teshar, and I lead Kyon’s company of soldiers for hire. How may I help...oh my. How did you find this? I’ve looked all over Flaris for it.",私はキオン傭兵団団長テサルといいます。これをどこで？我が傭兵団全ての総力を結集してフラリス中を探し回ったのだが･･･。
PROPQUEST_INC_001570,"In Saint Morning, really? That explains why I never ran across it. Anyway, thank you very much. Please, take this as a token of my appreciation.",なるほど、セイントモーニングにあったのだな。感謝する！やっと一族の使命を果たすことができた。そうだ、君にこれを託そう。
PROPQUEST_INC_001571,This Scroll was passed down to each Ringmasters in my family. I’d like you to have it.,これは後継者に差し上げる巻物だ。リングマスター後継者を目指すものに、次の道を指し示すでだろう。どうか受け取ってくれ。
PROPQUEST_INC_001572,"Even though the Kyon are hired soldiers, we do not follow just anyone because of the money. We respect faith and royalty.",キオン傭兵団は金のために善悪を考えず動く集団ではない。常に正義の道を尊重しているのだ。
PROPQUEST_INC_001573,Deliver the Seal of Aenn to Teshar in Eastern Flarine.,この遺物をフラリスのイストプルの外郭にいるキオン傭兵団の団長テサルに渡しましょう。
PROPQUEST_INC_001576,"Now, since you’re going to become a Ringmaster, you should see the Ringmaster Priest, Heedan, in Darkon 3.",じゃあ、これから司祭に会ってください。司祭ヒエロニム様はダーコン第3地区にあるリングマスター祭壇を管理していらっしゃる。
PROPQUEST_INC_001577,She’s been trying to track down the Teardrop of Aenn that was stolen by Hunter X.,ヒエロニム様はとっても大事な物を探していらっしゃる。虚人ウィシュパヌアスが盗んだエーエンヌの涙玉石というアイテムなのだが、それを取り戻したいのだそうだ。
PROPQUEST_INC_001578,"If you can get it back, you’d help her out a great deal.",あれは決して盗賊が持っていていいような宝ではない。何とかして取り戻してくれ！
PROPQUEST_INC_001581,But… you must do it if you are to become a Ringmaster.,その宝は、マドリガルの至宝とされるほどの価値がある。是非取り戻してくれ！
PROPQUEST_INC_001582,"Great job, now everything is at it should be.",ありがとう！貴重な宝をよく取り戻してくれたね！
PROPQUEST_INC_001583,Thank you very much. I will do my best to keep it safe.,ありがとう！二度と奪われないよう厳重に管理するよ！
PROPQUEST_INC_001584,"I have given you your task, young one. Please do it.",ここは英雄たちの魂を守る祭壇です。何か用かい？
PROPQUEST_INC_001585,"$QUEST_END_KILL_NAME$ is in Darkon 1. Find him, get back the $QUEST_END_ITEM_NAME$, and take it to Heedan in Cendil, Darkon 3.",ダーコン第1地区に住んでいる＜$QUEST_END_KILL_NAME$＞から＜$QUEST_END_ITEM_NAME$＞を取り戻し、ダーコン3のセンディルにいるリングマスター司祭ヒエロニム様に持っていってください。
PROPQUEST_INC_001588,Here is the Symbol of the Hero. You have to complete one more task in order to be recognized as a Successor of the Hero.,じゃあ、これが英雄の証だよ。実は、このほかにもうひとつ証が必要なんだ。
PROPQUEST_INC_001589,"There is a place called the Room of the Guardian. You can find it in Guardiane. There, the Will of Heroes is protected.",ガルディアの守護者の部屋には英雄たちの紋章があって、そこには英雄たちの意志が保存されているんだ。
PROPQUEST_INC_001590,"Defeat the guardian spirit, Cardinal Guardian, and retrieve his heart.",この守護者の部屋にいるヴェネル・ガーディアンを倒して、ヴェネル・ハートを手にいれてください。そのハートが最後の証なのさ。
PROPQUEST_INC_001591,"Then, deliver the heart to Romvoette, the Ringmaster Guardian in Guardiane.",それを手に入れたらリングマスター守護者ロモボエトのもとに行ってください。
PROPQUEST_INC_001592,"I wish you luck, Assist.",じゃあ、がんばってね。無事に試練を乗り越えられますように！
PROPQUEST_INC_001593,"You've come all this way just to give up? This is the last step. Please, think this through.",えー！こまできてやめちゃうのかい？せっかくここまでがんばったのに。もう一度よく考えなよ！
PROPQUEST_INC_001594,"Welcome, Assist. You've done very well! Now, I appoint you the Successor of the Ringmaster Hero!",後継者よ。汝は最後の試練を乗り越えた。これからはリングマスター後継者として新たな道を歩むがよい！運命の女神の紡ぐ糸は、汝の運命に新たな綾を織り成すであろう。
PROPQUEST_INC_001595,"Aenn, bless and watch over this person who is following your will, Ringmaster!",＜神の声を聞く者＞エーエンヌよ、今ここに新たな後継者が誕生しました！この者に祝福と勇気を授けたまえ！
PROPQUEST_INC_001596,"I believe you've come here by mistake, Assist. Have you forgotten your task?",ここは英雄の後継者として認められた者のみが立ち入ることを許される、資格のないものは即刻立ち去るがよい･･･。
PROPQUEST_INC_001597,"Defeat the Cardinal Guardian in Guardiane and retrieve his heart. Then visit Romvoette, the Ringmaster Guardian in Guardiane",ガルディアの守護者の部屋にいる守護精霊＜ヴェネル・ガーディアン＞のハートを手に入れ、リングマスター守護者ロモボエトに会おう。
PROPQUEST_INC_001600,"So, you think you're ready to become a Successor of the Psykeeper Hero? You've come a long way, Magician. I think you're ready.",サイキーパー後継者の道を歩む覚悟はできていますか？では、ご案内します。
PROPQUEST_INC_001601,"First, we'll need to test your skills in combat if we are to continue down this path.",まずあなたが後継者としての資質を持っているか、簡単にテストを行います。この試験によりあなたの戦闘能力を見させてもらいます。
PROPQUEST_INC_001602,"I want you to defeat $QUEST_END_KILL_COUNT$ $QUEST_END_KILL_NAME$s. Not Small $QUEST_END_KILL_NAME$s or Giant $QUEST_END_KILL_NAME$s, just $QUEST_END_KILL_NAME$s. They are located southwest of the Gouthan Mountains.",キプラと呼ばれる地域に生息する$QUEST_END_KILL_COUNT$匹の$QUEST_END_KILL_NAME$を倒してください。スモール・$QUEST_END_KILL_NAME$、ジャイアント・$QUEST_END_KILL_NAME$ではなく、$QUEST_END_KILL_NAME$を倒してきてください。ゴウダン山脈南西にいるはずです。
PROPQUEST_INC_001603,"I will be watching you, Magician. Good luck!",ではご武運を祈ります。
PROPQUEST_INC_001604,You're giving up now before you've even started?,確かに容易な道ではないと話していたと思いますが･･･。やはり辞めるのですか？
PROPQUEST_INC_001605,"Yes, very well done, Magician. You've certainly come a long way. You're ready to become a Successor to the Psykeeper Hero.",最初の試練を無事乗り越えましたね。おめでとうございます。
PROPQUEST_INC_001606,"I've already given you your task, my friend. You must hurry.",既に任務を渡しました。急いでください。
PROPQUEST_INC_001607,"Horison tells me you've already chosen the path of the Elementor. I cannot aid you. If you have any questions, please ask her. You can still cancel the other job quest in the Quest Window and come back to me.",あなたは既にエレメンター後継者の道を選択しましたね。私ではなくホライズンを訪ねてください。
PROPQUEST_INC_001608,"Defeat $QUEST_END_KILL_COUNT$ $QUEST_END_KILL_NAME$s. Not Small $QUEST_END_KILL_NAME$s or Giant $QUEST_END_KILL_NAME$s, just $QUEST_END_KILL_NAME$s. They are located southwest of the Gouthan Mountains.",ダーコン1地区、キプラと言われている地域に棲息している$QUEST_END_KILL_COUNT$、スモール以外の$QUEST_END_KILL_NAME$を倒してください。部下 $QUEST_END_KILL_NAME$や、ボス$QUEST_END_KILL_NAME$ではなく $QUEST_END_KILL_NAME$です。ゴウダン山脈も南西側にいます。
PROPQUEST_INC_001610,Successor of Hero -Underwear-,英雄の後継者-魔力強化の護符-
PROPQUEST_INC_001611,Here is your Letter of Recommendation. This shows that I have recognized your potential. Do not lose this document.,これはマスターが後継者としての資質を認めたという推薦書です。あなたの資質が認められるものですから大事にしてください。
PROPQUEST_INC_001612,"For your next assignment, I need you to retrieve the Magic Underwear of Power from Kynsy who is hiding somewhere near the Erons Factory in Darkon 1.",それではフラリスのレルエン山脈北部にある魂の泉に行って、サイキーパー賢者クリサリスにその推薦書を渡してください。
PROPQUEST_INC_001614,"Good luck to you, Magician!",では、お待ちします。
PROPQUEST_INC_001615,"Are you afraid to walk the path of the Psykeeper? Sure, it's not easy, but I think you have what it takes. Speak with me again if you change your mind.",何を恐れているのですか？恐怖を克服しないと本物のサイキーパーにはなれませんよ！
PROPQUEST_INC_001616,"Yes, you found them! Amazing! What…? Do I like girl's underwear? What a silly question!",よ～く手に入れたのう。え？私が女性の下着を見て喜んでいるだと？まさか！！！
PROPQUEST_INC_001617,"Anyway, you did an excellent job acquiring these. I will continue your training immediately.",これを手に入れるのは大変だったじゃろうなぁ。え、もしかして力づくで奪ったのか？まぁ･･･。そんなこともあるわいのぅ、フォッフォッフォ。
PROPQUEST_INC_001618,"Well, I certainly look dashing in these! *snicker*",ようやった、ようやった。
PROPQUEST_INC_001619,"Now, where did I put my underwear...",わしがサイラの師匠じゃよ。あいつは真面目すぎて頭が固いのがいかん。何事にもとらわれない自由な心が魔法を行使する上では大事だというのにのう。
PROPQUEST_INC_001620,"Deliver the $QUEST_END_ITEM_NAME$ and the Letter of Recommendation to Cuarine, the Psykeeper Wiseman at the Fountain of Dead Person near the Northern Leren Mountains.",ダーコン第1地区（エランパークス）に潜んで住んでいる＜$QUEST_END_ITEM_NAME$＞から魔力強化の護符を取り戻してから、フラリスの魂の泉にいるサイキーパー賢者クリサリスに会いましょう。
PROPQUEST_INC_001623,"Alright, so let's move on. Deliver the Magic Underwear of Power to Ryupang in Madren Town",それではこれからしなければならんことを伝えよう。この魔力強化の護符をフラリスにおる義賊団の団長リュハンに渡すのじゃ。
PROPQUEST_INC_001624,"Make haste, Magician!",では、またのう～。
PROPQUEST_INC_001625,"Ryupang NEEDS that underwear! Please, think it over!",なんと！いやじゃと！？とても大事なものだということが分からんのか？
PROPQUEST_INC_001626,"Hmmm… yes? What've you go there, young Magician?",うん？義賊団最高の諜報員が見つけ出せなかったものを見つけてくるなんて･･･君･･･やるね！
PROPQUEST_INC_001627,"The Magic Underwear of Power! Where did you find them? No matter, the important thing is that we now have this very important relic.",ああ、ありがとう！そうだ、これを受け取ってくれ。
PROPQUEST_INC_001628,"Take this, my friend. This Stamped Scroll will prove you are worthy to become a Successor of the Psykeeper Hero.",これは後継者に差し上げる巻物だ、サイキーパー後継者を目指すものに、次の道を指し示すだろう。どうか受け取ってくれ。
PROPQUEST_INC_001629,We are the survivors of the Massacre of the Mr. Pumpkins. We became soldiers to fight back and seek our revenge. Curse those Pumpkin-heads!,義賊団はかの忌まわしき「血のハロウィン事件」の生存者たちがカボチャ男爵に復讐するため結成したのさ、今は義賊団として活動しているけどな。
PROPQUEST_INC_001630,Deliver the Magic Underwear of Power to Ryupang in Madren Town.,マッドランタウンで調査活動をしている義賊団の団長リュハンにこの魔力強化の護符を渡しましょう。
PROPQUEST_INC_001633,"No, on to your next challenge, Magician! I need you to speak with someone.",いいえ、次の挑戦に挑もう！マジシャン！ 私は君と話さないといけません。
PROPQUEST_INC_001634,"Pereb, the Psykeeper Priest, is trying to locate an ancient Relic from the war somewhere in the Cave of Envy in Darkon 2. It's called the Trace of Offerep.",ハーマイオ様はダーコン第2地区（エイエンブルケーブ）のどこかにあるオルファー様の聖遺物を探していたなぁ。相当価値のあるものらしいね。
PROPQUEST_INC_001636,"Well, what are you waiting for? Get moving!",では、よろしくお願いします。
PROPQUEST_INC_001637,"Don't give up now, Magician. You're so close!",あのなあ、俺らも暇や酔狂で探してるんじゃないんだぜ！真面目にやってくれ。
PROPQUEST_INC_001638,"I am grateful that you've brought the Trace of Offerep, Magician. I have been searching for this for a very long time.",ああ、これはオルファー様の･･･。なんて嬉しい！この日をどんなに待っていたか。･･･ああ、ごめんよ、涙が止まらないや･･･。
PROPQUEST_INC_001639,"You possess great potential, young Magician. Keep working hard and you will realize your dream.",どうもありがとう！やっとあるべきところにろに戻さってきたね。オルファー様、お帰りなさい･･･。
PROPQUEST_INC_001640,"This is the alter where the Souls of Heroes are protected. What can I do for you, young one?",ここは英雄たちの魂を守る祭壇です。何か用かい？
PROPQUEST_INC_001641,"Locate the $QUEST_END_ITEM_NAME$, and present it to Pereb, the Psykeeper Priest at the Altar of Psykeeper in Darkon 3.",ダーコン第2地区（エイエンブルケーブ）のどこかにある＜$QUEST_END_ITEM_NAME$＞を見つけてから、ダーコン第3地区（ヘルエット）にいるサイキーパー司祭ハーマイオ様に会いましょう。
PROPQUEST_INC_001644,This is the Symbol of the Hero. There is only one more task to complete before you can be named a Successor of the Psykeeper Hero.,じゃあ、これが英雄の証だよ。実は、このほかにもうひとつ証が必要なんだ。
PROPQUEST_INC_001645,"There is a place called the Room of the Guardian. You'll find it in Guardiane. There, the Will of the Heroes is protected.",ガルディアの守護者の部屋には英雄たちの紋章があって、そこには英雄たちの意志が保存されているんだ。
PROPQUEST_INC_001646,"You must confront the $QUEST_END_KILL_NAME$, who resides there, and retrieve his heart.",この守護者の部屋にいる $QUEST_END_KILL_NAME$を倒して、ヴェネル・ハートを取らなきゃいけないんだ。そしてそのハートが最後の証なのさ。
PROPQUEST_INC_001647,"Deliver the Venel Heart to Shyniff, the Psykeeper Guardian in Guardiane.",それを手に入れたらサイキーパー守護者シーニフのもとに行ってください。
PROPQUEST_INC_001648,"May the wisdom of the Heroes guide you, young one.",じゃあ、がんばってね。無事に試練を乗り越えられますように！
PROPQUEST_INC_001649,"Quitting now would be foolish, young one. Give it some though and speak to me again should you change your mind.",うそーん！ほんとにやめちゃうの？ここまできてやめちゃうなんて、君転職を何だと思ってるんだい？
PROPQUEST_INC_001650,"Welcome, Magician. Your journey to becoming a Psykeeper is now complete. I now appoint you, a Successor of the Psykeeper Hero!",後継者よ。汝は最後の試練を乗り越えた。これからはサイキーパー後継者として新たな道を歩むがよい！古き神々の叡智が汝の額に宿るであろう。
PROPQUEST_INC_001651,"Offerep, please guide and protect this brave soul who is following in your path, Psykeeper!",＜閉じられし瞳＞オルファーよ、今ここに新たな後継者が誕生しました！この者に祝福と勇気を授けたまえ！
PROPQUEST_INC_001652,"I am awaiting a new Successor to the Psykeeper Hero. If that is you, I believe you may be forgetting something, young one.",ここは英雄の後継者として認められた者のみが立ち入ることを許される、資格のないものは即刻立ち去るがよい･･･。
PROPQUEST_INC_001653,"Defeat the Venel Guardian, and deliver the Venel Heart to Shyniff, the Psykeeper Guardian in Guardiane.",ガルディアの守護者の部屋にいる守護精霊＜ヴェネル・ガーディアン＞のハートを手に入れ、サイキーパー守護者シーニフに会おう。
PROPQUEST_INC_001656,"So, you think you're ready to become a Successor of the Elementor Hero? You've come a long way, Magician. I think you're ready.",エレメンター後継者の道を歩む覚悟はできていますか？では、ご案内します。
PROPQUEST_INC_001661,"Yes, very well done, Magician. You've certainly come a long way. You're ready to become a Successor to the Elementor Hero.",最初の試練を無事乗り越えましたね。おめでとうございます。
PROPQUEST_INC_001663,You've already made a decision to become a Successor of the Psykeeper Hero. You have to visit Ellend to continue your training.,あなたは既にサイキーパー後継者の道を選択しましたね。私ではなくイレンドから試練を受けてください。
PROPQUEST_INC_001666,Successor of Hero -Feather-,英雄の後継者-魔力増加の羽飾り-
PROPQUEST_INC_001667,Here is your Letter of Recommendation. This shows that the master recognizes your potential. Do not lose this document.,これはマスターが後継者としての資質を認めたという推薦書です。あなたの資質が認められるものですから大事にしてください。
PROPQUEST_INC_001668,"For your next assignment, I'll need you to get the Feather of Magic Power which is located somewhere in Magmient, in Darkon 3.",次の任務では、マグミエントのどこか、ダーコン3地域にある魔法の力の羽を手に入れる必要があります。
PROPQUEST_INC_001669,"Once you've located the feather, present it to Cuzrill, the Elementor Wiseman near the Fountain of Dead person in Flaris.",あ、その前にダーコン第3地区（マグミアント）のルイア棲息地で魔力増加の羽飾りを獲得してください。それを持ってカズリルに会ってください。
PROPQUEST_INC_001670,I pray the mercy of Lillip will always be with you.,リリプ様の知恵が共にありますように。
PROPQUEST_INC_001671,"Don't underestimate yourself, Magician. The path is meant to be difficult. Let me know if you change your mind.",あなたの知恵は十分ですよ、既にその資格を認められてるのですから。もっと自信をもって！
PROPQUEST_INC_001672,"An, yes. The Feather of Magic power! It is said that this was crafted by Lillip and made from the feather of a Luia. It can double your magic power.",おお、見つけおったのぅ。これはリリプがルイアの羽で作った魔力増幅術具で、自分の魔力を2倍ほど増加させてくれる効果があると言われているんじゃよ。
PROPQUEST_INC_001673,"I sure know a lot about it, don't I? Hahaha! Thank you for finding this, Magician.",どうだ？詳しいじゃろ？カッカッカッ。でもよく見つけたのう、大変じゃっただろ？
PROPQUEST_INC_001674,I am just as clever as the Elementor Priest! Maybe I'm even more clever than her! I am surrounded by jealous people!,エレメンターのことならわしになんでもきくがいい。司祭様と同じくらい知ってるぞ。カッカッカッ、こんなこといってると、調子に乗るなといわれそうじゃな。カッカッカッ。
PROPQUEST_INC_001675,"Locate the Feather of Magic Power and present it to Cuzrill, the Elementor Wiseman near the Fountain of Dead person in Flaris.",ダーコン第3地区（マグミアント）のルイア棲息地で魔力増加の羽飾りを取り戻してから、フラリスの魂の泉にいるエレメンター賢者カズリルに持っていってください。
PROPQUEST_INC_001678,"Now, I need you to deliver this relic to Parine, Tina's helper at Saint City Station.",じゃあ、１つお願いがある。魔力増加の羽飾りをセイントモーニングのステーションで補助をしているパリンノに渡してくれ。
PROPQUEST_INC_001679,"Take good care of that relic, and good luck!",では、わしの英雄史記の執筆のためにもがんばってくれい！
PROPQUEST_INC_001680,What? You did all this just to get your filthy hands on that relic? That's just… awful. I'm speechless.,おいっ！あんまりにもそっけないのう･･･。これはとても価値のある遺物じゃぞ？最近の若いものはノリが悪いわい。
PROPQUEST_INC_001681,"You've found it! Oh thank you, thank you, thank you! Finally, I have it! The Feather of Magic Power!",まあ、これは私が探していた聖遺物じゃない！どこにあったの？
PROPQUEST_INC_001682,"You must have been through a lot to acquire this for me. Here, I have something for you…",なるほど、それじゃあ私がいくら探しても見つからないはずだわ～。あ・り・が・と。お礼にこれをあげるわぁ。
PROPQUEST_INC_001683,"Take this, my friend. This Stamp Scroll will prove you are worthy to become a Successor of the Elementor Hero.",これは我が一族に伝わる由緒ある巻物です、エレメンター後継者を目指すものに、次の道を指し示すでしょう。どうぞ受け取って！うふ。
PROPQUEST_INC_001684,"I am the scion of Lillip. At the moment, I am learning from Tina about managing the Saint City Station. Why are you here? Are you forgetting something?",私はリリプ様の子孫で、現在はステーションでティナを助けてステーションを管理しています。ご用は何ですか？
PROPQUEST_INC_001685,"Deliver the Feather of Magic Power to Parine, Tina's helper at Saint City Station.",魔力増加の羽飾りをセイントモーニングのステーションで補助をしているパリンノに渡しましょう。
PROPQUEST_INC_001688,"You'll need to speak with Condram, the Elementor Priest in order to continue your journey. However, fir you'll have to complete another task.",じゃぁ、これから司祭に会ってください。司祭コンドラム様はダーコン第3地区地域にあるエレメンター祭壇を管理しています。
PROPQUEST_INC_001689,"Elementor Priest Condram is looking for something very important. It is the Perfume of Lillip, which is rumored to be somewhere in Heret, in Darkon 3.",コンドラム様は以前から悩んでいたそうです。ダーコン第3地区（ヘルエット）のとこかにあると言われているリルリップの香水をずっと探してるんです。
PROPQUEST_INC_001692,You… won't? Why not? It would be a shame to let someone as gifted as you simply give up. Speak to me again when you're ready.,これは本当に重要なことです。コンドラム様のために助けてください。あなたならきっとできるはずです。最高の後継者様、お願いします。
PROPQUEST_INC_001693,"Ah yes, the Perfume of Lillip. I have been looking for this for a very long time.",あ、ありがとう！ボクが司祭として赴任する前からずっと失われていたものが、やっと見つけられました。助かったよ！
PROPQUEST_INC_001694,"Thank you very much, Magician. Now the relics of the Elementor Hero are safe.",ありがとうございます。
PROPQUEST_INC_001695,"This is the altar where we protect the Souls of the Heroes. What can I do for you, my friend?",ここは英雄たちの魂を守る祭壇です。何か用かい？
PROPQUEST_INC_001696,Find the $QUEST_END_ITEM_NAME$ and deliver the Stamped Scroll to Priest Condram at the Altar of Elementor in Darkon 3.,ダーコン第3地区（ヘルエット）のとこかにある$QUEST_END_ITEM_NAME$を見つけて、エンシェントツリーの麓にいるエレメンター司祭コンドラム様に会いましょう。
PROPQUEST_INC_001699,This is the Symbol of the Hero. There is only one more task to complete before you can be named a Successor of the Elementor Hero.,じゃあ、これが英雄の証だよ。実は、このほかにもうひとつ証が必要なんだ。
PROPQUEST_INC_001702,"Deliver the Venel Heart to Wendien, the Elementor Guardian in Guardiane.",それを手に入れたらエレメンター守護者ウェンディのもとに行ってください。
PROPQUEST_INC_001703,"Maybe the wisdom of the Heroes guide you, my friend.",じゃあ、気をつけてね～
PROPQUEST_INC_001705,"Welcome, Magician. Your journey to becoming an Elementor is complete. I now appoint you, a Successor of the Elementor Hero!",後継者よ。汝は最後の試練を乗り越えた。これからはエレメンター後継者として新たな道を歩むがよい！時を司る聖樹の葉音が汝に未来を告げるであろう。
PROPQUEST_INC_001706,Lillip! Bless and guide this brave soul who is following your will! Elementor!,＜異世界の理を識る者＞リルリップよ、今ここに新たな後継者が誕生しました！この者に祝福と勇気を授けたまえ！
PROPQUEST_INC_001707,"I am awaiting a new Successor to the Elementor Hero. If that is you, I believe you may be forgetting something, Magician.",ここは英雄の後継者として認められた者のみが立ち入ることを許される、資格のないものは即刻立ち去るがよい･･･。
PROPQUEST_INC_001708,"Defeat the Venel Guardian, and deliver the Venel Heart to Wendien, the Elementor Guardian in Guardiane.",ガルディアの守護者の部屋にいる守護精霊＜ヴェネル・ガーディアン＞のハートを手に入れ、エレメンター守護者ウェンディに会おう。
PROPQUEST_INC_001710,Sound which calls the Dark,闇のささやき
PROPQUEST_INC_001711,Have you ever heard the horrible sound from Mars Mine? That strange and hair-raising sound… It's spooky!,あなたにも聞こえましたか？フラリスダンジョンの奥底から響いてくる、あの恐ろしい音のことですよ。
PROPQUEST_INC_001712,"Maybe you haven't, but you will. Muahahaha! I heard it clearly! I hope it's not the sound I think it is...",聞こえませんか…。私にはハッキリと聞こえます。私の気のせいならいいんですけど…。ただ、私の想像がもし現実になってしまったら……。
PROPQUEST_INC_001713,"(After a long hesitation...) Listen, if it is the sound I think it is, we have a big problem. Well, more like a disaster.",脅威？そんな甘いものじゃありません。絶望…。絶望が世界を覆うでしょう……。音の正体をつきとめたいんですが、洞窟内は危険の巣窟です。
PROPQUEST_INC_001714,"(Holds your hands suddenly… creepy, right?) So, please, will you do me a favor?",力のある冒険者に調査を依頼したいところですが、誰に依頼すればいいんだろう？…ん？あなたがいたじゃないですか！私のお願いを聞いてくれませんか？
PROPQUEST_INC_001715,"Great, please investigate the entrance to the Mars Mine, then return to me.",ありがとうございます。では、フラリスダンジョンの入口周辺を探索してきてください。
PROPQUEST_INC_001716,"Not interested, huh? Fine, go play with Aibatts or something…",あなたという人は…世界が絶望に包まれてもいいと言うんですか？
PROPQUEST_INC_001717,"Unfortunately it's exactly what I thought... Darn, I am still missing something.",ふむふむ。…なるほど。どうやら私の想像が現実になりつつあるようですね。恐ろしい事ですが…。でも、まだ情報が足りませんね。
PROPQUEST_INC_001718,Please just investigate the entrance. It can't be that hard…,入口周辺だけを探索してくれればいいんです。それでもダメなんですか？
PROPQUEST_INC_001719,Investigate the entrance to the Mars Mine.,フラリスダンジョンに入ってみましょう。
PROPQUEST_INC_001721,Phantom of Fear,恐怖の幻影
PROPQUEST_INC_001722,I cannot be sure by only investigating the entrance. I need more detailed information…,入口周辺の情報だけでは、洞窟内で何が起きているのか、核心に迫ることはできません。もっと多くの情報がどうしても欲しいですね。
PROPQUEST_INC_001723,"(Looks at you imploringly) Would you please, please bring me more detailed information?",（お悔やみ申し上げます）詳しい情報を教えていただけませんか。
PROPQUEST_INC_001724,"I wouldn't ask if it weren't very, very important. Will you help?",あれ？あなたがいたじゃないですか！お願いです！もう一度、調査に協力していただけませんか？
PROPQUEST_INC_001725,"Thank you! This time, investigate the inside of the Mars Mine. Also, please investigate the masquerpets there.",助かります。今回はフラリスダンジョンの奥まで探索し、モンスターの調査を行ってください。
PROPQUEST_INC_001726,It's not like I'm asking you for your first born child…,ダメですか…。フラリスダンジョンの奥にまで足を踏み入れるのが怖いんですね。あなたという人は…その程度の人だったんですか？
PROPQUEST_INC_001727,Oh no… We're doomed! What are we going to do!?,私の想像を超える最悪のシナリオです。
PROPQUEST_INC_001728,"I know it sounds dangerous, but you've got to be brave. This is very important.",フラリスダンジョンの内部調査です。楽じゃないことはわかっています。でも、あなたの調査結果が必要なんですよ。
PROPQUEST_INC_001729,"Investigate the inside of the Mars Mine. Once inside, investigate the masquerpets you find.",フラリスダンジョンの奥深くまで探索しましょう。また、指定されたモンスターを倒してましょう。
PROPQUEST_INC_001731,Serus Uriel,覚醒 -セラス・ウリエル-
PROPQUEST_INC_001732,Now I'm sure it's what I feared. I still I can't do anything about it. I need evidence... Hmm...,おかげで確信が持てました。え？確信だけでは動けないって？証拠ですか…かの封印が解かれたと仮定して……ふむふむ。
PROPQUEST_INC_001733,"(Thinking for a while, and then, suddenly...)",そうだ！
PROPQUEST_INC_001734,Yes! That's it! There must be evidence in the Mars Mine! We have to find it!,フラリスダンジョンには、＜恐怖の幻影＞が封印されていました。もし封印が解かれたのなら、封印に使用されていた魔法の鍵が破壊されたはずです。
PROPQUEST_INC_001735,"If the seal is broken, the broken pieces of the magic key must be there.",フラリスダンジョン内に散らばった＜鍵の破片＞を集めてきてください。それが私の想像を裏付ける、決定的な証拠になるはずです。
PROPQUEST_INC_001736,"Now I know what we must do! Would you please help me once more, friend?",＜鍵の破片＞を集めてくれますか？
PROPQUEST_INC_001737,"Thank you! Collect the 5 pieces of the broken key somewhere in the Mars Mine, and return to me",ありがとうございます。鍵の欠片はフラリスダンジョン内のあちこちに散らばっているはずです。全部で5個。それを集めてきてください。
PROPQUEST_INC_001738,Are you serious? What part of *doomed* did you not understand?,いくら！いくら忙しいからといったって！あなたという人は…これよりも大事なことって何なんですか？
PROPQUEST_INC_001739,It's all clear now. It is exactly what I was afraid of. Serus Uriel has returned. The Phantom of Fear.,鍵は破壊されていたようですね…。もう答えは1つです。＜セラス・ウリエル＞が目覚めてしまったんです。恐怖の幻影＜セラス・ウリエル＞が…。
PROPQUEST_INC_001740,Keep looking! The pieces of the broken key must be somewhere inside the Mars Mine!,暗い洞窟内、小さな欠片。鍵の欠片は見つけにくいでしょう。でも、必ずあるはずです。
PROPQUEST_INC_001741,Collect 5 pieces of the broken key in the Mars Mine and return to Dr. Estly.,フラリスダンジョン内にある鍵の欠片を5個、集めてきましょう。
PROPQUEST_INC_001743,Dangerous War,希望という名の戦い
PROPQUEST_INC_001744,"As long as Serus Uriel is still alive, it will be impossible to avoid all out war…",セラス・ウリエルが目覚めた以上、私達の未来は2つに1つしかありません。勝利か敗北か…いえ、生か死か。そのどちらかです。
PROPQUEST_INC_001745,I do not want to stain Flaris with blood again. That's the last thing we need right now.,ただ…このフラリスを戦場にするわけにはいかないんです。幸いなことに、セラス・ウリエルはまだ目覚めたばかり。全ての力を取り戻したわけではないでしょう。
PROPQUEST_INC_001746,"Her power can't possibly be as strong as before, otherwise she wouldn't be hiding in the mine.",今はフラリスダンジョンのどこかに身を潜ませ、力を回復させているはずです。倒すのは今しかありません！
PROPQUEST_INC_001747,I need your help again. Can you help me protect our peaceful Flaris?,フラリスの平和を守るため、セラス・ウリエル退治に立ち上がってください！
PROPQUEST_INC_001748,"I do not know exactly where it is, but there is a chamber for Serus Uriel. In front of that room, there are five guardians that protect it. Please defeat them first.",フラリスダンジョンのどこかに、セラス・ウリエルが身を潜ませている部屋があるはずです。その部屋を守っている＜ヴァイスヴェデューク＞を倒してください。
PROPQUEST_INC_001749,What the hell is more important than this? I really cannot understand!,ここまできて、それはないでしょう！あなたという人は…まったくあなたという人は……。
PROPQUEST_INC_001750,Hmm... You are really great. I will appoint you as a punitive force of Serus Uriel. Here is the key. Please take it.,すごい！あなたにならセラス・ウリエル退治を任せられます。この＜古い鍵＞を受け取ってください。この鍵なら、セラス・ウリエルの部屋に入れるはずです。
PROPQUEST_INC_001751,"From now on, the conflict is with Serus Uriel. Please, head back there and use the key to open the door to her chamber.",あとはセラス・ウリエルとの対決だけですね。あなたがやつを求めるように、やつもあなたを待ち受けているでしょう。
PROPQUEST_INC_001752,"Don't give up now, you must defeat her.",フラリスの命運、あなたに託しましたよ！
PROPQUEST_INC_001753,Don't underestimate the 5 guardians. They are very powerful.,ヴァイスヴェデュークをたかが門番とあなどらないでください。恐ろしい連中ですよ。
PROPQUEST_INC_001754,Defeat the 5 Veduque Guardians in front of Serus Uriel's Chamber and return to Dr. Estly to acquire the Mars Dungeon Key.,セラス・ウリエルの部屋を守るヴァイスヴェデュークを倒しましょう。
PROPQUEST_INC_001756,Existence which Desire Summoned,フウジラレシモノ
PROPQUEST_INC_001757,"So you're interested in challenging Clockworks, huh? What are you, nuts?!",ハハハっ…ハ……えっ？ 今なんと!?　ク、クロックワークスに挑戦したい!?……よろしい。そこまで言うなら、ダーコン市長の名において、君に挑戦権を与えようではないか。
PROPQUEST_INC_001758,"Okay...if you insist. However before I help you, I need to make sure you aren't just going to walk in there and fall over dead. I need to make sure you're worthy. Okay?",ただし！ 檻に閉じ込められているとはいえ、あの破壊の化身クロックワークスに挑む力が君に備わっているのかな？まずはそれを見極めねばならん。いいかね？
PROPQUEST_INC_001759,"Great! Please visit Dr. Est. He is studying the ecology of Darkon, in the nearby Gouthan Mountains of Darkon1.",ハハハっ、いいだろう！ まずはダーコン生物学を研究している＜Dr.エスト＞を訪ねなさい。彼はダーコン第一区にある＜ゴウダン山脈＞付近にいる。
PROPQUEST_INC_001760,Backing out already? Hahaha! I knew you were all talk…,なんだ、もう怖気づいたのかね？ それでよくクロックワークスに挑戦したいなどと言えたものだね。ハハハ。
PROPQUEST_INC_001761,"Oh, did the Mayor of Darkon send you? You must be the one he was talking about that's crazy enough to challenge Clockworks. Here, you'll need this book.",ん？ダーコン市長に命じられて、ここまで来たのかい？ということは、クロックワークスに挑戦するんだね。じゃあ、この本を持って行きなよ。
PROPQUEST_INC_001762,"It contains information about how Clockworks appeared here in Madrigal. It's a good read, but not for the faint of heart.",この本はクロックワークスがなぜマドリカルに現れたのか？その研究成果をまとめた本なんだ。君の助けになるはずだよ。
PROPQUEST_INC_001763,"Clockworks is one of the most dangerous monsters in Madrigal! He's huge! I have been studying him for 4 years now, but I still don't know everything about him.",クロックワークスかぁ…まさしく超ど級の存在だね。研究を始めて、もう4年になるけど、わからない事だらけで…やんなっちゃうよ。
PROPQUEST_INC_001764,Visit Dr. Est near the Gouthan Mountains in Darkon 1.,ダーコン第2地区＜ゴウダン山脈＞付近にいる＜Dr.エスト＞に会いましょう。
PROPQUEST_INC_001766,Great Clockworks War - 1st,第一次クロックワークス戦争
PROPQUEST_INC_001767,"Alright, let's get started. Have you heard of the Great Clockworks War? You'll need to study it before you can challenge Clockworks.",次のステップに進もうか。君は第一次クロックワースク戦争を知ってるかい？…知らないんだね。クロックワークスに挑むなら、必ず知っておくべきことだよ。
PROPQUEST_INC_001768,"the Great Clockworks War is the first time the people of Darkon were faced with that terrible menace, Clockworks. The people of Darkon were defeated.",＜奈落～歯車の永久牢獄＞に突如出現したクロックワークスがダーコンに襲来した日、一つの戦争が勃発した。それが第一次クロックワークス戦争だ。…この戦争はダーコンの敗北によって幕が閉じられ……
PROPQUEST_INC_001769,They escaped to the Erons Factory. Evidence of this war can be found all over Darkon… Are you ready to continue to the next step?,ダーコン市民はエランパークスまで追いやられた。ダーコン第2地区をよく見ると、あちこちに＜焼けただれた石＞を見ることができる。それでは、二つ目のテストを開始します！
PROPQUEST_INC_001770,"Find 5 pieces of War Remnants in Darkon 2, and then visit my brother, Dr. Estern. He is at the Hill of Shade in Saint Morning.",ダーコン第2地区に散らばっている＜焼けただれた石＞を5つ集めて、セイントモーニングの＜シェードの丘＞にいる僕の弟＜Dr.エスターン＞に渡してくれ。
PROPQUEST_INC_001771,I guess you truly aren't ready to face Clockworks. Why did you waste my time?,何か忙しいことでもあるのかい？まあ、そんなに急な用じゃないから、また後で話そう。ね？
PROPQUEST_INC_001772,"My brother sent you, right? Nice to meet you! My name is Dr. Estern, Dr. Est's younger brother. Why did he send... Oh, you're going to challenge Clockworks? Okay, do you have the War Remnants?",＜Dr.エスターン＞を知ってるかって？ふふっ、俺が＜Dr.エスターン＞だが何のようだ？俺に会うよう兄さんに言われたって？そうか……クロックワークスに挑むんだな。勇敢だな。
PROPQUEST_INC_001773,"Hmm... Five, exactly! Okay, here you are. This book is about the study of Clockworks. It will be really useful in learning about your opponent.",では見せてもらおう、君が集めた焼けただれた石を。……1、2、3、4、5…確かに5つ、受け取った。替わりにこの本を持って行くといい。クロックワークスの行動に関する研究成果が記録してある。
PROPQUEST_INC_001774,"Yes? I'm sorry, I think I'm waiting for someone else.",はい？ すみません、他の誰かを待っていると思います。
PROPQUEST_INC_001775,Locate 5 pieces War Remnants in Darkon 2 and visit Dr. Estern at the Hill of Shade near Saint Morning,ダーコン第2地区に散らばっている＜焼けただれた石＞を5つ集めて、セイントモーニング＜シェードの丘＞にいる＜Dr.エスターン＞に渡しましょう。
PROPQUEST_INC_001777,Great Clockworks War - 2nd,第二次クロックワークス戦争
PROPQUEST_INC_001778,"Now for the final step! You've already heard about the Great Clockworks War. Actually, there was another Clockworks War after that…",兄さんから第一次クロックワークス戦争について聞いたようだな。その後、クロックワークスとの戦争がもう1度あったんだ。フラリスへの侵攻を図ったクロックワークスと、
PROPQUEST_INC_001779,"That time, Clockworks was defeated and captured.",フラリス、セイントモーニング、ダーコンの連合軍による戦争だ。苛烈な戦いによりおびただしい血をが流されたが、名も無き勇者達の屍を越え、連合軍はついにクロックワークスに打ち勝った。
PROPQUEST_INC_001780,"He was held at the cage where he was defeated by the allied forces of Flarine, Saint City and Darkon.",そして、連合軍がクロックワークスを＜奈落～歯車の永久牢獄＞に封印した日、戦争は完全に終結した。これこそが第二次クロックワークス戦争…我々があの超ど級の存在に勝利した戦争だ。
PROPQUEST_INC_001781,You can see the evidence of the war in Darkon 1 and at the Plain of Bubble in Flaris.,ダーコン第1地区や、フラリスにあるバブルの平原には＜クロックワークスの破片＞がまだ残っている。3つ目のステップとして、それを集めてくれ。クロックワークスに勝利した栄光の歴史を君に知ってほしい。
PROPQUEST_INC_001782,"Please find 5 War Scars in Darkon 1 and the Plain of Bubble, and then visit my brother, Dr. Estly, who is in Northern Flaris.",ダーコン第2地区に散らばっている＜クロックワークスの破片＞を5つ集めて、俺の弟＜Dr.エストリー＞に渡してくれ。弟はフラリスダンジョンの西にいるはずだ。
PROPQUEST_INC_001783,"Fine, have it your way. I guess you just aren't ready to face Clockworks.",クロックワークスに挑むのは俺じゃなく君だ。都合がついたら、また来るといい。
PROPQUEST_INC_001784,"Oh, did my brothers send you to me? Then you must be the Clockworks challenger! Please, show me the War Scars.",あ、兄に言われて来たんですね。あなたがクロックワークスに挑戦される方ですか。たしか、渡していただく物があったはずですけど…。
PROPQUEST_INC_001785,"Hmmm… everything looks to be in order here! Here, take this book. It is a more detailed study of Clockworks. It goes into detail about his behavior.",クロックワークスの破片を5つ、しっかりと受け取りました。では、これを差し上げます。クロックワークスの生態に関する研究成果をまとめた本です。
PROPQUEST_INC_001786,I'm waiting for someone who is supposed to be bringing me something important.,あれ？兄から何も言われてませんか？戦争を感じるため、ダーコン第1地区やバブルの平原で＜クロックワークスの破片＞を5つ集めて来てください。
PROPQUEST_INC_001787,Find 5 War Scars in Darkon 1 and the Plain of Bubble and visit Dr.Estly in Northern Flaris.,ダーコン第1地区やバブルの平原に散らばっている＜クロックワークスの破片＞を5つ集めて、フラリスダンジョンの西にいる＜Dr.エストリー＞に渡しましょう。
PROPQUEST_INC_001789,Show What You Can Do,極限に挑め！
PROPQUEST_INC_001790,"Well, it looks like you have all the information you need about Clockworks.",クロックワークスに関する理論はこれにて終了です。最後のステップは実践編です。どんな理論も活用しなければ無駄になりますからね。
PROPQUEST_INC_001791,"So, after all that, the masterpiece of Darkon was created, Clocks! What? You don't know what Clocks is?",そこで用意しましたよ。ダーコンの誇る科学技術の結晶＜クロックス＞を！これを見事討ち破ってください！……え？クロックスを知らない？
PROPQUEST_INC_001792,"It's like a small version of Clockworks. We made it for the people who want to challenge Clockworks, so they can practice first!",クロックスは、クロックワークスから集めたデータを元に作られた第2のクロックワークスです。……まあ、かなり縮小、弱体化していますけど。
PROPQUEST_INC_001793,"Since you're on your way to becoming the next challenger, why don't you practice a bit, first?",クロックワークスの全貌はまだ未知のベールに覆い隠されていますからね。それでも、クロックワークスとの模擬戦にはもってこいの相手です。どうです？戦ってみませんか？
PROPQUEST_INC_001794,"Clocks' Cage is outside of Darken. You'll have to defeat it, but you'll probably need some help.",ダーコン第2地区の西側にある外壁近くにクロックスを用意しました。クロックスに勝利し、ダーコン市長からクロックワークスへの挑戦権を勝ち取ってください。
PROPQUEST_INC_001795,I knew you were a coward! Hahaha!,あなたという人は…クロックスまで作り上げて、冒険者を鍛えているダーコン市長の気持ちがわからないのですか？
PROPQUEST_INC_001796,"Congratulations! Now, you are ready to challenge Clockworks. You better be prepared or you'll get squished!",おほほほっ。よくってよ！あなたにクロックワークスへの挑戦権を与えますわ！南にある＜奈落～歯車の永久牢獄＞へお行きなさい。……うふふ。また一人、マドリカルに戦士が誕生したようですわね。
PROPQUEST_INC_001797,"Don't be fooled by his size, Clocks is almost as powerful as Clockworks.",愛しいダーコン市民が心血を注いだ＜クロックス＞を甘く見ないことですわ。クロックワークス並の性能を誇る自律型の破壊兵器ですわよ。ちなみに、あの可愛らしい姿は私のデザインですわ。おほほほ。
PROPQUEST_INC_001798,"Defeat Clocks, who is caged just outside of Darken. You may need some help.",ダーコン第2地区の西側にある外壁近くに用意された＜クロックス＞を倒しましょう。
PROPQUEST_INC_001800,Create Guild,ギルド、ギルド！ギルド？
PROPQUEST_INC_001801,"Do you want to create a new guild? Excellent! First, I have to check if you are qualified to create a new guild.",ギルド作成の申請ですか？あなたにギルドを作成する資格があるのか、テストをしますね。
PROPQUEST_INC_001802,"Okay, first you have to organize your own party. You should be the party leader and the total number of members should be 3, including you. Got it?",まずはパーティーを結成してください。あなたがパーティーリーダーになって、2人のメンバーを集めてください。あなたを含めると、3人のメンバーが必要になるのですよ。いいですね？
PROPQUEST_INC_001803,"Once again, make your own party. Remember that you should be the party leader and the total number of members should be 3, including you. Please visit me again once you have done this.","わかりました。条件を満たしてから、また私のところに来てくださいね。あっ、そうそう。ギルドを結成するためには3,000,000ペニャが必要になります。それも用意しておいてくださいね。では、いってらっしゃ～い！"
PROPQUEST_INC_001804,"Okay, in that case, if you decide to create a guild later, we'll be here!",あらあら？ギルドの結成はあきらめるんですね。…残念です。
PROPQUEST_INC_001805,"Hmm… Okay, lets see. You are the party leader, and there are 3 members... Good!",おかえりなさい！それではチェックしますね。まずメンバーは3人、そしてパーティーリーダーはあなた…うん！合格ですよ～！
PROPQUEST_INC_001806,"Now I will let you create your own guild. By the way, according to Madrigal policy, you must pay 3,000,000 Penya to create the guild.","あなたにギルド結成の資格を与えます。ギルドマスターになるにあたり、ギルド連盟に加入する必要があります。入会費として3,000,000ペニャをいただきたいのですが、"
PROPQUEST_INC_001807,"Do you have 3,000,000 Penya right now?","今、3,000,000ペニャをお支払いいただけますか？"
PROPQUEST_INC_001808,"There seems to be a problem. Maybe you aren't the party leader or you do not have enough members. Remember, you have to be the party leader and you should have 3 party members, including yourself.",パーティーリーダーではないか、メンバーが3人になっていない、あるいはギルドを脱退するか解散してから48時間が経過していない。このような場合、ギルドマスターにはなれませんから、気をつけてくださいね。
PROPQUEST_INC_001809,Please come back again when you have met all of the conditions for creating your guild.,あなたがパーティーリーダーとなり、あなたを含めて3人のメンバーで構成されたパーティーを結成しましょう。
PROPQUEST_INC_001811,Thanksgiving with Ivil Tobby,イブルトビのお盆イベント
PROPQUEST_INC_001812,"My brother Iblis was going to bring us $QUEST_END_ITEM_NAME$s for Thanksgiving, but he lost them on his way here.",兄のイブリースは感謝祭のために$QUEST_END_ITEM_NAME$ sを持ってくるつもりでしたが、彼はここに来る途中、それらを失いました。
PROPQUEST_INC_001813,"I will give you the forbidden gift, a red bead, if you can bring me 1,000 rice cakes. Will you do that?",ソンピョン1000個を集めて来てください。レッドオーブをプレゼントします。
PROPQUEST_INC_001814,You can get the $QUEST_END_ITEM_NAME$s by hunting monsters.,モンスター狩りをしたら自然に $QUEST_END_ITEM_NAME$をもらえるよ。
PROPQUEST_INC_001815,"Hey, go away if you have nothing to do with me!",用がないのなら、さっさと行け！
PROPQUEST_INC_001816,Oh! You did a great job!,おお！成功しましたね。おめでとう。
PROPQUEST_INC_001817,You are missing some $QUEST_END_ITEM_NAME$s....did you eat any of them?,$QUEST_END_ITEM_NAME$が足りない。全部食べてしまったのか？
PROPQUEST_INC_001818,"Ivil Tobby said he will give me the forbidden gift, a red bead, if I can bring him 1,000 rice cakes.",ソンピョン1000個を集めて来るとレットオーブがもらえる。
PROPQUEST_INC_001820,Thanksgiving with Ivil Dorry,イブルドリのお盆イベント
PROPQUEST_INC_001822,"I will give you the forbidden gift, an orange bead, if you can bring me 600 rice cakes. Will you do that?",ソンピョン600個を集めて来てください。オレンジオーブをプレゼントします。
PROPQUEST_INC_001827,"Ivil Dorry said she will give me the forbidden gift, an orange bead, if I can bring her 600 rice cakes.",ソンピョン600個を集めて来るとオレンジオーブがもらえる。
PROPQUEST_INC_001829,Thanksgiving with Ivil Nana,イヴルナナのお盆イベント
PROPQUEST_INC_001831,"I will give you the forbidden gift, a yellow bead, if you can bring me 300 rice cakes. Will you do that?",ソンピョン300個を集めて来てください。イェローオーブをプレゼントします。
PROPQUEST_INC_001836,"Ivil Nana said she will give me the forbidden gift, a yellow bead, if I can bring her 300 rice cakes.",ソンピョン300個を集めて来るとイェローオーブがもらえる。
PROPQUEST_INC_001838,Thanksgiving with Ivil Tubby,イブルトゥピのお盆イベント
PROPQUEST_INC_001840,"I will give you the forbidden gift, a green bead, if you can bring me 100 rice cakes. Will you do that?",ソンピョン100個を集めて来てください。グリーンオーブをプレゼントします。
PROPQUEST_INC_001845,"Ivil Tubby said he will give me the forbidden gift, a green bead, if I can bring him 100 rice cakes.",ソンピョン100個を集めて来るとグリーンオーブがもらえる。
PROPQUEST_INC_001847,Thanksgiving with Ivil Pho,イブルポのお盆イベント
PROPQUEST_INC_001849,"I will give you the forbidden gift, a blue bead, if you can bring me 50 rice cakes. Will you do that?",ソンピョン50個を集めて来てください。ブルーオーブをプレゼントします。
PROPQUEST_INC_001854,"Ivil Pho said she will give me the forbidden gift, a blue bead, if I can bring her 50 rice cakes.",ソンピョン50個を集めて来るとブルーオーブがもらえる。
PROPQUEST_INC_001856,Gather Leaves 01,勝負！紅葉狩り～ソペド～
PROPQUEST_INC_001857,I need leaves... I have to gather more leaves than these guys next to me...,葉っぱが必要なんだ……隣にいるこいつらより多く集めなきゃ……
PROPQUEST_INC_001858,"If you bring me 100 leaves, I will give you the forbidden gift, a Fir Tree. Will you do that?",なぁ！もみじを100枚集めてくれたら、ハルニレの苗をやろう！どうだ？
PROPQUEST_INC_001859,You can collect the leaves by hunting any monster in the world.,もみじは、モンスターどもが持っているさ！気を抜いたらやられるぞ！
PROPQUEST_INC_001860,Get away if you have nothing to do with me! Go!,なんだよ。用がないなら、さっさと行けよ！フンッ！
PROPQUEST_INC_001861,"Oh, you did it! Congratulations!",お！やるじゃないか！一応礼を言っておくよ。ありがとな。
PROPQUEST_INC_001862,I am still short on leaves! I cannot beat the guys next to me with this handful of leaves!,だめだ！これじゃもみじが足りない！このままじゃあいつらに負けちまう！！
PROPQUEST_INC_001863,"The Firdryad said he will give me the forbidden gift, a Fir Tree, if I bring him 100 leaves.",もみじを100枚集めて＜ハイドワーフ＞ソペドに持っていこう
PROPQUEST_INC_001865,Gather Leaves 02,勝負！紅葉狩り～イブリス～
PROPQUEST_INC_001866,I need leaves... I have to gather more leaves than these guys next to me...,もみじが必要なんだよねー。実はさ、今みんなで勝負してるんだよ。協力してくれよー。
PROPQUEST_INC_001867,"If you bring me 300 leaves, I will give you the forbidden gift, a Persimmon Tree. Will you do that?",もみじを300枚集めてくれてたら・・・　なんと！ナナカマドの苗をあげるよ！すごいだろー！あははは
PROPQUEST_INC_001872,"The Persdryad said she will give me the forbidden gift, a Persimmon Tree, if I bring her 300 leaves.",もみじを300枚集めてイブリスに持っていこう
PROPQUEST_INC_001874,Gather Leaves 03,勝負！紅葉狩り～バブル～
PROPQUEST_INC_001876,"If you bring me 600 leaves, I will give you the forbidden gift, a Pear Tree. Will you do that?",もみじを600枚集めてくれたら、銀杏の苗をあげちゃうよ～
PROPQUEST_INC_001881,"The Peardryad said he will give me the forbidden gift, a Pear Tree, if I bring him 600 leaves.",もみじを600枚集めてバブルに持っていこう
PROPQUEST_INC_001883,Gather Leaves 04,勝負！紅葉狩り～シェード～
PROPQUEST_INC_001885,"If you bring me 1000 leaves, I will give you the forbidden gift, a Pine Tree. Will you do that?",もみじを1000枚集めたら、わたくしの元に持ってきてごらん。楓の苗をあげるわ。
PROPQUEST_INC_001890,"The Pinedryad said she will give me the forbidden gift, a Pine Tree, if I bring her 1000 leaves.",もみじを1000枚集めてシェードに持っていこう
PROPQUEST_INC_002191,Welcome to Madrigal!,マドリガルの世界へようこそ！
PROPQUEST_INC_002192,"Welcome, traveler! By the look of you, I'd say you're getting ready for an adventure, am I right? Well then you've come to the right place!",ようこそFlyffワールドへ！ここはマドリガル大陸のフラリス。初めての冒険者が必ず立ち寄る街だ。このFlyffワールドでは、困った人を助けたり、モンスターを倒すことでどんどん強くなれるんだ。
PROPQUEST_INC_002193,"There are plenty of dangerous monsters out there to battle, and my shop will help you get prepared for the fight!",今はモンスターがこの世界の至るところにいるぜ。昔はあんなに平和だったのによ･･･。あいつらは俺たちの平和を奪おうとしているんだ。なぁ、平和のためにモンスターをこの世界から追い出してくれないか？そうだ、その前にこの世界で生きるために必要なことを教えてくれる連中を紹介してやる･･･いや、紹介させてくれ。
PROPQUEST_INC_002194,"You'll be seeing me a lot later on, I'm sure, but for now why don't you pay our local smith Boboko a visit?",俺が経営している＜雑貨＞店は、戦闘に必要な補助武器(矢・ポスター)やMPを回復するアイテムを売っているんだ。お前さんにゃまだ必要ないと思うが、1次転職したら必要になってくるかもな。
PROPQUEST_INC_002195,"Boboko owns the Armor Shop near here, and I think he might have something special for you.",＜雑貨＞についてはもう分かったな？あと、＜防具＞店を経営するボボコってオッサンがいるんだが、あいつは冒険者が好きみたいだからな。顔を出してやると喜ぶと思うぜ。
PROPQUEST_INC_002196,"Boboko's right nearby, you can't miss him with all the hammering! Oh, and welcome to Madrigal!",＜防具＞店のボボコは俺の向かい側、ちょうど反対側にいるぜ。ホラ、お前の後ろだよ後ろ！なに？わからないだと？まぁ近くにいるからすぐ見つかるだろ。ボボコは何兄弟だったかなぁ･･･あいつら24時間ハンマーで武器だか防具だかを鍛えていてうるさいんだ。おかげで寝不足、美男子が台無しだぜ。
PROPQUEST_INC_002197,Packing it in so soon? But the day's just started! You have so much to do!,とりあえず、このクエストを達成できれば、基本はOKってところだ。簡単だから、やってみて！
PROPQUEST_INC_002198,"Howdy! Lui told me you'd be coming! Here, this should help you get started. Next time you come by, we'll get you underway on your Vagrant training.",お、あんたが新しい冒険者かい？そうか、ルイに紹介されて来たのか。まぁこれは小遣いだ、記念にとっておきな。少ないけど気にすんなって！そうだな･･･俺からも何かクエストを出してやるか。
PROPQUEST_INC_002199,Visit Boboko of the Armor Shop to receive a gift.,防具店のボボコに会いに行くと、お小遣いがもらえるかも？
PROPQUEST_INC_002201,Introduction to Armor,冒険者の教育(1)
PROPQUEST_INC_002202,"Good to see you again! Glad to see some new faces in Madrigal, what with all the Masquerpets around. Let's see what we can do to get you ready to face them.",マドリガル大陸のみんなが、あんたを歓迎してるってこと、忘れんなよ！よし、俺からもこの世界での生き方ってのを教えてやるぜ。そうだな、まずはモンスターと戦うための準備をしようか。何も装備しないで戦ったら、アイバットにだってすぐにやられちまうぜ！
PROPQUEST_INC_002203,"This is the Armor Shop. Here, you can buy the armor crafted by my family once you meet the requirements for it. There are 4 armor slots in your inventory - Helmet, Suit, Gauntlet, and Boots.",見ての通り、ここは防具店だ。だが俺んとこじゃ、今のあんたが装備できそうな防具はちょっと置いてないんだよなぁ。もう少し強くなったら、うちの防具を装備できるようになるかもな。防具の種類にはヘルメット、スーツ、ガントレット、ブーツ、全部で4種類あるんだぜ。
PROPQUEST_INC_002204,"You'll find that different jobs and levels have access to different kinds of armor. 'Course, you probably already knew that. Now, go talk with my brother Boboku next door at his Weapon Shop.",職業によって装備できる防具が違うんだ。それぞれの防具には装備レベルってのがあって、いい品ほど防御力は高いが、装備するには装備レベル以上のレベルになってないと装備できないから注意しろよ！さてと･･･俺に教えられるのはこれくらいだな。そうだ、今度は俺の隣にいる＜武器＞店のボボクに話かけてみな。
PROPQUEST_INC_002205,"I know it's loud over here, but didn't you see me pointin'? Boboku's Weapon Shop is right next door!",ほら、俺のすぐ隣にいるだろう？大丈夫、吠えられたりはしないさ。
PROPQUEST_INC_002206,"You sure? Well if you change your mind, nobody knows weapons like my brother Boboku.",武器についてはボボクが最高です。 一度会いましょう。
PROPQUEST_INC_002207,"Well hello there! Good of you to stop by. Here, take this, and the next time I see ya we'll get you up to speed on weapons.",よく来たな、隣で話は聞いてたぜ。なに？弟に小遣いをもらっただと？チッ、しょうがねぇな。ほら、取っとけ。それじゃ、今度は俺がありがたい話を聞かせてやるよ。
PROPQUEST_INC_002208,Visit Boboko at the Weapon Shop.,武器店のボボクに会いに行くと、お小遣いがもらえるかも？
PROPQUEST_INC_002210,Introduction to Weapons,冒険者の教育(2)
PROPQUEST_INC_002211,"Just like armor, weapons differ by the job. You don't have the experence to wield anything in my shop yet, but look around Madrigal, I'm sure you'll find something.",武器は職業によって使える種類が違うんだ。俺が販売している武器の中には、今のあんたが使える武器はないが、どんな武器があるか見てみるといい。
PROPQUEST_INC_002212,"As a Vagrant, you can use a sword in one hand and a shield in the other. Equip them by double-clicking them or dragging them into the appropriate slot in your inventory.",今のあんたは＜放浪者＞だな。それだと、「片手剣」や「片手斧」が扱えて、盾も装備できるな。ん？装備方法？＜I＞キーでインベントリを開いて、装備したい武器、防具、ファッションアイテムのアイコンをダブルクリックするか、装備スロットに直接ドラッグ＆ドロップすれば装備することができるぜ。あ、会話中は開けないから注意しろよ！
PROPQUEST_INC_002213,Now you're ready to look at shields. Go see Luda next door at the Shield Shop and he'll take care of you.,武器についての説明はこれで終わりだ。次は盾について教えてもらった方がいいな。＜シールドショップ＞のルダに話かけてみてくれ。親切に教えてくれると思うぜ。
PROPQUEST_INC_002214,"Luda's Shield Shop is just next door. Have fun, kid! Stop by anytime you need a good weapon!",＜シールドショップ＞のルダは俺の隣にいるだろう？いい奴だから、気軽に声をかけてみな。
PROPQUEST_INC_002215,"Look, I know it's not as exciting as axes and swords, but you'll need one just the same. Plus he's got plenty of other stuff for sale, so pay him a visit.",あいつは盾だけじゃなく、放浪者用の装備も取り扱っているんだ。あんたがもっと強くなるまで暫く世話になると思うから、ちゃんと挨拶しとけよ。
PROPQUEST_INC_002216,"Haha, nice to meet ya, name's Luda! I'm in charge of shields and other equipment for Vagrants here in Madrigal. Let's get you set up to fight, shall we?",ハハハ、いらっしゃい。話は聞いていたよ！俺は、盾と放浪者用の装備を販売しているルダだ。装備品について知りたいのかい？
PROPQUEST_INC_002217,Visit Luda at the Shield Shop.,＜シールドショップ＞のルダに会いに行くと、もっとお小遣いがもらえるかも？
PROPQUEST_INC_002219,Introduction to Shields,冒険者の教育(3)
PROPQUEST_INC_002220,"Hahaha! Welcome to the Shield Shop! You can buy shields, weapons, and armor for Vagrants here. I stock all the equipment that you need prior to your first job change at level 15.",ここは、盾だけじゃなく放浪者用の武器と防具を販売しているんだ。レベル15になって1次転職をするまでは、俺の店で装備を整えることになるだろう。
PROPQUEST_INC_002221,Why don't you buy a Long Sword with the Penya you've collected? You can buy it by double tapping on it or dragging it into your inventory.,あんた、俺のところに来るまでに色んな奴に小遣いをもらっただろう？その金(ペニャ)で俺が販売しているロング・ソードを買ってみてくれ。購入の仕方は、俺を左クリックした時のメニューで＜取引＞を選んで「商店ウィンドウ」のアイテムリストで欲しいアイテムを自分のインベントリにドラッグ＆ドロップするだけ。
PROPQUEST_INC_002222,"Also, you can sell an item by dragging it into the shop window. Pretty easy, huh? Okay, after buying it, please visit Losha at the Food Shop.",もし、自分の持っているアイテムを売りたい時は、インベントリから「商店ウィンドウ」のアイテムリスト欄に売りたいアイテムをドラッグ＆ドロップすれば売ることができるぜ。くれぐれも売るアイテムは間違えないようにな！さてと･･･ロング・ソードを買ったら、フードショップのロシャに会いに行ってくれないか？
PROPQUEST_INC_002223,Losha at the Food Shop is staying in Eastern Flarine which is located to the east of here. You'll have to cross the bridge to get there.,フードショップは東広場にあるぜ。そこではHPを回復させる食べ物を売っているんだ。ロシャはまだ子供だが、意外としっかり者だし、すぐに仲良くなれるさ。
PROPQUEST_INC_002224,"What, you think it's too far? The Food Shop is very important for your journey, you should definitely check it out.",なに、めんどくさい？そんなこと言うなよ。誰かが言ってたろ？「マドリガル大陸のみんなが、あんたを歓迎してる」ってな。ロシャも待ってるから、早く会いにいってやりな！
PROPQUEST_INC_002225,"You are new to Madrigal, right? Hi! I have heard a lot about you already! Here, take this. It's a gift from Luda. Talk to me again for you next task!",あら！あなたが噂の、新しく来た冒険者のひと？わたしはロシャ、よろしくね！あ、ちょっと待ってね。＜シールドショップ＞のルダさんが用意してくれたプレゼントがあるの。はいっどうぞ！今度はロシャから冒険の宿題を出すね！
PROPQUEST_INC_002226,You should buy a Long Sword from Luda at the Shield Shop.,あれ？ロング・ソード買って来てないの？＜シールドショップ＞のルダおじさんが販売してるから、ロング・ソードを買ってからまた来てね！
PROPQUEST_INC_002227,"Losha at the Food Shop will give me a Green Shield and 1,200 Penya when I visit her.",フードショップのロシャに会いに行くと、ルダからのプレゼントをもらえるらしい。
PROPQUEST_INC_002229,A Vagrant's First Steps (1),冒険の第一歩(1)
PROPQUEST_INC_002230,Hello! I am Losha and I run the Food Shop. I sell food that is helpful for when you lose your Health Points (HP). Each type of food has a different recovery power and level requirement.,改めてご挨拶！フードショップのロシャです。ロシャは、HPを回復できる色んなフードを売ってるよ。フードによってHP回復量が決まっていて、最大回復量以上HPが残っている場合は、フードを食べた時の回復量が減っちゃうから気をつけてね。
PROPQUEST_INC_002231,"You can eat the food by double-clicking it in your inventory. Also, you can add them to your hot keys. Please remember that once you eat food, you cannot eat again for a certain amount of time.",フードでHPを回復したい時は、インベントリにあるフードをダブルクリックするか、＜F1＞～＜F9＞のショートカットスロットにフードのアイコンをドラッグ＆ドロップして登録すると、登録したスロットに対応するキーを押すだけでフードで回復できるよ。一回フードを食べた後は、少しの間続けて食べることができないから覚えておいてね。
PROPQUEST_INC_002232,Now that the lesson is over it is time for some combat! There are a lot of Aibatts to the north. Please hunt 15 Small Aibatts and go back to Luda at the Shield Shop.,これで必要なことは全部みんなに教わったかな？そろそろ街の外に出て、実際にモンスターと戦ってみよっか！北の方に行くと「アイバット」ってモンスターがいるよ。何種類かいるアイバットの中の「スモール・アイバット」を15匹を倒してみてね！15匹倒したら、＜シールドショップ＞のルダおじさんに報告しに行ってね。
PROPQUEST_INC_002233,"Don't be too nervous and please check your equipment again before you venture out. Oh, and don’t forget to buy some food!",あなたなら大丈夫、緊張しないで。持っている武器や防具は、ちゃんと装備できたかな？街の外は危険だから、フードも忘れずに持って行ってね！
PROPQUEST_INC_002234,"This is only your first step into a larger world. Don't hesitate, go forth and defeat those Small Aibatts!",やっと冒険者として歩む第一歩なのに･･･。マドリガルのみんなで応援してるから、がんばってよぉ～！
PROPQUEST_INC_002235,"Great! You completed your task wonderfully! I can see that you will be very famous one day. If you talk to me again, I will give you another task which will be a little bit harder.",素晴らしい！初めての戦いだったのに、あれだけのモンスターを倒すなんて凄いな。あんたはこれからもっと強くなれるはずだ。次は、もっと難しい依頼を用意しておくから覚悟しとくんだな、ハハハ。
PROPQUEST_INC_002236,You should hunt 15 Small Aibatts. Please check in the quest window (Q Key) and return to Luda at the Shield Shop once you're finished.,まだ足りないぞ？「スモール・アイバット」15匹を倒すんだ。クエストダイアリーで倒した数が確認できるから、がんばれよ！
PROPQUEST_INC_002237,"Luda at the Shield Shop will give me 2,500 Penya when I hunt 15 Small Aibatts and return to him.",「スモール・アイバット」15匹を倒して＜シールドショップ＞のルダに報告すると報酬がもらえます。
PROPQUEST_INC_002239,A Vagrant's First Steps (2),冒険者の第一歩(2)
PROPQUEST_INC_002240,I didn’t know that you could accomplish so much this fast! How wonderful! I have one more request for you. There are other monsters around Flarine. They are called Mushpangs.,あっという間にこんなに成長するとは思わなかったよ。本当にあんたは凄いなぁ、ハハハ。よし、今回この宿題をクリアーできたら、あんたはもう一人前だ。よく聞くんだぞ。フラリスの街を囲んでいるモンスターは「アイバット」の他に、「マッシュファング」というキノコの形をしたモンスターがいるんだ。
PROPQUEST_INC_002241,"Please wipe them out! If you hunt 10 Small Mushpangs and 5 normal Mushpangs, I will give you a reward. Oh, and hold onto any trophies they drop, as they will be very useful in the near future!",今度はそいつらを倒してきてくれないか？「スモール・マッシュファング」10匹と「マッシュファング」5匹を倒したら、また俺のところに報告しに来てくれ。報酬もちゃんと用意しているから、頼んだぞ。それと、モンスターを倒した時に出るクエストアイテムは、いつか使う機会が来るから、捨てずに集めておいたほうがいいな。
PROPQUEST_INC_002242,"Yeah, I knew you could do this!",俺の、人を見る目は正しいはずだ。マドリガル大陸の平和のために･･･頼んだぞ！
PROPQUEST_INC_002243,Mushpangs are very easy for you to hunt! Help protect Flarine from this menace!,今のあんたの実力ならマッシュファングくらい簡単に倒せるだろう。フラリスの住民のために力を貸してくれないか？
PROPQUEST_INC_002244,It appears there is no monster that can threaten you around Flarine. It's time for you to step out into the world and show your power! Your adventure has just started!,ハハハ、俺の見込んだ通りだ。さすがだな！もうフラリスの周りであんたにかなうモンスターはいないだろう。この世界は広い。ここよりも広いところで、あんたの力を見せてくれ！まだここは出発地点に過ぎない。あんたの冒険はこれからだ。
PROPQUEST_INC_002245,You didn’t hunt 15 Small Mushpang and 15 Mushpang yet.,ん？「スモール・マッシュファング」15匹と「マッシュファング」15匹を倒してないじゃないか。クエストダイアリーで確認できるから、奴らを倒したらまた報告しに来てくれよな！
PROPQUEST_INC_002246,"Luda at the Shield Shop will give me 10,000 Penya when I hunt 15 Small Mushpang and 15 Mushpang, and then return to him.",「スモール・マッシュファング」15匹と「マッシュファング」15匹を倒して＜シールドショップ＞のルダに報告すると報酬がもらえます。
PROPQUEST_INC_002608,Flaris,フラリス
PROPQUEST_INC_002609,Saint Morning,セイントモーニング
PROPQUEST_INC_002610,Darkon,ダーコン
PROPQUEST_INC_002616,1st Job Change,1次転職
PROPQUEST_INC_002617,2nd Job Change,2次転職
PROPQUEST_INC_002618,Mars Dungeon,フラリスダンジョン
PROPQUEST_INC_100000,Laws of Aviation (1),航空法 第1条
PROPQUEST_INC_100001,Hello traveler! It looks like you've reached level 20! You know what this means right? You can now fly on your very own flying device!,こんにちは、旅人さん。ついにレベル20に到達したようですね。だからどうした、ですって？お気づきではなさそうね。おめでとうございます。空を飛べるようになったんですよ！
PROPQUEST_INC_100002,"Scared? Don't worry, go see the Station Manager Dior. She'll show you the ropes and get you flying in no time!",心配いりません。怖いことは何もありませんよ。ステーションの＜ディオール＞に会いに行ってみてください。すぐに操縦のコツを教えてもらえますよ。
PROPQUEST_INC_100003,Dior is on Flarine Station. Take the elevator right in front of me. You can't miss it!,＜ディオール＞はフラリスのステーションにいますよ。ぜひエレベーターに乗ってみてください！そこにいるはずです。
PROPQUEST_INC_100004,"You don't have to be scared. Well... if you change your mind, do let me know! I'll be right here.",怖がる必要はありませんよ。気が変わったらまたいらしてください。
PROPQUEST_INC_100005,What's this? Is sent you? Oh! you want to know about flying on your own flying device? Why didn't you say so? ,あれ？イスが送ったって？あああ、飛行装置に乗って飛びたいってわけね？そう言えば良いのに！
PROPQUEST_INC_100006,Visit Dior to learn all about flying.,ディオールを訪ねて空の飛び方を教わる
PROPQUEST_INC_100007,Laws of Aviation (2),航空法 第2条
PROPQUEST_INC_100008,So you've finally reached level 20! This is the perfect time to learn how to operate your very own flying device.,ついにレベル20に到達！自分だけの空の世界を楽しみましょ～！
PROPQUEST_INC_100009,The first thing you need to do is buy a flying device. Come back to me when you have one. I sell Boards & Brooms so take a look in my Store.,まずは飛行アイテムを手に入れるところからですね。手に入れたらまた声をかけてくださいね。私のお店で買ってくれたら嬉しいなぁ..？
PROPQUEST_INC_100010,"Buy a flying device of your choice, and report back to me.",お気に入りの飛行アイテムが手に入ったらまた報告してくださいね！
PROPQUEST_INC_100011,Let me know when you're ready.,準備ができたら声をかけてくださいね。
PROPQUEST_INC_100012,"You've made your choice? Great, let's get started!",えっ、もう準備万端なの？早いのね...。お互いに最後まで楽しみましょ。じゃあ...始めるわね？
PROPQUEST_INC_100013,Buy a flying device and report back to Dior.,飛行アイテムを手に入れ、＜ディオール＞に話しかける
PROPQUEST_INC_100014,Laws of Aviation (3),航空法 第3条
PROPQUEST_INC_100015,"Now that you have your very own flying device, I'm going to assign you a test. That's right, a test! Just for fun of course. Hehe~",さてと、君自身の飛行アイテムを手に入れたことだし、あるチャレンジをしてもらいます！そう、テストみたいなものよ！お遊び気分で臨んでもらえたらいいわ。
PROPQUEST_INC_100016,"I want you to fly to the North of Saint City, and meet my associate Tina. Once you've arrived, let her know I sent you. She'll know what to do from there. I've sent countless travelers before you!",東のセイントモーニングに飛んで、街の北にいる同じステーションの＜ティナ＞に会ってきて。到着したらチャレンジだということを伝えてね。きっとたどり着けるはずよ。きっと・・・ね。
PROPQUEST_INC_100017,"Tina is at Saint City Station. That's the most northern part of Saint City. It's the biggest Station in Madrigal, I'm sure you won't miss it!",＜ティナ＞はセイントモーニングの最北端にあるステーションにいるわ。そうね、マドリガルで一番大きいステーションだからすぐに見つかるはずよ。
PROPQUEST_INC_100018,Not ready yet? That's fine. Just let me know when you're up to the task.,焦らなくていいわ。初めては怖いわよね。心の準備ができたら教えてね。
PROPQUEST_INC_100019,What's this? Dior sent you? Another traveler taking Diors Flying test? You're the first one in a while! Just give me a moment. I'll be with you shortly.,あらどうしたの？ディオールからのチャレンジですって？わぁ！久しぶりだわ！少し待ってね、すぐ行くわ。
PROPQUEST_INC_100020,Fly to Saint City,セイントモーニングまで空の旅
PROPQUEST_INC_100021,Laws of Aviation (4),航空法 第4条
PROPQUEST_INC_100022,"Alright, sorry about that. I just had to finish some important paperwork. Now, where were we?",ごめんなさいね。大事な書類を処理しないといけないのよ。えーっと、どこまで話したかしら？
PROPQUEST_INC_100023,"*cough* ...Oh! The test, right. Sorry! To get you more familiar with your flying device, I want you to experience Air Combat! Yes, you can also fight in the air! It's very similar to regular Combat, actually.",えっへん。ああ！テストですね、ごめんなさい！では、もっと飛行に慣れてもらうために、飛行中の戦闘を体験してもらおうかしら。空でも戦えるんですよ？地上で戦ってるように、すぐ慣れるわ。
PROPQUEST_INC_100024,You can even use skills in the air. Give it a try! Go and kill some of those Pesky Captain Mothbees flying near the northwestern edge of Saint City.,空中でスキルを使うこともできるのよ。試してみましょ。セイントモーニング北西の端にいる＜キャプテン・モスビー＞を倒してきてほしいわ。
PROPQUEST_INC_100025,You'll find the Mothbees flying inbetween Flaris and Saint Morning. They seem to gather near the giant gears. Killing 5 should be enough. Report back to me once you're done.,フラリスとセイントモーニングの間にモスビーが飛んでいるはずよ。巨大な歯車の近くに群れているはずだわ。5匹倒せば十分でしょう。終わったら、報告してね。
PROPQUEST_INC_100026,"They're just bugs, they're not that scary! *sigh* Let me know when you've found enough courage.",ただの虫よ！怖くないわ。勇気が出たらまた教えてね。
PROPQUEST_INC_100027,Wow impressive! You've really got a knack for this. Well done. You've passed the test!,わぁすっごーい！初体験はどうだったかしら？そうね、合格よ。
PROPQUEST_INC_100028,Kill 5 Captain Mothbees then return back to Tina.,＜キャプテン・モスビー＞を5体倒してティナへ報告する
PROPQUEST_INC_100029,Laws of Aviation (5),航空法 第5条
PROPQUEST_INC_100030,"Oh, back already? That was fast! You sure made quick work of those Mothbees. ",あら、もう終わっちゃったの？早かったのね。モスビーはどうだった？
PROPQUEST_INC_100031,"Here, take this letter. Please deliver it to Dior in Flarine. It's a Letter of Recommendation. Once she reads it I'm sure she'll give you a reward! Hehe~",はい、推薦状を受け取って。フラリスの＜ディオール＞にちゃんと届けてね。きっと見たことのないご褒美をくれるはずよ。
PROPQUEST_INC_100032,Have a safe journey back to Flaris. See you again soon! Tell my sweetie Dior I said hi!,じゃあね。無事にフラリスに帰れるように祈っているわ。ディオールによろしく伝えてね！
PROPQUEST_INC_100033,There's no rush. Just talk to me again when you are ready.,急がなくてもいいわ。気が向いたらまた相談してね。
PROPQUEST_INC_100034,Welcome back traveler. What's this? A letter of recommendation? Let's see... *mumble mumble* ...wow! Passed with flying colors I see! Well done!,おかえりなさ～い！帰ってきてくれたのね！！えっー、なに？推薦状？！すっごい、クリアしたのね！よくがんばりました！えらいえらい！
PROPQUEST_INC_100035,Deliver the letter to Dior.,ディオールに推薦状を渡す
PROPQUEST_INC_100036,Take to the Skies!,空の世界へ羽ばたけ！
PROPQUEST_INC_100037,"I knew there was something special about you. After reading this letter it seems Tina has taken a liking to you too! What does the letter say, you ask? That's a secret!",あなたには才能があると思っていました。ティナもあなたのことが気に入ったみたいですよ。あら、この推薦状何が書いてあるかって？教えないわ。
PROPQUEST_INC_100038,Congratulations on passing the Initial Test. I'll prepare a reward. It's an experimental fuel that gives your flying device a temporary speed boost!,ご褒美は何がいいかしら・・・？じゃあ、もっと気持ちよくなれるようにこれを渡しておくわ。勘違いしないでよね。飛行アイテムがスピードアップするターボ・エランサーよ！空をもっと、もっと早く飛べるようになるはずよ！
PROPQUEST_INC_100039,When you have time come speak to me again. I'll prepare the reward for you now.,時間があるときまたいらしてくださいね。次のご褒美を準備してお待ちしています♥
PROPQUEST_INC_100040,Speak to me when you get a moment. I'll prepare the reward for you.,時間があるときにまたいらしてください。私も準備しておきます。
PROPQUEST_INC_100041,"Your reward is ready! Here you go! Come see me again once you've gained more experience. I'm sure I'll have more ""Tests"" for you! *wink*",もっと経験を積んだらいつでもいらっしゃい。またチャレンジとご褒美を用意しておきますね。
PROPQUEST_INC_100042,Speak with Dior to claim your reward.,＜ディオール＞に話しかけると、報酬を受け取ることができます。
PROPQUEST_INC_100043,Returning Mission,いざ帰還
PROPQUEST_INC_110001,Menacing Phantom,威嚇する幻影
PROPQUEST_INC_110002,"The final task awaits. Please eliminate Serus Uriel. If we don't eliminate her now while she's weakened, Flaris will be in grave danger.",最後の任務が待っています。＜セラス・ウリエル＞の抹殺をお願いします。弱っている今のうちに退治しないと、フラリスが危険な目に遭います。
PROPQUEST_INC_110003,"Use the key I gave you to enter her lair. Please be careful, the monsters inside are on whole other level compared to the Guardians. It would be wise to form a party before entering her chamber.",この鍵を渡しておきますので、最奥の部屋へ入るために使ってください。そのへんのモンスターとは比べ物にならないぐらい強いので、本当に、本当に気を付けてくださいよ。最奥の部屋に入る前に、パーティを組んだ方がいいと思いますよ。
PROPQUEST_INC_110004,There is no time. Please rethink this through...,じ、時間がないんです...！今すぐ仲間を見つけて向かってください..！
PROPQUEST_INC_110005,"You've returned! Flaris can be at peace once again. Thank you, adventurer. Please take this as a reward. You have my gratitude.",無事に帰ってこられたんですね！フラリスに再び平穏が訪れることでしょう。本当にありがとうございました。ぜひこれを受け取ってください。
PROPQUEST_INC_110006,"The main thing is you are still alive. Take time to recover, and try again! You can do this!",生きているだけでよかったです。体力を回復させて、ぜひまた挑戦してください！あなたならきっとできるはずです。
PROPQUEST_INC_110007,Defeat 3 Worm Veduques and eliminate Serus Uriel. Use the Mars Dungeon key to enter her chamber.,ワームヴェデュークを3体倒し、セラス・ウリエルを退治せよ。古い鍵を使って、奴らの部屋に入れる。
PROPQUEST_INC_110009,Azria,アズリア
PROPQUEST_INC_110010,Welcome to Azria!,アズリアへようこそ！
PROPQUEST_INC_110011,"Welcome to Azria, one of the coldest places in Madrigal!",マドリガルで最も寒い場所の1つ、アズリアへようこそ!
PROPQUEST_INC_110012,This town is a haven in this dangerous place. Masquerpets have overrun the entire continent and made much of this land uninhabitable.,この町は危険な場所の安息の地です。モンスターは大陸全体を侵略し、この土地の多くを住めないものにしました。
PROPQUEST_INC_110013,We see you have come a long way to get here. I bet it was a very dangerous journey! You must be very brave.,ここまで来るのに長い道のりを歩んできたのですね。とても危険な旅だったに違いない！あなたはとても勇敢です。
PROPQUEST_INC_110014,"Feel free to stay as long as you need to. Go and visit Gigaka, our protector. He will help you stay safe.",必要なだけ滞在していってください。私たちの保護者であるギガカに会いに行ってください。彼はあなたが安全に過ごせるように手助けしてくれるでしょう。
PROPQUEST_INC_110015,...,……
PROPQUEST_INC_110016,Welcome to Azria! (2),アズリアへようこそ！(2)
PROPQUEST_INC_110017,Azria is a dangerous place. You are lucky you made it here and lived.,アズリアは危険な場所です。ここに生きてたどり着いたあなたは、きっと幸運を運んできてくれたに違いありませんね。
PROPQUEST_INC_110018,I help protect this small town. Dangerous Masquerpets are everywhere.,私はこの小さな町を守る手伝いをしています。危険なモンスターはどこにでもいるんです。
PROPQUEST_INC_110019,"I could use some help fighting them off. If you are interested, feel free to drop by and lend me your assistance.",やつら撃退する手助けをするおつもりがあれば、また立ち寄って力を貸してほしい。
PROPQUEST_INC_110020,Stay within this town and you will be safe from harm. Go and visit Mawrang. He is the oldest and wisest of us all. He will help you survive out in the cold.,この町にいる限りは安全です。まずはマウランに会ってください。彼は私たちの中で年長で最も賢い方です。彼は寒さの中で生きるすべを教えてくれるはずです。
PROPQUEST_INC_110021,Go and visit Mawrang. He is the oldest and wisest of us all. He will help you survive out in the cold.,マウランに行ってみましょう。彼は私たちの中で年長で最も賢いです。彼は、あなたが寒さの中で生き残るのを手助けしてくれるでしょう。
PROPQUEST_INC_110022,"Welcome, brave warrior. I hope this town serves as your safe haven during your perilous journey here.",ようこそ、勇敢な戦士。危険な旅の間、この町が安全な避難所となることを願っています。
PROPQUEST_INC_110023,This town could really use your help. We are surrounded in every corner of this continent. ,この町にはあなたの助けが必要なのです。この大陸はもう、隅々にまでモンスターが蔓延っているのです。
PROPQUEST_INC_110024,"Our people have a lot of hope, but I fear the threat grows stronger and stronger every day.",私たちの人々は多くの希望を持っていますが、脅威が日に日に強くなっているのではないかと心配しています。
PROPQUEST_INC_110025,We thank you for your help. I hope our hospitality suffices for your needs.,ご協力ありがとうございました。私からのお礼が、要望に十分お応えできるものであれば幸いです。
PROPQUEST_INC_110026,Old Machinery,古い機械
PROPQUEST_INC_110027,"So you want to help me fight off masquerpets, huh? Good.",それで、モンスターを撃退するのを手伝ってくれるんですよね？助かります。
PROPQUEST_INC_110028,The entrance to Azria was once an industrious place. It is now overrun by ancient machines. Help me bring down their numbers so other travelers may enter this place more safely.,アズリアの入り口はかつて平穏な場所でした。それは今、古代の機械に蹂躙されています。他の旅人がより安全にここへたどり着けるよう、モンスターの数を減らすのを手伝っていただけませんか？
PROPQUEST_INC_110029,Will you help me?,助けて欲しい？
PROPQUEST_INC_110030,Good. Get going then. The fighting never stops.,じゃあ行こう。争いは絶えることがありません。
PROPQUEST_INC_110031,Come back when you think you are ready.,準備ができたと思ったら戻ってきてください。
PROPQUEST_INC_110032,It appears your efforts were a success. Thank you.,あなたの努力が実を結んだようですね。ありがとうございました。
PROPQUEST_INC_110033,"Not enough monsters have been defeated, unfortunately. You must go back and fight.",残念ながら十分な数のモンスターが倒されていません。もう一度戦ってきていただけませんか。
PROPQUEST_INC_110034,Squash the Sasquatch!,サスカッチをつぶせ！
PROPQUEST_INC_110035,"We meet again, traveler. We need more help. Rumor has it that the Yetti are becoming more aggressive towards humans. We can't allow this to continue happening.",イエティが人間に対してより攻撃的になっているという噂があります。これ以上続くようだと、私たちにも被害が出ると思うんです。
PROPQUEST_INC_110036,"Will you lend me a hand once more, traveler?",もう一度手を貸してくれませんか？
PROPQUEST_INC_110037,Please defeat 70 Yetti and 55 Mutant Yetti and return to me as soon as you're finished.,イエティ 70 体とミュータント イエティ 55 体を倒して、終わったらすぐに戻ってきてください。
PROPQUEST_INC_110038,Town Fortification,町の要塞
PROPQUEST_INC_110039,It seems as though the masquerpets are a greater threat than I thought. We will need to fortify our town as soon as possible.,モンスターは思った以上に脅威のようです。できるだけ早く町を強化する必要があります。
PROPQUEST_INC_110040,Bring us some wood and stone. We can make good use of it and reinforce our buildings and fences.,木と石を持ってきてください。それをうまく活用して、建物やフェンスを補強することができます。
PROPQUEST_INC_110041,Please bring back 20 Wood & 20 Stone. You can obtain the Wood from most kinds of Yetti and Stone from most kinds of Augu.,ウッド20個とストーン20個を持ってきてください。ウッドはイエティらから、ストーンはアウグらから入手できるはずです。
PROPQUEST_INC_110042,"That will not be enough, sadly!",悲しいですが、それでは足りないようです。
PROPQUEST_INC_110043,Thank you so much! We will put these materials to good use.,どうもありがとう！これらの素材を有効活用していきます。
PROPQUEST_INC_110044,"Now our town is stronger than ever! Unfortunately, we are still lacking a lot of resources.",今、私たちの町はかつてないほど強くなりました！しかし残念ながら、まだ多くの素材が不足しています。
PROPQUEST_INC_110045,"Azria used to have a field of crystals that we would use for energy and magic, but these have been devoured by a crazed Augu that has gone absolutely mad.",アズリアには、エネルギーと魔法に使うクリスタルのフィールドがありましたが、完全に気が狂ったアウグらによって蝕まれてしまいました。
PROPQUEST_INC_110046,The Glacial Augu is now overpowered from all of this crystal essence and has become nearly unstoppable. Can you help us defeat it and retrieve its crystal essence?,狂ったアウグは今、クリスタルによって力を蓄え、無敵とも言える状態となってしまいました。もう私たちにはどうすることもできません。アウグらを倒し、クリスタル本来の姿を取り戻す力添えをいただけないでしょうか。
PROPQUEST_INC_110047,Good luck!,よろしくお願いします。
PROPQUEST_INC_110048,I understand. It's a difficult task. I will wait for you to get stronger.,分かりました。難しいですよね。今はあなたが強くなるのを待つときかもしれません。
PROPQUEST_INC_110049,The Frosty Beast,フロスティ・ビースト
PROPQUEST_INC_110050,Amazing! And you did that all by yourself I bet!,全て一人でこなしてしまったのですか？本当に素晴らしい！
PROPQUEST_INC_110051,Keep trying! I believe in you!,努力は実を結ぶはずです。私はあなたを心から誇りに思っています。
PROPQUEST_INC_110052,"Now that we have all of this crystal essence, we can enforce our town and create a magical barrier that no monster, Violet or not, can ever break through.",このクリスタル・エッセンスをすべて手に入れた今、町の防衛を強化し、ヴァイオレットモンスターであろうと、突破できない魔法の障壁を張り巡らせることができるはずです。
PROPQUEST_INC_110053,We thank you for all of your help! Stay safe out there.,皆様のご協力に感謝いたします。
PROPQUEST_INC_110054,Lost Souls,失われた魂
PROPQUEST_INC_110055,"While we may be safe for now thanks to your help, the armies of Shade are advancing.",あなたの助けのおかげで、私たちは今のところ安全かもしれませんが、シェードの軍隊は前進しています。
PROPQUEST_INC_110056,Shade is summoning the very dead to fight against us. Ghosts of the forgotten rulers have completely taken over the old ruins of Azria.,シェードは私たちと戦うために死者を召喚しています。忘れ去られた統治者の亡霊がアズリアの古い遺跡を完全に乗っ取った。
PROPQUEST_INC_110057,Bring Mawrang some of their remains so they can be studied. Maybe we can learn something.,彼らが研究できるように、マウラングに彼らの遺骸の一部を持ってきてください。何かを学ぶことができるかもしれません。
PROPQUEST_INC_110058,Hm... yes... That is interesting.,うーん...はい...それは興味深いです。
PROPQUEST_INC_110059,"That may not be enough, hm.",それだけでは不十分かもしれません。
PROPQUEST_INC_110060,Overlord,オーバーロード
PROPQUEST_INC_110061,There is very dark and evil power behind these masquerpets. I fear my suspicions are correct.,このモンスターの背後には、非常に暗く邪悪な力があります。私の疑念が的中したようです。
PROPQUEST_INC_110062,Some of these masquerpets are being empowered by giant variants. This gives them enough power to break through our barrier!,モンスターの一部には、巨大な亜種によって強化されたものもいます。我々の結界を突破してしまう可能性があります。
PROPQUEST_INC_110063,We must defeat these giants at once!,一刻も早くジャイアントを倒さなければならない！
PROPQUEST_INC_110064,Hurry! We do not have much time left.,急いてください！もう時間がないんです。
PROPQUEST_INC_110065,Very unfortunate...,非常に残念です...
PROPQUEST_INC_110066,That was a close call. Thank you.,危機一髪でした。ありがとうございました。
PROPQUEST_INC_110067,We must defeat more than that.,打ち勝ってきてください！
PROPQUEST_INC_110068,"Our barrier is safe for now, but there appears to be another army approaching much closer now. This one is a far graver threat than any we have ever faced.",私たちの結界は今のところ安全ですが、別のモンスターがさらに接近しているようです。これは、これまでに直面したどの脅威よりもはるかに深刻な問題です。
PROPQUEST_INC_110069,We must prepare for this battle. Speak to Auxilior as soon as possible.,この戦いに備えなければならない。できるだけ早くヘルパーに話を聞いてきてください。
PROPQUEST_INC_110070,There is no time to waste. We must strengthen our magic barrier and gather materials. Slay some Augu and gather what little Crystal Essence they may have shared from the Glacial Augu.,無駄にする時間はありません。素材を集め、魔法障壁を強化しなければなりません。グレイシャルアウグを倒し、クリスタルエッセンスを集めてください。
PROPQUEST_INC_110071,"Once you do, bring us a hammer from a Lord Yetti. This is a formidable weapon that we can use to defend ourselves.",それが済んだら、ロード・イエティのハンマーを持ってきてくれ。これは我々が身を守るために使える、強力な武器だ。
PROPQUEST_INC_110072,Prepare for Battle! (1),戦いに備える！(1)
PROPQUEST_INC_110073,Let's go then.,じゃあ、行きましょう。
PROPQUEST_INC_110074,It's time to face off against the Mammoths. The most fearsome and terrible creature I have ever laid my eyes upon in this place.,マンモスと対峙する時が来ました。これまで目にした中で一番恐ろしいモンスターです。
PROPQUEST_INC_110075,This will not be an easy battle. May Rhisis be with you.,決して簡単な戦いではありません。リシスがあなたと共にありますように。
PROPQUEST_INC_110076,"Kill 100 Cannibal Mammoths and last but not least, the Lord Mammoth. ",人食いマンモスを100体倒し、最後にロード・マンモスを倒せ。
PROPQUEST_INC_110077,You are truly a great warrior and an even greater friend. We owe our lives to you.,あなたは本当に偉大な戦士であり、偉大な友人と言えます。私たちの命はあなたがいてこそ、今存在しているんですよ。
PROPQUEST_INC_110078,We must battle on. I believe in you.,戦い続けなければなりません。あなたを信頼しています。
PROPQUEST_INC_110079,"We are safe now. I know this may not be much, but take this as a sign of our appreciation. You will always be remembered here.",私たちが安全で暮らせるのはあなたのおかげです。大したお礼ではありませんが、受け取ってください。生涯あなたを忘れる日はないでしょうね。
PROPQUEST_INC_110080,Prepare for Battle! (2),戦いに備える！(2)
PROPQUEST_INC_110081,Slay Augu and gather Crystal Essence. Also obtain a hammer from a Lord Yetti.,アウグを倒してクリスタルエッセンスを集めろ。さらに、ロード・イエティからハンマーを入手せよ。
PROPQUEST_INC_002010,Raising Pets 1 (Egg -> F Tier),ペット成長の1段階(卵 -> グレードF)
PROPQUEST_INC_002011,"Nice egg, stranger. I'm sure you're wondering what kind of pet you'll get from it. Well, don't get too far ahead of yourself now. I can't guarantee you're going to be able to hatch it.",素敵な卵をお持ちですね。その卵からどんなペットがでるのか気になりませんか？
PROPQUEST_INC_002012,"However, if you really take care of the egg there shouldn't be a problem. All you need to do is get the egg's experience (EXP) to 99.99% and then bring it back to me. Think you can do that?",ペットを愛する気持ちがあれば、素敵なペットが生まれるはずです。卵の経験値を100％にする自信がありますか？　
PROPQUEST_INC_002013,"Sounds good! Alright, listen. In order to bring your egg's experience to full, you're going to need to feed it while it's summoned. Find yourself some Pet Candy (F) and get started!",これからあなたは卵に愛情を注がないといけません。卵に一定のえさをあげると、孵化されます。卵を召喚した状態でえさを与えてください。　
PROPQUEST_INC_002014,"Well that's a shame. I can't say I'm surprised, though. From the looks of you, you probably couldn't even keep a cactus alive.",もう一回考え直してください。あなたにとってペットの存在はとても大きな力になりますよ。
PROPQUEST_INC_002015,"Great job with the egg, stranger! Tell you what, I'll take over from here. It's hatching time!",よく育ちましたね。ではこれから私がこの卵を孵化させてあげましょう。
PROPQUEST_INC_002016,You're going to need to get your egg's experience to 99.99% in order for me to hatch it for you. Feel free to stop by again once you've done this!,まだペットに対する熱情が足りないようです。
PROPQUEST_INC_002017,"The Pet Tamer has asked you to feed your egg some Pet Candy until it reaches 99.99% EXP. Once you've done that, return to him and he will hatch it for you!",ペットテイマーに経験値が100％になった卵を持って行くと、ペットに孵化させてくれるそうだ。　
PROPQUEST_INC_002019,Raising Pets 2 (F Tier -> E Tier),ペット成長の２段階(グレードF -> グレードE)
PROPQUEST_INC_002020,"Now that you're pet has been hatched, it will increase specific character statistics (Stat Points) depending on the type of pet you have summoned. Every pet type affects a specific character statistic.",まだペットの能力をよく分かってないのでは…。もっとペットとの時間を持った方がいいと思いますよ。　
PROPQUEST_INC_002021,"Feed your pet the appropriate Pet Candy and it will gain experience. If you bring your pet's experience to 99.99% again, I'll upgrade it! How does that sound?",ペットと共にマドリガル大陸を探検して来てください。ペットの経験値が100％になったら、私がペットのレベルを上げてあげますよ。
PROPQUEST_INC_002022,"If your pet's energy runs out, it can't help you. When it's energy gets low, you better feed it to keep the bonuses! Now, go and spend some time with your pet! Come back when you've gained enough experience.",ペットは召喚中に経験値が上昇します。えさも忘れないように。えさがなくなったらペットは飢え死にしちゃいますからね。　
PROPQUEST_INC_002023,"Really? You're not interested in advancing your pet's abilities? Fine, have it your way. What a shame…",もっと頑張ってペットを成長させましょう。　
PROPQUEST_INC_002024,"Great job with your pet, my friend! I'll take it from here!",よく育てましたね。ペットのレベルをアップさせてあげましょう。　
PROPQUEST_INC_002025,You need to spend more time with your pet. It hasn't acquired enough experience to be upgraded yet. Stop back by when his experience reaches 99.99%!,ペットと共にした時間はまだまだ少ないようですね。もっといっしょに冒険してから来てください。
PROPQUEST_INC_002026,Bring your pet's experience to 99.99% and the Pet Tamer will upgrade it for you!,ペットテイマーに経験値が100％になったグレードDのペットを持って行くと、グレードCのペットにレベルアップさせてくれるそうだ。　
PROPQUEST_INC_002028,Raising Pets 3 (E Tier -> D Tier),ペット成長の３段階(グレードE -> グレードD)
PROPQUEST_INC_002029,"The higher the level granted for a particular tier (F, E, D, C, B, A or S), the higher the affected character statistic will be. The level granted is always random. Cool huh?",可愛いペットですね。でもまだまだって感じかな。ペットが持っている本当の能力を引き出すためには、もっと長い時間を一緒に冒険する必要があります。
PROPQUEST_INC_002030,E Tier Pets such as this one have 2 levels available (1 - 2) and you achieved a random level during the last upgrade. Will you see me when your pet reaches 99.99% experience again?,ペットと共にマドリガル大陸を探検して来てください。ペットの経験値が100％になったらまた来てください。ペットのレベルをアップさせてあげます。　
PROPQUEST_INC_002031,"Great! I'll see you when you get back. Good luck, and don't forget to feed your pet!",もっともっと多くの時間を一緒に過ごしてください。
PROPQUEST_INC_002032,"Don't give up now, you're doing such a great job!",ペットをもっと成長させたくないのですか？
PROPQUEST_INC_002033,"The two of you are becoming stronger together, and it looks like you guys have become pretty good friends in the process. Excellent! I will upgrade your pet to D tier now!",ペットと共にした時間が短くはありませんよね。ペットのレベルをアップさせてあげましょう。　
PROPQUEST_INC_002034,Stop back by when your pet reaches 99.99% experience.,ペットと共にした時間がまだまだ足りませんね。もっと冒険してから来てください。
PROPQUEST_INC_002037,Raising Pets 4 (D Tier -> C Tier),ペット成長の４段階(グレードD -> グレードC)
PROPQUEST_INC_002038,"Excellent job raising your pet so far, my friend. You two certainly look happy together!",とても力強く見えるようになりましたね。でも私の目にはまだペットの本当の能力を引き出したとは思えませんね。これからもペットのレベルアップのため頑張りましょう！　
PROPQUEST_INC_002039,"I'm sure you've noticed by now that the higher the level granted for a particular tier, the higher the benefit to your Stats.",ペットの経験値を100％にしたら、レベルアップと共に見た目も変わります。今度こそ大人のペットになりますね。　
PROPQUEST_INC_002040,"No pain, no gain. I'm sure you know the drill by now. Bring the experience of your pet to 99.99% and bring it back to me. I will upgrade it when your done.",ペット経験値を100％にしてから私のところに来てください。　
PROPQUEST_INC_002042,"The two of you are becoming stronger together, and it looks like you guys have become pretty good friends in the process. Excellent! I will upgrade your pet to C tier now!",素敵なペットになりましたね！
PROPQUEST_INC_002043,Not quite there… your pet needs more experience. I'm sure you already knew that.,まだです。もう少し成長させてください。
PROPQUEST_INC_002046,Raising Pets 5 (C Tier -> B Tier),ペット成長の５段階(グレードC -> グレードB)
PROPQUEST_INC_002047,I can see that you and your pet have been through a great deal together. You're almost there!,今までよく育てましたね。私がやってあげることも今回で最後です。　
PROPQUEST_INC_002048,"I'll upgrade your pet to *S level* using magic handed down through my family. All you have to do is get the experience of your pet to 99.99%. You've done it before, will you do it the one last time?",うちの家に代々伝わってくる秘法で、ペットの能力値を引き上げます。ペットの経験値を100％にした後、私のところへ持ってきてください。
PROPQUEST_INC_002049,I knew you would. It looks like both you and your pet are ready to begin.,本当にペットが好きなんですね。いつものようにペットを成長させたら、私のところに持って来てください。
PROPQUEST_INC_002050,Does this mean you are giving up on your pet?,ペットへの愛情はここまでなのですか？
PROPQUEST_INC_002051,"Congratulations! As long as you have your pet, you will never be alone. Your pet seems to be very happy, you've done a great job. Now allow me to apply the final upgrade!",ペットは素敵に成長しました。誰が見てもあなたのペットを素晴らしいと思うはずです。
PROPQUEST_INC_002052,You are so close to getting your pet to its ultimate level. Do not give up now.,もう少し頑張ってください。完全に成長したペットの姿を見たくはないのですか？
PROPQUEST_INC_120000,Raising Pets 6 (B Tier -> A Tier),ペットの育成 6 (B等級-> A等級)
PROPQUEST_INC_120001,"The two of you are becoming stronger together, and it looks like you guys have become pretty good friends in the process. Excellent! I will upgrade your pet to B tier now!",2人でどんどん強くなっていく過程で、かなり仲良しになったようです。優秀な！今すぐあなたのペットを B等級にアップグレードします!
PROPQUEST_INC_120002,Raising Pets 7 (A Tier -> S Tier),ペット育成7（Aランク→Sランク）
PROPQUEST_INC_120003,"The two of you are becoming stronger together, and it looks like you guys have become pretty good friends in the process. Excellent! I will upgrade your pet to A tier now!",2人でどんどん強くなっていく過程で、かなり仲良しになったようです。優秀な！今すぐあなたのペットをA等級にアップグレードします！
PROPQUEST_INC_110082,Volkane,ヴォルケイン
PROPQUEST_INC_110083,Finding the Guardians,ガーディアンを見つける
PROPQUEST_INC_110084,A great terror lies within this volcano. A cataclysmic maelstrom is said to have erupted this volcano and carved out these caverns.,この火山には恐怖そのものが潜んでいる。激動の大渦が火山を噴火させ、ついにはこの洞窟そのものを創り上げてしまった。
PROPQUEST_INC_110085,"The Red Meteonyker is one of the most dangerous Masquerpets in all of Madrigal. As a fearsome creation of Shade, I do not know of many who have survived his fiery breath. This abomination has been sealed away for many ages.",レッド・メテオニカは、マドリガル全土で最も危険なモンスターとも言われている。シェードが創ったとされる大きな恐怖の1つ、奴のブレスから生き延びた者を私は多くないと言う。この忌まわしい存在は、長い年月の間封印されてきた。
PROPQUEST_INC_110086,Many adventurers like yourself who battle Masquerpets in Darkon are unaware of the grave danger that lies below them. The walls are giving way and the Red Meteonyker may not be tempered much longer.,ダーコンでモンスターに挑む冒険者たちは、水面下に潜むこの重大な危機を知らない。壁が崩れ、レッドメテオニカが外に出て言ってしまうだろう。
PROPQUEST_INC_110087,"You think you can face the Red Meteonyker? I do not wish such a grim fate on anyone. However... you have survived the horrors of Darkon, so you must be very strong. Maybe I am being too skeptical. There may be some hope after all.",レッドメテオニカに立ち向かうつもりか？きっと過酷になるに違いない..。しかし、ダーコンに潜む恐怖に打ち勝っているお前は強い。っと...考えすぎか...。私はとっくに希望は捨ててきてるしな。
PROPQUEST_INC_110088,"Many of us guardians were annihilated when sealing the Red Meteonyker away. Only three of us are left, and each of us holds a piece of the key needed to enter the lair of the Red Meteonyker. You must find them and obtain each piece.",守護者たちはレッドメテオニカを封印したときに全滅だ。残っているのは 3人だけだ。まずはカギの手がかりを見つけねばならんな。きっと3人がそれぞれレッドメテオニカの住処に入るための鍵のかけらを持っているはずだ。
PROPQUEST_INC_110089,Can you help me find my long-lost guardian allies and defeat the Red Meteonyker once and for all?,行方不明だった守護者らと会い、レッドメテオニカと対峙してきてくれ。他に頼めないんだ。
PROPQUEST_INC_110090,Very well. Here is the first piece of the key. There are threats in this cavern other than the Red Meteonyker. Good luck.,さすがだ。これが鍵の最初の欠片だ。この洞窟にはレッドメテオニカ以外にも恐ろしいモンスターはいる。気を付けてくれ。
PROPQUEST_INC_110091,"Wise decision. Stay safe, traveler.",賢明な決断。旅人よ、安全を保て。
PROPQUEST_INC_110092,You have not found any guardians yet? That is fine. We will find them eventually.,まだ守護者を見つけていないだと？ここにはおらん。残り2人を探してきてくれ。
PROPQUEST_INC_110093,Find Obnis.,オブニスを見つける。
PROPQUEST_INC_110094,Kumah is alive? I see. And I see you have one of the three pieces of the key with you. You must be fearless for wanting to face the Red Meteonyker alone.,クマーが生きて..いる？本当か！そうか、そうか。鍵を探しているんだな。ここに欠片が1つある。持って行ってくれ。レッドメテオニカに1人で立ち向かうとは、恐れ入ったぞ。
PROPQUEST_INC_110095,"As Kumah may have told you, our power is not as strong as it once was. This place takes a toll on your strength.",クマーが言ったように、私たちの力はかつてほど強力ではない。ここは体力の消耗が激しくてな。
PROPQUEST_INC_110096,"I have unfortunately been trapped in this spot for a while. I can take on Meteonykers, but some powerful Berserk Meteonykers have been swarming the place in search of us guardians.",残念だが、私はしばらくこの場所に閉じ込められている。メテオニカならなんとか引き受けることができるが、バーサクメテオニカが私たち守護者を見つけては囲んでしまうんだ。
PROPQUEST_INC_110097,"Can you help me escape? In return, I will give you the second piece of the key you will need to enter the lair of the Red Meteonyker.",脱出を手伝ってくれないか？その代わりと言ったらなんだが、レッドメテオニカの部屋へ入るために必要な鍵の欠片を渡そう。
PROPQUEST_INC_110098,"Why thank you, kind stranger. I will wait here for you.",すまないな、親切な冒険者。ここで待っているぞ。
PROPQUEST_INC_110099,Hmph. I'll just give up then...,うーん。そしたら諦めるしかない…
PROPQUEST_INC_110100,I knew I could count on you!,そうか、信じてよかった。助かったぞ！
PROPQUEST_INC_110101,"My dear traveler, there are still too many Berserk Meteonykers!",親愛なる旅人よ、バーサークメテオニカがまだ多すぎるようだ！
PROPQUEST_INC_110102,Finding the Guardians (2),ガーディアンを見つける (2)
PROPQUEST_INC_110103,Finding the Guardians (3),ガーディアンを見つける (3)
PROPQUEST_INC_110104,Test of Strength,力を示す試練
PROPQUEST_INC_110105,Kill 3 Berserk Meteonykers,バーサークメテオニカを3体倒す
PROPQUEST_INC_110106,"There is only one piece left, in the hands of our fellow guardian Airon. She is stubborn though, and you might need to convince her... if you can find her.",私たちの仲間の守護者アイロンが持っているのが最後の1つです。彼女は頑固なので、説得する必要があるかもしれません...彼女を見つけることができればですが。
PROPQUEST_INC_110107,"The other two guardians may still be alive, but you are foolish to come here. Nobody is strong enough to face the Red Meteonyker.",他の2人の守護者はまだ生きているのでしょうけれど、ここに来るなんてあなたは愚かです。レッドメテオニカに立ち向かうほど強い人はもうどこにもいないわ。
PROPQUEST_INC_110108,Kumah spoke to you? That's okay. He has too much faith in people. I'm a bit of a skeptic. Nothing has ever gone right in this terrible place for us.,クマーに話しかけられたの？ふっ、それはね、彼は人を信じすぎる癖があるからね。私は懐疑的。こんなひどい場所で、うまくいったためしがないもの。
PROPQUEST_INC_110109,"Show me a convincing display of your strength. This chamber is filled with Katamaws, a ferocious beast that cannot be tamed. Kill 70 of them and I may consider trusting your abilities.",説得力があるなら今ここで見せてみなさいよ。 この付近はカタモーでいっぱいだし、飼いならすことなんてできない獰猛な獣だわ。せいぜい70匹殺せば、お前の力を認めてやる。
PROPQUEST_INC_110110,Go on then.,早く行きなさい
PROPQUEST_INC_110111,You surprise me. I was wrong about you.,驚いた、あんたを甘く見ていたわ。
PROPQUEST_INC_110112,That's not nearly enough.,全然足りないわね。
PROPQUEST_INC_110113,I kept my word. You now have all three pieces of the key.,約束を守ってやったわ。これでカギの欠片3つ全部、揃ったんでしょ？
PROPQUEST_INC_110114,"In order to merge them and unlock the entrance to the Red Meteonyker, you must find a guardian forger.",それをうまいこと繋ぎ合わせればいいんだろうけど、守護者ハーモを見つけないとできそうにないわ。
PROPQUEST_INC_110115,Most were wiped out long ago. You must find any survivors and bring the key together once again.,生存者を見つけて、もう一度鍵を集めなければならないわね。
PROPQUEST_INC_110116,What brings you here?,わざわざここまで何を持ってきたんだ？
PROPQUEST_INC_110117,Airon sent you? And I see you have all three pieces of the key. Then there is no time to waste.,アリオンがお前をここまで？おいおい、鍵の欠片3つの部分をすべて持っているな。無駄にするような時間は今はなさそうだな。
PROPQUEST_INC_110118,"I can reforge the key for you, but I require a lot of life source to do so.",鍵をつなぎ合わせることはできだろうが、多くの生命エネルギーが必要になる。
PROPQUEST_INC_110119,"Ever since the Red Meteonyker has been wreaking havoc in his chamber, the armies of Shade have swarmed this place. Cyclops X are everywhere, and the entrance is now kept by undead guardians.",レッドメテオニカが彼の部屋を破壊して以来、シェイドの軍隊がこの場所に群がっている。サイクロプスXはいたるところにいるし、入り口はアンデッド ガーディアンによって守られています。
PROPQUEST_INC_110120,Weaken the armies of the Cyclops X and defeat their lieutenant to obtain one of their life gems and bring it to me.,サイクロプス Xを弱体化させ、ジャイアントを倒しライフジェムを1つ手に入れ、私のところに持ってきてください。
PROPQUEST_INC_110121,Now stand back as I forge the key.,今鍵を繋ぎ合わせているところだ。ちょっと下がっててくれ
PROPQUEST_INC_110122,This is no time to play games. Go now and finish the task. We must hurry!,遊んでいる暇などない。今すぐ行ってこい！急いでいるんだぞ
PROPQUEST_INC_110123,I can't believe it. You achieved the impossible.,なんてこった。不可能を可能にするとはこのことか。
PROPQUEST_INC_110124,Why are you still here? You must defeat the Red Meteonyker!,なぜまだここにいる？レッドメテオニカを倒してこい。
PROPQUEST_INC_110125,"I would say your victory calls for a celebration, but the armies of Shade are still here. There is a lot left to do in this forsaken place.",あなたの勝利は祝賀に値すると言えるだろう。しかし、シェイドが創ったやつらはまだいるはずだ。この見捨てられた地にも、まだまだやることがたくさん残っている。
PROPQUEST_INC_110126,You are a lot more powerful than I thought you were. I am sure the other guardians are proud of your victory. I know I am. Thank you.,思っていたよりずっと強いんだな。他の守護者も勝利を誇りに思っているに違いない。心から感謝する。ありがとう。
PROPQUEST_INC_110127,The Red Meteonyker,レッドメテオニカ
PROPQUEST_INC_110128,"Here it is. The key has been reforged just as planned. Quickly now, go and defeat the Red Meteonyker before it's too late! You must fight through the hoard of undead guardians. Good luck.",カギならここにあります。キーは計画通りに繋ぎ合わせてやったぞ。手遅れになる前にレッドメテオニカを倒しに行ってきてくれ。その前にアンデッドガーディアンの群れと戦わないといけんがな。生きて帰ってこいよ
PROPQUEST_INC_110129,I can't believe it. You achieved the impossible.,なんてこった。不可能を可能にするとはこのことか。
PROPQUEST_INC_110130,"Quickly now, go and defeat the Red Meteonyker before it's too late! You must fight through the hoard of undead guardians. Good luck.",手遅れになる前にレッドメテオニカを倒しにいってくれ！アンデッド ガーディアンに気を付けてくれ。無事を祈っているぞ。
PROPQUEST_INC_110131,Defeat the Red Meteonyker!,レッドメテオニカを倒せ！
PROPQUEST_INC_110132,Master,マスター
PROPQUEST_INC_110133,Master Grade (1),修士課程 (1)
PROPQUEST_INC_110134,Reach level 70,レベル70に到達する
PROPQUEST_INC_110135,"Do you really think you’re the strongest? You’re wrong. You can be stronger! Listen... What if I told you that you could... relive certain moments of your life? It would be crazy, wouldn’t it?",あなたは本当にあなたが最強だと思いますか?あなたは間違っている。あなたは強くなることができます!聞く。。。私があなたにできると言ったらどうしますか...あなたの人生の特定の瞬間を追体験しますか?それはクレイジーでしょうね。
PROPQUEST_INC_110136,"I have a proposal for you. I take a few levels from you, of course temporarily, and you will accomplish a task for me. What do you have to gain? Everything!",私はあなたに提案があります。もちろん、一時的に、私はあなたからいくつかのレベルを取ります、そしてあなたは私のために仕事を成し遂げるでしょう。あなたは何を得る必要がありますか?すべてが！
PROPQUEST_INC_110137,"I’m bringing you down to level 60, and when you get to level 70, come back to me! I’ll give you back your previous levels with a little gift.",びっくりだベア！君のおかげでクリスマスは楽しく過ごせそうだベア！モンスターが雪だるまを壊したり、ニンジンを食べちゃわない限り！ベアベア！
PROPQUEST_INC_110138,"Be careful though, your experience will be halved for the duration of this short mission!",ただし、この短いミッションの期間中、経験値は半分になりますのでご注意ください!
PROPQUEST_INC_110139,"Obviously, if you change your mind, you can abandon the quest at any time through your quest window and I will give you back your levels, of course!",気が変わった場合は、クエストウィンドウからいつでもクエストを放棄することができ、もちろんレベルを返します!
PROPQUEST_INC_110140,"So, what do you think?",それで、あなたはどう思いますか?
PROPQUEST_INC_110141,"Perfect! I've taken your levels, come back to me when you reach the goal of our arrangement!",完璧ですね！私はあなたのレベルを取りました、あなたが私たちの決めた目標に達したら私のところへ戻ってきてください!
PROPQUEST_INC_110142,Oh I see... you’re probably too weak.,ああ、わかりました。。。あなたはおそらく弱すぎます。
PROPQUEST_INC_110143,"Wonderful! So I give you back your levels, and the little gift with it! Thank you for your help and see you soon!",いいですね！だから私はあなたにあなたのレベルとそれとの小さな贈り物を返します!あなたの助けをありがとう、そしてすぐにお会いしましょう!
PROPQUEST_INC_110144,"You haven’t been able to complete our arrangement? Too bad, others will!",あなたは私たちの手配を完了することができませんでしたか?残念なことに、他の人はそうするでしょう!
PROPQUEST_INC_110145,Master Grade (2),修士課程 (2)
PROPQUEST_INC_110146,Here you are again!? The last time was too easy... What if we put it back but a notch up?,また来た!?前回は簡単すぎました..元に戻したが、ノッチを上げた場合はどうなりますか?
PROPQUEST_INC_110147,"Like last time, I take your levels and you go back up! As simple as that!",前回と同じように、私はあなたのレベルを取り、あなたは戻ってきます!それと同じくらい簡単です!
PROPQUEST_INC_110148,"And like last time, if you want to resume your previous progression, you can cancel the quest, you will resume the progression of the latter by resuming the quest!",そして前回同様、前の進行を再開したい場合はクエストをキャンセルでき、クエストを再開することで後者の進行を再開します!
PROPQUEST_INC_110149,"This time, it will be from level 70 to 80! So, shall we go?",今回はレベル70から80まで!それでは、行きましょうか?
PROPQUEST_INC_110150,Great! Then I’ll wait here!,すごい！じゃあここで待ってるよ!
PROPQUEST_INC_110151,"No problem, just come back!",問題ありません、戻ってきてください!
PROPQUEST_INC_110152,Great! I expected no less from you. Here’s your reward.,すごい！私はあなたにそれ以上のことを期待していません。これがあなたの報酬です。
PROPQUEST_INC_110153,Reach level 80,レベル80に到達する
PROPQUEST_INC_110154,Master Grade (3),修士課程 (3)
PROPQUEST_INC_110155,The last time you finished your task in no time. What do you think? Let’s go back?,最後にタスクをすぐに終了したとき。どう思いますか。戻りましょうか?
PROPQUEST_INC_110156,"The rules are not changing, so what are we waiting for?",ルールは変わっていないので、何を待っていますか?
PROPQUEST_INC_110157,"This time, it will be from level 80 to 90! So, shall we go?",今回はレベル80から90まで!それでは、行きましょうか?
PROPQUEST_INC_110158,Reach level 90,レベル90に到達する
PROPQUEST_INC_110159,Master Grade (4),修士課程 (4)
PROPQUEST_INC_110160,"We’re almost done, don’t worry. But for now, let’s keep going?",ほぼ完了です、心配しないでください。しかし、今のところ、続けましょうか?
PROPQUEST_INC_110161,"And yes, as usual, same rules!",はい、いつものように、同じルールです!
PROPQUEST_INC_110162,"This time, it will be from level 90 to 100! So, shall we go?",今回はレベル90から100まで!それでは、行きましょうか?
PROPQUEST_INC_110163,Reach level 100,レベル100に到達する
PROPQUEST_INC_110164,Master Grade (5),修士課程 (5)
PROPQUEST_INC_110165,One more and then it’s the last!,もう1つ、そして最後です!
PROPQUEST_INC_110166,"This time, it will be from level 100 to 110! So, shall we go?",今回はレベル100から110まで!それでは、行きましょうか?
PROPQUEST_INC_110167,Reach level 110,レベル110に到達する
PROPQUEST_INC_110168,Master Grade (6),修士課程 (6)
PROPQUEST_INC_110169,Here we are! This is one of the last missions I have for you at the moment. Are you still motivated?,着きました！これが現時点で私があなたのために持っている最後の使命です。あなたはまだやる気がありますか?
PROPQUEST_INC_110170,"This time, it will be from level 110 to 120! So, shall we go?",今回はレベル110から120まで!それでは、行きましょうか?
PROPQUEST_INC_110171,Reach level 120,レベル120に到達する
PROPQUEST_INC_110172,Clockworks War,時計仕掛け戦争
PROPQUEST_INC_110173,Christmas Spirit,クリスマススピリット
PROPQUEST_INC_110174,"It’s almost Christmas, as you know. And I forgot to prepare my snowman...",ご存知のように、もうすぐクリスマスです。そして、雪だるまの準備を忘れました。 
PROPQUEST_INC_110175,"Can you get me $QUEST_END_ITEM_COUNT,2$ snowballs and $QUEST_END_ITEM_COUNT$ carrots before midnight ? ",真夜中までに$QUEST_END_ITEM_COUNT、2$スノーボール、$QUEST_END_ITEM_COUNT$ ニンジンを手に入れてもらえますか ?
PROPQUEST_INC_110176,"You can find the snowballs on the ground, but I think all the monsters picked them up... So you’ll have to eliminate a few to get them back.",雪玉は地面にありますが、すべてのモンスターがそれらを拾ったと思います..。したがって、それらを取り戻すには、いくつかを削除する必要があります。
PROPQUEST_INC_110177,"If you’re not interested in the Christmas spirit, it’s useless.",あなたがクリスマスの精神に興味がないなら、それは役に立たない。
PROPQUEST_INC_110178,You did it! Thanks to you Christmas is saved! Unless the monsters destroy the snowmen and take back the carrots...,それをやりました！あなたのおかげでクリスマスは救われました!モンスターが雪だるまを破壊し、ニンジンを取り戻さない限り...
PROPQUEST_INC_110179,"Well, I guess picking up snow and carrots is too hard for you, huh...",まあ、雪やニンジンを拾うのは難しすぎると思いますね。
PROPQUEST_INC_110180,"The polar bear asked me to bring back $QUEST_END_ITEM_COUNT,2$ snowballs and $QUEST_END_ITEM_COUNT$ carrots by midnight.",ホッキョクグマは私に、真夜中までに$QUEST_END_ITEM_COUNT、2$スノーボール、$QUEST_END_ITEM_COUNT$ニンジンを取り戻すように頼みました。
PROPQUEST_INC_110181,"Welcome hero! Another request has come in to clear out $QUEST_END_KILL_NAME$ from the Forsaken Tower. Could you please slay 50 $QUEST_END_KILL_NAME$, and return to me once you are done?",ようこそヒーロー！忘却の塔から$QUEST_END_KILL_NAME$を一掃せよと依頼が届きました。50体の$QUEST_END_KILL_NAME$を倒し戻ってきてくれないか？
PROPQUEST_INC_110182,"Well done, we'll have plenty of $QUEST_END_ITEM_NAME$s to fulfill all the requests!",よくやった、私たちはすべての要求を満たすためにたくさんの$QUEST_END_ITEM_NAME$sを持っているでしょう!
PROPQUEST_INC_110183,"You haven't defeated the $QUEST_END_KILL_NAME$ yet? That's okay, just return once you have.",$QUEST_END_ITEM_NAME$をまだ見つけていませんか?それは大丈夫です、あなたがそれらを手に入れたらただ戻ってください。
PROPQUEST_INC_110184,Welcome back hero! There are reports of a new threat in the Forsaken Tower. Please seek out and get rid of the $QUEST_END_KILL_NAME$. ,おかえりヒーロー！忘却の塔に新たな脅威の報告がありました。$QUEST_END_KILL_NAME$を探して一掃してきてください。
PROPQUEST_INC_110185,"Thank you hero, the $QUEST_END_KILL_NAME$ threat has been eliminated.",ありがとうヒーロー、$QUEST_END_KILL_NAME$の脅威が排除されました。
PROPQUEST_INC_110186,"You weren't able to kill the $QUEST_END_KILL_NAME$ yet? That's alright, please return after you've won against the giant!",あなたはまだ$QUEST_END_KILL_NAME$を倒すことができませんでしたか?大丈夫、巨人に勝ったら戻ってください!
PROPQUEST_INC_110187,The Tower is filled with dangerous masquerpets. I understand if you do not wish to take the risk.,タワーは危険なモンスターでいっぱいです。あなたがリスクを冒したくないのなら、私は理解しています。
PROPQUEST_INC_110188,Curiosity Killed the Cat (1),好奇心が猫を殺した(1)
PROPQUEST_INC_110189,Curiosity Killed the Cat (2),好奇心が猫を殺した(2)
PROPQUEST_INC_110190,Light as a Feather (1),羽のように軽い (1)
PROPQUEST_INC_110191,Light as a Feather (2),羽のように軽い (2)
PROPQUEST_INC_110192,Gullah Gullah Island! (1),ガラガラ島!(1)
PROPQUEST_INC_110193,Gullah Gullah Island! (2),ガラガラ島!(2)
PROPQUEST_INC_110194,Abraxas Antitoxin (1),アブラクサス抗毒素 (1)
PROPQUEST_INC_110195,Abraxas Antitoxin (2),アブラクサス抗毒素 (2)
PROPQUEST_INC_110196,Witch in the Tower (1),塔の魔女 (1)
PROPQUEST_INC_110197,Witch in the Tower (2),塔の魔女 (2)
PROPQUEST_INC_110198,Bird Assassins (1),鳥の暗殺者 (1)
PROPQUEST_INC_110199,Bird Assassins (2),鳥の暗殺者 (2)
PROPQUEST_INC_110200,Minotaur Maze (1),ミノタウロス迷路 (1)
PROPQUEST_INC_110201,Minotaur Maze (2),ミノタウロス迷路 (2)
PROPQUEST_INC_110202,Bead of the Black Magician (1),黒魔術師のビーズ (1)
PROPQUEST_INC_110203,Bead of the Black Magician (2),黒魔術師のビーズ (2)
PROPQUEST_INC_110204,Keys for the Piano (1),ピアノのための鍵盤 (1)
PROPQUEST_INC_110205,Keys for the Piano (2),ピアノのための鍵盤 (2)
PROPQUEST_INC_110206,Heart of Iron (1),鉄の心 (1)
PROPQUEST_INC_110207,Heart of Iron (2),鉄の心 (2)
PROPQUEST_INC_110208,$QUEST_END_ITEM_NAME$ drops from any type of Catsy.,$QUEST_END_ITEM_NAME$ は、任意のタイプのキャスティからドロップします。
PROPQUEST_INC_110209,$QUEST_END_ITEM_NAME$ drops from any type of Harpy.,$QUEST_END_ITEM_NAME$ は、どのタイプのハーピーからでもドロップされます。
PROPQUEST_INC_110210,$QUEST_END_ITEM_NAME$ drops from any type of Gullah.,$QUEST_END_ITEM_NAME$ は、どのタイプのガラからもドロップします。
PROPQUEST_INC_110211,$QUEST_END_ITEM_NAME$ drops from any type of Abraxas.,$QUEST_END_ITEM_NAME$ は、任意のタイプのアブラカサスからドロップされます。
PROPQUEST_INC_110212,$QUEST_END_ITEM_NAME$ drops from any type of Hague.,$QUEST_END_ITEM_NAME$は、あらゆるタイプのハーグからドロップされます。
PROPQUEST_INC_110213,$QUEST_END_ITEM_NAME$ drops from any type of Tengu.,$QUEST_END_ITEM_NAME$ は、任意のタイプの天狗からドロップします。
PROPQUEST_INC_110214,$QUEST_END_ITEM_NAME$ drops from any type of Asterius.,$QUEST_END_ITEM_NAME$ は、どのタイプのアステリウスからもドロップされます。
PROPQUEST_INC_110215,$QUEST_END_ITEM_NAME$ drops from any type of Dantalian.,$QUEST_END_ITEM_NAME$ は、任意のタイプのダンタリアンからドロップされます。
PROPQUEST_INC_110216,$QUEST_END_ITEM_NAME$ drops from any type of Gannessa.,$QUEST_END_ITEM_NAME$は、どのタイプのガネッサからもドロップします。
PROPQUEST_INC_110217,$QUEST_END_ITEM_NAME$ drops from any type of Asuras.,$QUEST_END_ITEM_NAME$ は、任意のタイプのアスラからドロップされます。
PROPQUEST_INC_110218,The $QUEST_END_KILL_NAME$ has been spotted on the first floor of the Forsaken Tower.,$QUEST_END_KILL_NAME$は、忘却の塔の1階で発見されました。
PROPQUEST_INC_110219,The $QUEST_END_KILL_NAME$ has been spotted on the second floor of the Forsaken Tower.,$QUEST_END_KILL_NAME$は、忘却の塔の2階で発見されました。
PROPQUEST_INC_110220,The $QUEST_END_KILL_NAME$ has been spotted on the third floor of the Forsaken Tower.,$QUEST_END_KILL_NAME$は、忘却の塔の3階で発見されました。
PROPQUEST_INC_110221,The $QUEST_END_KILL_NAME$ has been spotted on the fourth floor of the Forsaken Tower.,$QUEST_END_KILL_NAME$は、忘却の塔の4階で発見されました。
PROPQUEST_INC_110222,The $QUEST_END_KILL_NAME$ has been spotted on the fifth floor of the Forsaken Tower.,$QUEST_END_KILL_NAME$は、忘却の塔の5階で発見されました。
PROPQUEST_INC_110223,Clockworks War (Medium),時計仕掛けの戦争(ミディアム)
PROPQUEST_INC_110224,Clockworks War (Hard),時計仕掛けの戦争(ハード)
PROPQUEST_INC_110225,Meteonyker,メテオニカ
PROPQUEST_INC_110226,Meteonyker (Medium),メテオニカ(ミディアム)
PROPQUEST_INC_110227,Meteonyker (Hard),メテオニカ(ハード)
PROPQUEST_INC_110228,Forsaken Tower Daily Quests,忘却の塔デイリークエスト
PROPQUEST_INC_110229,Dungeon Card Reward,ダンジョンカード報酬
PROPQUEST_INC_110230,Weapon Piercing Box (D),武器貫通ボックス(D)
PROPQUEST_INC_110231,Weapon Piercing Box (C),武器貫通ボックス(C)
PROPQUEST_INC_110232,Weapon Piercing Box (B),武器貫通ボックス(B)
PROPQUEST_INC_110233,Weapon Piercing Box (A),武器貫通ボックス(A)
PROPQUEST_INC_110234,"Welcome hero! Another request has come in to clear out the boss masquerpets within Madrigal's dungeons. Could you please slay 5 dungeon bosses, and return to me once you are done?",ようこそヒーロー!マドリガルのダンジョン内のボスの仮面舞踏会を一掃する依頼がまた一つ入ってきた。ダンジョンのボスを5体倒して、終わったら私のところに戻ってきてくれませんか?
PROPQUEST_INC_110235,"Welcome hero! Another request has come in to clear out the boss masquerpets within Madrigal's dungeons. Could you please slay 20 dungeon bosses on Hard or higher difficulty, and return to me once you are done?",ようこそヒーロー!マドリガルのダンジョン内のボスの仮面舞踏会を一掃する依頼がまた一つ入ってきた。ハード以上の難易度でダンジョンのボスを20体倒して、終わったら戻ってきてくれませんか?
PROPQUEST_INC_110236,"Welcome hero! Another request has come in to clear out the boss masquerpets within Madrigal's dungeons. Could you please slay 35 dungeon bosses on Extra Hard or higher difficulty, and return to me once you are done?",ようこそヒーロー!マドリガルのダンジョン内のボスの仮面舞踏会を一掃する依頼がまた一つ入ってきた。超高難易度以上のダンジョンボスを35体倒して、終わったら私のところに戻ってきてくれませんか?
PROPQUEST_INC_110237,"Welcome hero! Another request has come in to clear out the boss masquerpets within Madrigal's dungeons. Could you please slay 50 dungeon bosses on Nightmare or higher difficulty, and return to me once you are done?",ようこそヒーロー!マドリガルのダンジョン内のボスの仮面舞踏会を一掃する依頼がまた一つ入ってきた。ナイトメア以上の難易度でダンジョンのボスを50体倒して、終わったら私のところに戻ってきてくれませんか?
PROPQUEST_INC_110238,"Collect souls from boss masquerpets at the end of any dungeon 5 times, and return to me for a reward.",ダンジョンの最後にあるボスの仮面舞踏会から魂を5回集めて、報酬を求めて私のところに戻ってください。
PROPQUEST_INC_110239,"Collect souls from boss masquerpets at the end of any dungeon on Hard or higher difficulty 20 times, and return to me for a reward.",ハード以上の難易度のダンジョンの最後にあるボスの仮面舞踏会から魂を20回集めて、報酬を求めて私のところに戻ってきます。
PROPQUEST_INC_110240,"Collect souls from boss masquerpets at the end of any dungeon on Extra Hard or higher difficulty 35 times, and return to me for a reward.",超難易度以上のダンジョンの最後にあるボスの仮面から魂を35回集めて、報酬を求めて私のところに戻ってきます。
PROPQUEST_INC_110241,"Collect souls from boss masquerpets at the end of any dungeon on Nightmare or higher difficulty 50 times, and return to me for a reward.",ナイトメア以上の難易度でダンジョンの最後にいるボスの仮面舞踏会から魂を50回集めて、報酬を求めて私のところに戻ってきます。
PROPQUEST_INC_110242,The dungeons are filled with dangerous masquerpets. I understand if you do not wish to take the risk.,ダンジョンは危険な仮面舞踏会でいっぱいです。リスクを冒したくないのであれば、私は理解しています。
PROPQUEST_INC_110243,"The threat from within the dungeons has been reduced thanks to you, hero. Please accept a weapon piercing card as thanks for your efforts!",ダンジョン内からの脅威は、ヒーローであるあなたのおかげで減少しました。お礼に武器貫通カードを受け取ってください!
PROPQUEST_INC_110244,"You haven't defeated the bosses yet? That's okay, just return once you have.",まだボスを倒していませんか?大丈夫です、一度戻ればいいのです。
PROPQUEST_INC_110245,Collect souls from 5 dungeon bosses on any difficulty.,任意の難易度で5体のダンジョンボスから魂を集めます。
PROPQUEST_INC_110246,Collect souls from 20 dungeon bosses on Hard or higher difficulty.,ハード以上の難易度の20体のダンジョンボスから魂を集めます。
PROPQUEST_INC_110247,Collect souls from 35 dungeon bosses on Extra Hard or higher difficulty.,超難易度以上の35体のダンジョンボスから魂を集めます。
PROPQUEST_INC_110248,Collect souls from 50 dungeon bosses on Nightmare difficulty.,難易度ナイトメアで50体のダンジョンボスから魂を集めます。
PROPQUEST_INC_110249,Daily Quests,デイリークエスト
PROPQUEST_INC_110250,Saving Private Leo,プライベートレオを救う
PROPQUEST_INC_110251,Private Leo has been trapped in the dungeon and sent an SOS sign!\nPlease save Private Leo!,レオ二等兵がダンジョンに閉じ込められ、SOSサインが送られてきました!!プライベートレオを救ってください!!
PROPQUEST_INC_110252,Private Leo seems to be injured so please hurry!,レオ二等兵が怪我をしているようですので、お急ぎください!!
PROPQUEST_INC_110253,"I have misjudged you! I’ll look for another person, now begone!",私はあなたを見誤っていました!もう一人探してやる、さあ行け!!
PROPQUEST_INC_110254,I've heard Private Leo has been successfully rescued! Please accept this reward!,レオ二等兵が無事救出されたと聞きました!!この報酬を受け取ってください!!
PROPQUEST_INC_110255,Has Private Leo been rescued yet?,プライベートレオはもう救出されましたか?
PROPQUEST_INC_110256,Visit dungeon NPC to learn all about Event,ダンジョンNPCにアクセスしてイベントのすべてを学ぶ
PROPQUEST_INC_110257,,
PROPQUEST_INC_110258,,
PROPQUEST_INC_110259,,
PROPQUEST_INC_110260,,
PROPQUEST_INC_110261,Rescue the missing childrens,行方不明の子供たちを救出する
PROPQUEST_INC_110262,The children from the town have gone missing... Please rescue them from the monsters!,町の子供たちが行方不明になった..モンスターから彼らを救出してください!
PROPQUEST_INC_110263,"I need you to save $QUEST_END_TRIGGERCTRL_COUNT$ childrens in any dungeon, before midnight.",真夜中までに、$QUEST_END_TRIGGERCTRL_COUNT$の子供をダンジョンに保存する必要があります。
PROPQUEST_INC_110264,You can find childrens in any dungeon. They will be in a cage and you will just have to get the key from the boss to save them!,どのダンジョンでも子供を見つけることができます。彼らは檻の中にいるので、ボスから鍵をもらって救うだけです!
PROPQUEST_INC_110265,"If I'm right, children's lives don't matter to you? No problem.",私の考えが正しければ、子どもの命なんてどうでもいいの?大丈夫。
PROPQUEST_INC_110266,"You saved the childrens! Thank you very much, you're my hero!",あなたは子供たちを救いました!どうもありがとう、あなたは私のヒーローです!
PROPQUEST_INC_110267,Someone else saved them. You were too slow and incompetent.,他の誰かが彼らを救ったのです。あなたは遅すぎたし、無能だった。
PROPQUEST_INC_110268,I need to rescue $QUEST_END_TRIGGERCTRL_COUNT$ childrens in any dungeon by midnight.,深夜までにダンジョンで$QUEST_END_TRIGGERCTRL_COUNT$の子供たちを救出する必要があります。
PROPQUEST_INC_110269,Make Monster Shaved Ice,モンスターかき氷を作る
PROPQUEST_INC_110270,"It's definitely hot today.\nThere's a special food that can blow this heat away, do you want to know?",今日は間違いなく暑いです。この暑さを吹き飛ばす特別な食べ物があるのですが、知りたいですか?
PROPQUEST_INC_110271,"Don't be surprised! It's Monster Shaved Ice!\nIt's a special recipe by me with monster ingredients.\nIf you want know how it tastes, go find the ingredients before the ice melts!",驚かないでください!モンスターかき氷です!モンスターの材料を使った私の特別なレシピです。味を知りたければ、氷が溶ける前に材料を探しに行こう!
PROPQUEST_INC_110272,You're not curious? You must not be too hot...,あなたは好奇心がありませんか?暑すぎてもいけない...
PROPQUEST_INC_110273,Here you go! Hurry up and try it before it melts!,はいどうぞ！！溶ける前に急いで試してみてください!
PROPQUEST_INC_110274,Oh why are you so late? Your ice already melted and it can't be used...,ああ、なんでこんなに遅いの?氷はすでに溶けてしまっていて、使えません。
PROPQUEST_INC_110275,"Are you still collecting?\nIf the ice melts, we can't make the shaved ice so hurry up!",まだ収集していますか? 氷が溶けてしまうとかき氷が作れなくなるのでお急ぎください!!
PROPQUEST_INC_110276,Defeat the monsters before the ice metls and return to Sotta\n(Can redo the quest if failed),アイスメットの手前でモンスターを倒し、ソッタに戻る(失敗した場合はクエストをやり直すことができる)
PROPQUEST_INC_130000,Coral Island,コーラル・アイランド
PROPQUEST_INC_130001,Clouds Over Coral Island,コーラル・アイランドに浮かぶ雲
PROPQUEST_INC_130002,"Hero, the clouds over the island to the southeast have finally cleared!",英雄よ、南東の島の雲がようやく晴れました!
PROPQUEST_INC_130003,For the longest time we have been unable to travel to the famed Coral Island. I wonder who or what caused the clouds to dissipate?,長い間、私たちは有名なコーラルアイランドに旅行することができませんでした。誰が、あるいは何によって雲が消えたのだろうか?
PROPQUEST_INC_130004,"Regardless of the reason, perhaps you should go pay a visit to the island and see what's new. ",理由はどうあれ、島に行って新しいものを見に行った方がいいかもしれません。
PROPQUEST_INC_130005,Many years ago a skilled blacksmith from Darken City named BoBu traveled through the fog in search for rare materials. Go seek out Coral Island and see if BoBu managed to survive.,何年も前、ボブという名のダーコンシティの熟練した鍛冶屋が、珍しい材料を求めて霧の中を旅したそうです。コーラルアイランドを目指しましたが、果たしてボブが生き残ったかどうか・・・。
PROPQUEST_INC_130006,"I understand hero, Coral Island has been uncharted territory for many years... Come back to me if you change your mind.",私は英雄を理解しています、珊瑚島は何年もの間未知の領域でした..。気が変わったら、私のところに戻ってきてください。
PROPQUEST_INC_130007,"Hello there traveler, I didn't expect to see one of you so soon after the clouds around Coral Island were lifted...",こんにちはそこの旅行者、私はコーラル島の周りの雲が持ち上げられた後、すぐにあなたの一人に会うとは思っていませんでした..
PROPQUEST_INC_130008,Go seek out Coral Island and see if BoBu managed to survive.,珊瑚島を探しに行き、ボブブがなんとか生き残ったかどうか見てみましょう。
PROPQUEST_INC_130009,Find Your Bearings,方角を探す
PROPQUEST_INC_130010,"Long ago I sailed into the mist that surrounded this island, hoping to discover something new and untouched in the land of Madrigal.",遠い昔、私はこの島を取り囲む霧の中を航海し、マドリガルの地で何か新しいもの、手つかずのものを発見しようと願っていました。
PROPQUEST_INC_130011,"I found Coral Island nestled deep into the clouds, but something kept me from ever leaving.",珊瑚島は雲の奥深くに隠れていたが、何かが私を妨げていた。
PROPQUEST_INC_130012,The mist that covered the island held some magic that prevented those who arrived from escaping.,島を覆う霧には、到着した者が逃げるのを防ぐ魔法が宿っていた。
PROPQUEST_INC_130013,"With Coral Island open to all, we may begin seeing more travelers arrive over time. For now, go introduce yourself to Sunny Pang. Sunny Pang will help you in your adventures around the island.",コーラルアイランドはすべての人に開放されており、時間の経過とともにより多くの旅行者が到着し始める可能性があります。とりあえず、サニーパンに自己紹介しに行きましょう。サニーパンは、島を巡る冒険をお手伝いします。
PROPQUEST_INC_130014,"Take your time, the island has a lot to offer. Come back to me when you are ready.",時間をかけて、島にはたくさんの魅力があります。準備ができたら、私のところに戻ってきてください。
PROPQUEST_INC_130015,"Wow, it's a real adventure! It's been so long since we've had anyone come visit Coral Island. I wasn't sure this day would ever come!",うわー、それは本当の冒険です!珊瑚島に遊びに来る人がいるのは久しぶりです。まさかこんな日が来るとは思っていませんでした!
PROPQUEST_INC_130016,Introduce yourself to Sunny Pang.,サニーパンに自己紹介してください。
PROPQUEST_INC_130017,An Island Shrouded in Mystery,謎に包まれた島
PROPQUEST_INC_130018,Those who call Coral Island their home have been unable to explore the world due to a curse placed on the island many years ago.,珊瑚島を故郷と呼ぶ人々は、何年も前に島にかけられた呪いのために世界を探検することができませんでした。
PROPQUEST_INC_130019,The cause of the cursed mist that has kept the Coral Island inhabitants trapped is unknown.,珊瑚島の住民を閉じ込めた呪われた霧の原因は不明です。
PROPQUEST_INC_130020,"However with the mist cleared from around the island, we can finally welcome fresh new faces to help us defend our small village!",しかし、島中の霧が晴れたことで、小さな村を守るために、ようやく新鮮な顔ぶれを迎えることができます!
PROPQUEST_INC_130021,"Coral Island is a dangerous place. To prove you are an adventurer capable of surviving the dangers here, I want you to go explore the island and take down 200 of any kind of Atrox.",珊瑚島は危険な場所です。ここでの危険を生き延びることができる冒険者であることを証明するために、島を探索してあらゆる種類のアトロックスを200体倒してほしい。
PROPQUEST_INC_130022,We didn't expect everyone that arrived to be strong enough for this place. Perhaps you can return to Darken City. ,到着した皆さんがこんなにも強いとは思いませんでした。もしかすると、ダーコンシティに戻れる日が来るかもしれない・・・。
PROPQUEST_INC_130023,I am impressed! Atrox are dangerous beasts known to cut down most creatures that approach them. You have proven yourself.,感動しました!アトロックスは、近づいてくるほとんどの生物を切り倒すことで知られる危険な獣です。あなたは自分自身を証明しました。
PROPQUEST_INC_130024,"Atrox are dangerous foes, you'll need to successfully defeat more of them to prove yourself to me.",アトロックスは危険な敵だ、俺に実力を証明するには、もっと多くの敵を倒す必要がある。
PROPQUEST_INC_130025,"Defeat 200 of any kind of Atrox, then return to Sunny Pang.",任意の種類のアトロックスを200体倒し、サニーパンに戻る。
PROPQUEST_INC_130026,Clear the Paths,パスをクリアする
PROPQUEST_INC_130027,Word has been going around the village about a strong new visitor that can hold their own against the ferocities of Coral Island.,噂は、珊瑚島の獰猛さに対抗することができる強力な新しい訪問者について村を駆け巡っています。
PROPQUEST_INC_130028,"The number of Tigars on the island have exploded recently, and we're not sure why. It's hardly safe to walk along the paths of Coral Island anymore.",最近、島のタイガーの数が爆発的に増えていますが、その理由はよくわかっていません。珊瑚島の小道を歩くのはもう安全とは言い難い。
PROPQUEST_INC_130029,"If you are willing to help us, go hunt enough Tigars to keep our paths safe for a while. Around 300 should do.",手伝ってくれるなら、しばらくの間、私たちの道を安全に保つために、十分な数のタイガーを狩りに行ってください。300体くらいでいいと思います。
PROPQUEST_INC_130030,Perhaps no one is powerful enough to defeat the Tigars.,おそらく、タイガーを倒すのに十分な力を持つ人はいないでしょう。
PROPQUEST_INC_130031,"Incredible, thank you for your efforts! We can safely travel around the land paths of the island again.",信じられない、あなたの努力に感謝します!島の陸路を再び安全に移動できます。
PROPQUEST_INC_130032,"Tigars hide in the grass, waiting to strike their prey. In just one NaNosecond they pounce to attack.",タイガーは草むらに隠れて獲物を襲うのを待っています。たった1ナノ秒で、彼らは攻撃を仕掛けてくる。
PROPQUEST_INC_130033,"Defeat 300 of any kind of Tigar, then return to Talus.",タイガーを300体倒し、タルスに戻る。
PROPQUEST_INC_130034,Pirates and Their Pet,海賊とそのペット
PROPQUEST_INC_130035,"Your reputation continues to grow in our little village, hero!",あなたの評判は私たちの小さな村で成長し続けています、ヒーロー!
PROPQUEST_INC_130036,The Meral pirates of Coral Island have managed to tame a Lord Tigar. Those thieves have threatened to come rob and destroy our homes.,コーラル・アイランドのメレー海賊たちが、ロード・タイガーを手なずけてしまった。奴ら盗賊どもは、我々の家を奪い、破壊すると脅してきている。
PROPQUEST_INC_130037,Defeat the pirates and their gigantic pet before they destroy everything we've built!,海賊とその巨大なペットを倒して、私たちが築き上げたものをすべて破壊しましょう!
PROPQUEST_INC_130038,I wouldn't want to be eaten by a Lord Tigar either. Understandable.,私だってロード・タイガーに食べられたくはないさ。無理もない。
PROPQUEST_INC_130039,"I knew you could do it, hero! For now we can rest, knowing that our village is safe from the Meral pirates and their Lord Tigar!",やってくれると思っていたよ、英雄！これでようやく、メレー海賊とロード・タイガーから村が守られたと安心して休める！
PROPQUEST_INC_130040,Merals and their pet Tigar are terribly powerful. You'll need to be strong to defeat them.,メレーとそのペットのタイガーは恐ろしく強力です。彼らを倒すには強くなければなりません。
PROPQUEST_INC_130041,"Collect 30 Pristine Pirate Lens from any kind of Meral, and a Gigantic Feline Fang from a Lord Tigar.",あらゆる種類のメレーから手付かずの海賊レンズを30個、そしてロード・タイガーからジャイアントタイガーの牙を集めろ。
PROPQUEST_INC_130042,King of the Pirates!,海賊の王!
PROPQUEST_INC_130043,"Woaw, welcome to Coral Island hero! Let me tell you a story of legend, if you don't mind.",うわー、コーラルアイランドのヒーローへようこそ!よろしければ、伝説の話をしましょう。
PROPQUEST_INC_130044,"Long ago, a huge Meral was once blessed by Shade. The Meral grew twisted and grotesque, but filled with dark power.",遠い昔、巨大なメレーがシェイドに祝福されたことがある。メレーはねじれてグロテスクになったが、闇の力に満ちていた。
PROPQUEST_INC_130045,"Soon the Overlord Meral became the King of the Pirates of Coral Island, ruling with an iron hook.",やがてオーバーロード・メレーはコーラル・アイランドの海賊王となり、鉄のフックで支配するようになった。
PROPQUEST_INC_130046,"Wehehehe, if you defeated that Overlord Meral maybe YOU could become King of the Pirates!",ウヒヒヒ、あのオーバーロード・メレーを倒せたなら、お前が海賊王になれるかもしれないぞ！
PROPQUEST_INC_130047,I guess we will never know if the legend of the Meral King is true.,メレー王の伝説が本当かどうかはわからないだろう。
PROPQUEST_INC_130048,Woah woah woah! You defeated the King of the Pirates? And that stone...,うわぁ海賊王を倒したのか?そして、あの石は..
PROPQUEST_INC_130049,It seems this one piece of stone is filled with purple magic... this is definitely the work of Shade.,どうやらこの石には紫の魔力が込められているようだ。これは間違いなくシェイドの作品です。
PROPQUEST_INC_130050,"Fufufu, the only thing that bothers me is that there is legend of a second piece of magic stone hidden on this island. Maybe one day the two of us will discover where it's hiding!",ふふふ、唯一気になるのは、この島に2つ目の魔石が隠されているという伝説があることです。いつの日か、2人で隠れている場所がわかるかもしれませんね!
PROPQUEST_INC_130051,"To find out if the legend is true, you'll need to defeat the Overlord Meral.",その伝説が本当かどうか確かめるには、オーバーロード・メレーを倒す必要がある。
PROPQUEST_INC_130052,Defeat the Overlord Meral to collect the Purple Pirate Insignia.,オーバーロード・メレーを倒し、紫の海賊記章を集めろ。
PROPQUEST_INC_130053,Island Delicacies,島の珍味
PROPQUEST_INC_130054,"Ha! You have really made a name for yourself here on Coral Island, hero. Everyone has told me of the amazing feats you've accomplished.",ハッ!ここコーラル島で名を馳せたな、英雄よ。誰もが、あなたが成し遂げた素晴らしい偉業について私に話してくれました。
PROPQUEST_INC_130055,"If you want to prove yourself further, help us defeat the legion of Naga that have taken over the island.",さらに実力を証明したいなら、島を乗っ取ったナーガの軍団を倒すのを手伝ってください。
PROPQUEST_INC_130056,"To safely take on the Naga, first you'll need to gather bait made of their favorite foods. You can make bait from any type of Kingster or Creper! Meet up with Pau Pau and he'll prepare everything.",ナーガを安全に捕らえるには、まずナーガの好きな食べ物で作られた餌を集める必要があります。どんな種類のキングスターやクレーパーからも餌を作ることができます!パウ・パウと会えば、彼がすべてを準備してくれる。
PROPQUEST_INC_130057,"Everyone's adventure comes to a close one day. That's alright, hero.",みんなの冒険はいつか終わります。大丈夫だよ、ヒーロー。
PROPQUEST_INC_130058,"Woaw, nice job hero! We can make plenty of bait with all this to lower the guard of the Naga! For now, take a rest. We'll make a plan of attack later.",うわー、ナイジョブヒーロー!これだけで餌をたくさん作って、ナーガのガードを下げましょう!とりあえず、お休みください。攻撃の計画は後で立てます。
PROPQUEST_INC_130059,Keep fighting Kingster or Creper until you've found enough bait.,十分な餌が見つかるまで、キングスターまたはクレパーと戦い続けます。
PROPQUEST_INC_130060,Defeat any kind of Kingster or Creper until you've made 200 Island Bait.,島の餌を200個作るまで、あらゆる種類のキングスターまたはクレーパーを倒します。
PROPQUEST_INC_130061,Lizard People,トカゲの人々
PROPQUEST_INC_130062,I hope you're feeling rested after making all that bait with Pau Pau!,パウパウで餌を作った後、あなたが休息していることを願っています!
PROPQUEST_INC_130063,It's time to go on the offensive and take down as many of the Naga as we can.,今こそ攻勢に出て、できるだけ多くのナーガを倒す時だ。
PROPQUEST_INC_130064,"Okay hero, go out there and defeat the Naga before they come eat us!",よし、ヒーロー、俺たちを食べに来る前にナーガを倒せ!
PROPQUEST_INC_130065,"The Naga are ferocious, there's no shame in saying no.",ナーガは獰猛で、ノーと言うのは恥ずかしいことではありません。
PROPQUEST_INC_130066,"Incredible! Truly amazing! You've conquered the Naga, and nearly all of Coral Island!",信じられない！本当にすごい!ナーガ族とコーラル島のほぼ全域を制覇した!
PROPQUEST_INC_130067,Hopefully soon our village can sleep without keeping one eye open.,願わくば、早く私たちの村が片目を開けずに眠れるようになることを願っています。
PROPQUEST_INC_130068,Keep going! You need to defeat more Naga.,そのまま頑張ってください！もっとナーガを倒す必要があります。
PROPQUEST_INC_130069,"Collect evidence of defeating at least 1000 Small Naga, Naga, or Captain Naga. After that, defeat the Lord Naga and Overlord Naga.",スモールナーガ、ナーガ、キャプテンナーガを合計1000体討伐した証を集めろ。その後、ロード・ナーガとオーバーロード・ナーガを倒せ。
PROPQUEST_INC_130070,Mission Improbable,ミッション・インプロバブル
PROPQUEST_INC_130071,"Hahaha! I cannot thank you enough for all that you have done for our village, hero! Only the most powerful of masquerpets remain a threat to our village now.",ハハハ!英雄よ、あなたが私たちの村のためにしてくれたことすべてに感謝してもしきれません!最強の仮面舞踏会だけが、今や私たちの村にとって脅威であり続けています。
PROPQUEST_INC_130072,"We rarely see the Dorian and Okean creatures approach the village. However with so many other Island evils defeated, I fear they may leave their lair to take advantage of the situation!",ドリアンとオケアノスの生き物が村に近づくのを見ることはめったにありません。しかし、他の多くの島の悪が倒されたので、彼らがこの状況を利用するために隠れ家を離れるのではないかと心配しています!
PROPQUEST_INC_130073,Go seek out where the Dorian and Okean live. We'll need as much information as we can get if we expect to defeat them!,ドリアンとオケアノスが住んでいる場所を探しに行きます。彼らを倒すには、できるだけ多くの情報が必要です!
PROPQUEST_INC_130074,What!? You can't possibly be scared of a few more masquerpets after all we've been through together!,何！。私たちが一緒に経験してきたすべての後、あなたはおそらくいくつかのより多くの仮面舞踏会を恐れることはできません!
PROPQUEST_INC_130075,"Well done, hero! With this information we have a chance to defeat the Dorian and Okean before they can attack!",よくやった、ヒーロー!この情報をもとに、ドリアンとオケアノスが攻撃してくる前に倒すチャンスがあります!
PROPQUEST_INC_130076,"Keep searching, the Dorian and Okean make their homes in the waters of Coral Island.",ドリアンとオケアノスはコーラル島の海域に住み着きます。
PROPQUEST_INC_130077,Search for where the Dorian and Okean live.,ドリアンとオケアノスが住んでいる場所を探してください。
PROPQUEST_INC_130078,Surprise Attack!,不意打ち！
PROPQUEST_INC_130079,HOOWAH! I'm trembling with excitement!,やれやれ!興奮で震えています!
PROPQUEST_INC_130080,"With the information you've brought back, our village has a real chance to take down the Dorian and Okean before they get to us!",あなたが持ち帰った情報があれば、私たちの村はドリアンとオケアノスが私たちに来る前に倒すチャンスがあります!
PROPQUEST_INC_130081,"Go ahead and defeat as many Dorian and Okean as you can find, including their leaders! We trust you to take down the leaders, we'll be helping with the smaller ones in the back.",さあ、リーダーを含め、できるだけ多くのドリアンとオケアノスを倒してください!リーダーを倒すのは君に任せておけば、後ろの小さなリーダーたちを助けます。
PROPQUEST_INC_130082,If we wait too much longer the Dorian and Okean will attack the village!,これ以上待てば、ドリアンとオケアノスが村を襲うぞ!!
PROPQUEST_INC_130083,"It's been done, hero. We've defeated the Dorian and Okean, and can now rest easy.",やったぜ、英雄。ドリアンとオケアノスを倒したので、安心できます。
PROPQUEST_INC_130084,We're doomed... without your help we will never defeat the Dorian and Okean in time!,私たちは運命づけられています..あなたの助けがなければ、ドリアンとオケアノスを倒すことはできません!
PROPQUEST_INC_130085,"Collect trophies from any defeated Dorian and Okean, and defeat at least one Lord or Overlord of each!",ドリアンとオケアノスを倒してトロフィーを集め、それぞれのロードまたはオーバーロードを最低1体ずつ倒せ！
PROPQUEST_INC_130086,Inky Darkness,漆黒の闇
PROPQUEST_INC_130087,"I hope you are ready for our final challenge hero... According to legend, once every few hundred years the Sea King will release spawn onto Coral Island.",最後の挑戦ヒーローの準備ができていることを願っています..。伝説によると、数百年に一度、海王は珊瑚島に産卵を放つと言われています。
PROPQUEST_INC_130088,"A strange darkness has began to fill the waters of Coral Island, so it seems as if the legend is true.",珊瑚島の海に奇妙な闇が満ち始めており、伝説が真実であるかのようです。
PROPQUEST_INC_130089,Please help us stave off the spawn of the Sea King!,海王の出現を食い止めるのを手伝ってください!
PROPQUEST_INC_130090,"Thank you! Find where the Sea King has released their spawn, and defeat as many as you can. Let BoBu know once you've finished!",ありがとうございます！海の王が落とし子を放った場所を見つけて、できるだけ多くを倒してください。終わったらボブに知らせてください!
PROPQUEST_INC_130091,"Soon the inky darkness will overflow Coral Island, and we will be engulfed...",やがて漆黒の闇が珊瑚島にあふれ、私たちは飲み込まれるだろう。
PROPQUEST_INC_130092,"Hohoho! You really do have a mysterious power within you, don't you hero?",ほ!あなたは本当にあなたの中に不思議な力を持っていますね、あなたはヒーローですよね?
PROPQUEST_INC_130093,Will we become faceless like those that failed before us?,私たちは、先人たちのように顔が見えなくなってしまうのでしょうか?
PROPQUEST_INC_130094,Defeat 500 of any type of Kraken.,いずれかのクラーケンを500体倒す。
PROPQUEST_INC_130095,The Sea King Returns,海王リターンズ
PROPQUEST_INC_130096,The great Sea King of Coral Island has finally returned to wreck havoc upon the land.,珊瑚島の偉大な海王がついに戻ってきて、陸地に大混乱をもたらしました。
PROPQUEST_INC_130097,The locals told me that getting near the beast could cause mortals to lose their mind...,地元の人たちは、獣に近づくと人間が正気を失ってしまう可能性があると教えてくれました。
PROPQUEST_INC_130098,"This battle will take all the strength we can muster. If you make it out alive, go back to Darken City, and let the mayor know about all that happened here.",この戦いには全力を尽くす必要があります。生きて帰れたら、ダーコンシティへ戻って、ここで起こったことを市長に知らせてください。
PROPQUEST_INC_130099,"The only path forward to end the curse of the Sea King is to slay the beast in its lair. Go forth and do the deed, for Coral Island!",海王の呪いを終わらせる唯一の道は、その隠れ家で獣を殺すことです。さあ、珊瑚の島のために行え!
PROPQUEST_INC_130100,Those who lose their mind to the Sea King are said to become faceless.,海王に正気を失った者は、顔が見えなくなるといわれています。
PROPQUEST_INC_130101,"Welcome back from Coral Island, hero! And what a story to tell, it's true that Coral Island is a fascinating place.",珊瑚島からおかえりなさい、ヒーロー!そして、コーラル島が魅力的な場所であることは事実です。
PROPQUEST_INC_130102,BoBu and the Coral Island villagers sent something by mail for you as a way to say thanks. Perhaps they were too shy to give it to you themselves!,ボブと珊瑚島の村人たちは、感謝の気持ちを込めてメールで送ってくれました。もしかしたら、恥ずかしがり屋で、あなた自身に渡せなかったのかもしれません。
PROPQUEST_INC_130103,The Sea King consumes all who look into the void.,海の王は虚空を覗き込む者を全て飲み込む。
PROPQUEST_INC_130104,Ultimate Crafting,究極のクラフト
PROPQUEST_INC_130105,Orbs of Power,力のオーブ
PROPQUEST_INC_130106,"Your arrival has come at a critical time, hero. Bring me Ultima, and in return I shall grant you the key to ultimate power.",英雄よ、君の到着は危機的な時期にやってきた。ウルティマを持ってきてくれ、その見返りに究極の力への鍵を授けよう。
PROPQUEST_INC_130107,"Collect Ultima from the giant creatures that live on Coral Island, or from chests of plunder deep in The Wilds.",珊瑚島に生息する巨大な生き物や、荒野の奥深くにある略奪品の宝箱からウルティマを集めましょう。
PROPQUEST_INC_130108,Without Ultima I cannot grant the ultimate power you seek.,ウルティマがいなければ、お前が求める究極の力を与えることはできない。
PROPQUEST_INC_130109,"Well done, hero... I bestow upon you the power of the Ultimate Orb. Combine this with Shining Oricalkum and obtain ultimate power!",よくやった、ヒーロー..究極のオーブの力をあなたに授けます。シャイニング・オリカルクムと合体して究極のパワーを手に入れよう!
PROPQUEST_INC_130110,I need more Ultima to complete the ritual.,儀式を完了するには、ウルティマがもっと必要です。
PROPQUEST_INC_130111,Collect ten Ultima from the giants of Coral Island and treasure chests in The Wilds.,珊瑚島の巨人からウルティマを10個集め、荒野の宝箱を集める。
PROPQUEST_INC_132000,New Hero,新たなヒーローの誕生
PROPQUEST_INC_132001,"Your will and ability have proven you to be a master in both thought and deed. Now that you've shown your true strength, it is time for your final task.",あなたの意志と能力は、あなたが思考と行動の両方においてマスターであることを証明しています。本当の力を見せつけたところで、いよいよ最後の仕事です。
PROPQUEST_INC_132002,I need you to reach level 125 and bring $QUEST_END_ITEM_COUNT$x $QUEST_END_ITEM_NAME$. Only a real Hero can do that!,レベル125に到達し、$QUEST_END_ITEM_COUNT$x $QUEST_END_ITEM_NAME$を持ってきてください。それができるのは本物のヒーローだけです!
PROPQUEST_INC_132003,Reach level 125 and bring $QUEST_END_ITEM_COUNT$x $QUEST_END_ITEM_NAME$.,レベル125に到達し、$QUEST_END_ITEM_COUNT$x $QUEST_END_ITEM_NAME$をもたらします。
PROPQUEST_INC_132004,New Year's Hunt,ニューイヤーハント
PROPQUEST_INC_132005,"Celebrating 2024, let's hunt 2024 monsters!\nWhat do you say?""",2024年を記念して、2024年のモンスターを狩りましょう!\n何て言うの?
PROPQUEST_INC_132006,"""Great! I know you'll make it for sure!\nHere's to a new year full of adventures in 2024!!!""",「すごい!私はあなたが確かにそれを作ることを知っています!\n 2024年、冒険に満ちた新年を迎えましょう!!
PROPQUEST_INC_132007,"""It's a shame, because I've got the best New Year's gift ever…""",「残念です。せっかく最高のお正月のプレゼントをもらったのに...
PROPQUEST_INC_132008,"""You've done great~ Here's your New Year's gift~\nLet's see how lucky you are this year!!!""",「よくやったね~お正月のプレゼントよ~\n今年はどれだけラッキーか見てみましょう!!
PROPQUEST_INC_132009,"""Are you still a long way off? We're running out of time! Please hurry up!""",「まだ先は長いの?時間切れになってます！お急ぎください!」
PROPQUEST_INC_132010,Defeat the monsters and return to Auxilior.,モンスターを倒して補助体に戻る。
PROPQUEST_INC_132011,Collecting Candy Shells,キャンディーの殻を集める
PROPQUEST_INC_132012,Madrigal is being polluted by discarded candy shells everywhere!! We need your help!!,マドリガルは、いたるところに捨てられたキャンディーの殻で汚染されています!!私たちはあなたの助けを必要としています!
PROPQUEST_INC_132013,Thank you so much!! I won't forget your help!!,どうもありがとうございます！！私はあなたの助けを忘れません!
PROPQUEST_INC_132014,"I have a special gift for you, but it's a shame...",私はあなたに特別な贈り物を持っていますが、それは残念です...
PROPQUEST_INC_132015,I'm so proud to see Madrigal cleaned up~!,マドリガルがきれいになったのを見るのがとても誇らしいです~!
PROPQUEST_INC_132016,Hang in there!!,頑張れ！！
PROPQUEST_INC_132017,Collect the candy shells and return to Auxilior.,キャンディーの殻を集めて、ヘルパーに戻ります。
PROPQUEST_INC_132018,Spring Monster Ball,春のモンスターボール
PROPQUEST_INC_132019,Hello Adventurer! Would you like to take a suggestion about hunting a stronger monster?,冒険者の皆さん、こんにちは!より強いモンスターを狩ることについての提案を取りたいですか?
PROPQUEST_INC_132020,Great! Show me what you can do first!,すごい！まずは何ができるか教えて!
PROPQUEST_INC_132021,"That's too bad, please join us next time!",残念ですが、次回もぜひご参加ください!
PROPQUEST_INC_132022,Thank you. Here is your Monster Ball. Please be cautious!\nNo one knows what kind of powerful monster will come out.,ありがとうございます。これがあなたのモンスターボールです。ご注意ください! どんな強力なモンスターが出てくるかは誰にもわかりません。
PROPQUEST_INC_132023,Are we there yet? We don't have much time.,もう着きましたか。あまり時間がありません。
PROPQUEST_INC_132024,Complete all 3 missions.,3つのミッションをすべてクリアする。
PROPQUEST_INC_132025,Couple Ring Hunt,カップルリングハント
PROPQUEST_INC_132026,"If you bring me the coupling, I will give you something really good. Go get it.",カップリングを持ってきてくれたら、本当にいいものをあげます。それを手に入れてください。
PROPQUEST_INC_132027,"Thanks for granting my request. I've heard through the grapevine that there's been a lot of frauds playing with fake couple rings lately, so you'd better be careful.",私の要求を叶えてくれてありがとう。最近、偽のカップルリングで遊ぶ詐欺が多いと葡萄の木を通して聞いたので、気をつけた方がいいです。
PROPQUEST_INC_132028,"What? Where in the world is such a couple ring? So you're saying I'm lying? If you don't believe me, get off!",何。そんなカップルリングは、いったいどこにあるのでしょうか?それで、あなたは私が嘘をついていると言っているのですか?信じられないなら降りろ!
PROPQUEST_INC_132029,"Did you manage to get the couple ring already? This is a fake! Didn't I warn you not to get scammed. But I'm giving it to you for your efforts, so take it.",カップルリングはもう手に入れましたか?これは偽物です!詐欺に遭わないように警告しませんでしたか。しかし、私はあなたの努力のためにそれを与えているので、それを受け取ってください。
PROPQUEST_INC_132030,"Still haven't found the coupling? Hmm...well, that could be... I mean, where would a legendary couple ring be so easy to find?",まだカップリングが見つかりませんか?んん。。。まあ、それは...つまり、伝説のカップルリングがこんなに簡単に見つかる場所はどこでしょうか?
PROPQUEST_INC_132031,Hunt the monsters and gather couple rings!,モンスターを狩り、カップルリングを集めましょう!
PROPQUEST_INC_132050,Roll your dice,サイコロを振ろう
PROPQUEST_INC_132051,Complete all missions.,すべてのミッションを完了する。
PROPQUEST_INC_140003,Couple Daily Quests,カップルデイリークエスト
PROPQUEST_INC_132033,Hunt the monsters and gather couple rings!,モンスターを狩り、カップルリングを集めましょう!
PROPQUEST_INC_132034,"I'm so glad to see how in love you are. Go collect $QUEST_END_ITEM_NAME$ from the Nyangnyangs in northern Flaris, then return to me.",そんなに愛し合っているなんて、とても嬉しいよ。フラリス北部のニャングニャングから$QUEST_END_ITEM_NAME$を集めて、私のところへ戻ってきておくれ。
PROPQUEST_INC_132035,I can feel these charms emitting love waves. Soon everyone will know how special your love is!,このお守りから愛の波動を感じるよ。もうすぐみんなが、君たちの愛がどれほど特別か知ることになるだろう！
PROPQUEST_INC_132036,"I'm sorry, were you unable to find the $QUEST_END_ITEM_NAME$? Perhaps they only appear for those truly in love.",残念だけど、$QUEST_END_ITEM_NAME$を見つけられなかったのかい？もしかすると、本当に愛し合っている者にしか現れないのかもしれないね。
PROPQUEST_INC_132037,Bring $QUEST_END_ITEM_COUNT$x $QUEST_END_ITEM_NAME$ back to me to prove the strength of your love!,君たちの愛の強さを証明するため、$QUEST_END_ITEM_NAME$を$QUEST_END_ITEM_COUNT$個、私のところへ持ってきておくれ！
PROPQUEST_INC_132038,Kill Demian Thieves,盗賊デミアンを倒す
PROPQUEST_INC_132039,"Welcome! Another request has come in to clear out $QUEST_END_KILL_NAME$. Could you please work together to defeat the $QUEST_END_KILL_NAME$, and return to me once you are done?",ようこそ！また$QUEST_END_KILL_NAME$を一掃してほしいという依頼が来たよ。みんなで協力して$QUEST_END_KILL_NAME$を倒し、終わったら私のところへ戻ってきてくれるかい？
PROPQUEST_INC_132040,The $QUEST_END_KILL_NAME$ has been spotted somewhere in Madrigal. Check your map for hints for where they may be hiding!,$QUEST_END_KILL_NAME$はマドリガルのどこかで目撃されている。マップを確認して、どこに潜んでいるかのヒントを探してみて！
PROPQUEST_INC_132041,"The power of your love have vanquished the $QUEST_END_KILL_NAME$ threat, thank you!",君たちの愛の力が$QUEST_END_KILL_NAME$の脅威を打ち払ってくれた、ありがとう！
PROPQUEST_INC_132042,Were you unable to find and defeat $QUEST_END_KILL_NAME$ yet? Track them down to prove your love is true!,まだ$QUEST_END_KILL_NAME$を見つけて倒せていないのかい？君たちの愛が本物だと証明するため、奴らを追い詰めておくれ！
PROPQUEST_INC_132043,Find Love Fish,ラブフィッシュを探せ
PROPQUEST_INC_132044,Have you heard of the legendary $QUEST_END_ITEM_NAME$? Legend has it that lovers who obtain the $QUEST_END_ITEM_NAME$ will be together forever.,伝説の$QUEST_END_ITEM_NAME$について聞いたことはあるかい？$QUEST_END_ITEM_NAME$を手に入れた恋人たちは、永遠に共にいられるという言い伝えがあるんだ。
PROPQUEST_INC_132045,Wonderful! The $QUEST_END_ITEM_NAME$ is said to swim near Zaoma's Refuge in the middle of the Leren Mountains.,素晴らしい！$QUEST_END_ITEM_NAME$は、レルエン山脈中部にあるザオマーの隠れ家付近を泳いでいると言われているよ。
PROPQUEST_INC_132046,You've found the $QUEST_END_ITEM_NAME$! Surely your love will be blessed to last forever.,$QUEST_END_ITEM_NAME$を見つけたんだね！きっと君たちの愛は永遠に祝福されるだろう。
PROPQUEST_INC_132047,"I don't see the $QUEST_END_ITEM_NAME$. If you have trouble finding it, search near Zaoma in the Leren Mountains.",$QUEST_END_ITEM_NAME$が見当たらないね。見つけるのが難しければ、レルエン山脈のザオマー付近を探してみて。
PROPQUEST_INC_132048,Bring $QUEST_END_ITEM_NAME$ back to me to prove the strength of your love!,君たちの愛の強さを証明するため、$QUEST_END_ITEM_NAME$を私のところへ持ってきておくれ！
PROPQUEST_INC_132049,Kill Giggle Boxes,ギッグルボックスを倒す
PROPQUEST_INC_132084,Kill Trangfoma,トランフォーマを倒す
PROPQUEST_INC_132085,Kill Doridoma,ドリドマを倒す
PROPQUEST_INC_132052,Kill Scorpicon,スコーピオンを倒す
PROPQUEST_INC_132053,Kill Tombstone Bearer,トムストンベアラーを倒す
PROPQUEST_INC_132054,Kill Cardpuppets,カードパペットを倒す
PROPQUEST_INC_132055,Kill Steam Walkers,スチームウォーカーを倒す
PROPQUEST_INC_132056,Kill Nutty Wheels,ナッティフィールを倒す
PROPQUEST_INC_132057,Kill Fefern,フェフェルンを倒す
PROPQUEST_INC_132058,Kill Wagsaac,ワッグサックを倒す
PROPQUEST_INC_132059,Kill Prankster,プランクスターを倒す
PROPQUEST_INC_132060,Collect Whispering Leaves from Risem,ライゼムからウィスパリングリーフを集める
PROPQUEST_INC_132061,"In their spare time, Risems collect leaves that whisper sweet nothings. Spread love around Madrigal by bringing these $QUEST_END_ITEM_NAME$ back to me!",ライゼムは暇な時間に、甘い言葉をささやく葉っぱを集めているんだ。この$QUEST_END_ITEM_NAME$を持ってきて、マドリガル中に愛を広めておくれ！
PROPQUEST_INC_132062,"I'm so glad to see how in love you are. Go collect $QUEST_END_ITEM_NAME$ from the Risems in Darken, then return to me.",そんなに愛し合っているなんて、とても嬉しいよ。ダーコンのライゼムから$QUEST_END_ITEM_NAME$を集めて、私のところへ戻ってきておくれ。
PROPQUEST_INC_132063,Can you hear the leaves speak? Soon everyone will know how special your love is!,葉っぱが話しているのが聞こえるかい？もうすぐみんなが、君たちの愛がどれほど特別か知ることになるだろう！
PROPQUEST_INC_132064,A Date on Mars!,フラリスダンジョンでデート！
PROPQUEST_INC_132065,What could be more romantic than frolicking near the Bangs of Northern Flaris? A picnic outside of Mars Mine sounds outstanding!,北部フラリスのヴァンの近くで戯れるより、ロマンチックなことがあるかな？フラリスダンジョンの外でピクニックなんて最高じゃないか！
PROPQUEST_INC_132066,"Wonderful, then the date is set. Enjoy your time sightseeing at the Mars Mine!",素晴らしい、それではデートの計画は決まりだ。フラリスダンジョンでの観光を楽しんでおいで！
PROPQUEST_INC_132067,"Not a fan of Bangs? Well, there's always the Nyangnyangs.",ヴァンは苦手かい？それなら、ニャングニャングという手もあるよ。
PROPQUEST_INC_132068,How was the date? Hopefully the Bangs weren't too distracting.,デートはどうだった？ヴァンがあまり邪魔にならなかったといいけど。
PROPQUEST_INC_132069,"Oh, so the Bangs were too distracting after all. Maybe you need to take a cold bath?",ああ、やっぱりヴァンが邪魔だったんだね。水風呂にでも入った方がいいかもね？
PROPQUEST_INC_132070,Go on a romantic date outside the entrance of Mars Mine!,フラリスダンジョンの入り口の外で、ロマンチックなデートをしよう！
PROPQUEST_INC_140000,"Welcome! Another request has come in to clear out $QUEST_END_KILL_NAME$. Could you please slay the $QUEST_END_KILL_NAME$, and return to me once you are done?",ようこそ！また$QUEST_END_KILL_NAME$を一掃してほしいという依頼が来たよ。$QUEST_END_KILL_NAME$を倒して、終わったら私のところへ戻ってきてくれるかい？
PROPQUEST_INC_140001,The $QUEST_END_KILL_NAME$ has been spotted somewhere in Madrigal.,$QUEST_END_KILL_NAME$はマドリガルのどこかで目撃されている。
PROPQUEST_INC_140002,Some days we don't feel productive. I understand.,生産的な気分になれない日もあるさ。わかるよ。
PROPQUEST_INC_132071,Collect Rainbow Flowers,レインボーフラワーを集める
PROPQUEST_INC_132072,"Welcome! We require flowers blessed by lovers. Could you please collect Rainbow Flowers, and return to me once you are done?",ようこそ！恋人たちに祝福された花が必要なんだ。レインボーフラワーを集めて、終わったら私のところへ戻ってきてくれるかい？
PROPQUEST_INC_132073,Wonderful! The rare flowers grow near the large tree in Saint Morning where no one flies.,素晴らしい！その珍しい花は、セイントモーニングの、誰も飛んでいかない大きな木の近くに咲いているんだ。
PROPQUEST_INC_132074,These flowers are perfect. With your help I can now bless all of Madrigal with love!,この花は完璧だ。君のおかげで、マドリガル中を愛で祝福できるようになったよ！
PROPQUEST_INC_132075,"Oh no, that's not right. The flowers are in Saint Morning. If you get lost, remember to check your map!",ああ、それは違うよ。花はセイントモーニングにあるんだ。迷ったら、マップを確認するのを忘れないで！
PROPQUEST_INC_132076,"Head to the Plateau of Silence in Saint Morning, and retrieve the Wild Rainbow Flowers.",セイントモーニングの沈黙の高原へ向かい、ワイルドレインボーフラワーを回収せよ。
PROPQUEST_INC_132077,Collect Heart Charms from Nyangnyang,ニャングニャングからハートチャームを集める
PROPQUEST_INC_132078,"Nyangnyangs possess charms bursting with the power of love. With a few of these charms, you can show Madrigal how strong your love is!",ニャングニャングは愛の力に満ちたお守りを持っている。このお守りをいくつか集めれば、マドリガルに君たちの愛の強さを示すことができるよ！
PROPQUEST_INC_132079,The Mystery of the Shady Eye,怪しい瞳の謎
PROPQUEST_INC_132080,The Mystery of the Shady Eye (2),怪しい瞳の謎(2)
PROPQUEST_INC_132081,The Cursed Wing of Destiny,運命の呪われた翼
PROPQUEST_INC_132082,The Cursed Wing of Destiny (2),運命の呪われた翼(2)
PROPQUEST_INC_132083,The $QUEST_END_KILL_NAME$ has been spotted on the sixth floor of the Forsaken Tower.,$QUEST_END_KILL_NAME$は忘却の塔6階で目撃されている。
PROPQUEST_INC_132086,The $QUEST_END_KILL_NAME$ has been spotted on the seventh floor of the Forsaken Tower.,$QUEST_END_KILL_NAME$は忘却の塔7階で目撃されている。
PROPQUEST_INC_132087,Disarming the Maleficars,マレフィカーの武装解除
PROPQUEST_INC_132088,Disarming the Maleficars (2),マレフィカーの武装解除(2)
PROPQUEST_INC_132089,Stealing gems from the cursed guardian,呪われた守護者から宝石を盗む
PROPQUEST_INC_132090,Stealing gems from the cursed guardian (2),呪われた守護者から宝石を盗む(2)
PROPQUEST_INC_110277,Herbology Class,薬草学講座
PROPQUEST_INC_110278,You can gather herbs with a hoe. Want to learn how to gather herbs?,鍬を使えば薬草を採取できます。薬草の採取方法を習いたいですか？
PROPQUEST_INC_110279,"Good. Then go out into the field and try to gather some. It will be a great help, whether you succeed or not.",よろしい。それでは野外に出て、採取に挑戦してみましょう。成功しても失敗しても、良い経験になります。
PROPQUEST_INC_110280,"There you go. It's easier than you think, isn't it? Just remember, the most important thing is to do 'a lot'.",その調子です。思ったより簡単でしょう？大切なのは「たくさん」行うことだと覚えておいてください。
PROPQUEST_INC_110281,Woodcutting Class,伐採講座
PROPQUEST_INC_110282,You can chop trees with an axe. Would you like to learn woodcutting?,斧を使えば木を伐採できます。伐採を習いたいですか？
PROPQUEST_INC_110283,"Good. Then go out into the field and chop some. It will be a great help, whether you succeed or not.",よろしい。それでは野外に出て、伐採に挑戦してみましょう。成功しても失敗しても、良い経験になります。
PROPQUEST_INC_110284,Mining Class,採掘講座
PROPQUEST_INC_110285,You can dig up ores with a pickaxe. Would you like to learn mining?,つるはしを使えば鉱石を採掘できます。採掘を習いたいですか？
PROPQUEST_INC_110286,"Good. Then go out into the field and try to dig some. It will be a great help, whether you succeed or not.",よろしい。それでは野外に出て、採掘に挑戦してみましょう。成功しても失敗しても、良い経験になります。
PROPQUEST_INC_110287,Fishing Class,釣り講座
PROPQUEST_INC_110288,"Once you get to know thrill of fishing, it's hard to get away from it. What do you say, learn?",釣りのスリルを知ってしまったら、なかなかやめられませんよ。習ってみませんか？
PROPQUEST_INC_110289,"Good. Then go to the nearest river and try fishing. Whether you succeed or fail, it'll help you a lot.",よろしい。それでは近くの川へ行って、釣りに挑戦してみましょう。成功しても失敗しても、良い経験になります。
PROPQUEST_INC_110290,Alchemy Class,錬金術講座
PROPQUEST_INC_110291,"Once you learn the alchemy, you can brew your own buff potion to carry with. Want to learn?",錬金術を習得すれば、自分で持ち歩けるバフポーションを調合できます。習いたいですか？
PROPQUEST_INC_110292,Good. Try anything on the caldron nearby. Caldron is near the magic shop.,よろしい。近くの大釜で何か試してみましょう。大釜は魔法店の近くにあります。
PROPQUEST_INC_110293,Cooking Class,料理講座
PROPQUEST_INC_110294,Food is the basic of survival. Why don't you cook on your own?,食べ物は生きるための基本です。自分で料理してみませんか？
PROPQUEST_INC_110295,Good. Try anything on the oven nearby. Oven is near the food shop.,よろしい。近くのオーブンで何か試してみましょう。オーブンは食料品店の近くにあります。
PROPQUEST_INC_110296,Carpentry Class,木工講座
PROPQUEST_INC_110297,You can make furniture out of wood. Would you like to learn carpenting?,木材から家具を作ることができます。木工を習いたいですか？
PROPQUEST_INC_110298,"Okay, try anything on the woodcutting tools nearby. The woodcutting tools are near the Housing Manager.",了解です。近くの木工道具で何か試してみましょう。木工道具はハウジングマネージャーの近くにあります。
PROPQUEST_INC_110299,Smithing Class,鍛冶講座
PROPQUEST_INC_110300,You can make furniture out of wood. Would you like to learn carpenting?,木材から家具を作ることができます。木工を習いたいですか？
PROPQUEST_INC_110301,"Okay, try anything at the nearest crafting tool. The tools are near the jewelry.",了解です。近くの制作道具で何か試してみましょう。道具は宝飾店の近くにあります。
PROPQUEST_INC_132091,Destroy the pumpkins 1,カボチャを破壊せよ 1
PROPQUEST_INC_132092,Complete the mission.,ミッションを完了する。
PROPQUEST_INC_132093,Destroy the pumpkins 2,カボチャを破壊せよ 2
PROPQUEST_INC_132094,Complete the mission.,ミッションを完了する。
PROPQUEST_INC_132095,Thanksgiving Turkey,感謝祭のシチメンチョウ
PROPQUEST_INC_132096,Help the mayor cook his turkey for thanksgiving.\nHunt monsters (Lv. -10 to Lv. +10 from your level) to earn [Event] Turkeys.,市長の感謝祭のシチメンチョウ作りを手伝おう。\n自分のレベル±10のモンスターを狩って、[イベント]シチメンチョウを入手しよう。
PROPQUEST_INC_132097,"Hello, adventurer! I'm planning to cook a turkey for the village. Do you have a moment to help?",やあ、冒険者！村のためにシチメンチョウを料理しようと思っているんだ。少し手伝ってもらえるかい？
PROPQUEST_INC_132098,"Great! Actually, I tried to cook it myself, but while I left the ingredients outside, monsters stole them all! Can you help me get them back?",よかった！実は自分で料理しようとしたんだけど、材料を外に置いていたら、モンスターに全部盗まれてしまってね！取り戻すのを手伝ってもらえるかい？
PROPQUEST_INC_132099,That's a shame. I'll try to figure something out on my own.,残念だ。自分でなんとかしてみるよ。
PROPQUEST_INC_132100,Thank you so much! I can finish cooking in time. Happy Thanksgiving!,本当にありがとう！これで間に合いそうだ。ハッピー感謝祭！
PROPQUEST_INC_132101,Are you done yet? The villagers are eagerly waiting!,もう終わったかい？村人たちが心待ちにしているよ！
PROPQUEST_INC_110302,"Go out into the field and try to gather some. It will be a great help, whether you succeed or not.",野外に出て、採取に挑戦してみましょう。成功しても失敗しても、良い経験になります。
PROPQUEST_INC_110303,"Go out into the field and chop some. It will be a great help, whether you succeed or not.",野外に出て、伐採に挑戦してみましょう。成功しても失敗しても、良い経験になります。
PROPQUEST_INC_110304,"Go out into the field and try to dig some. It will be a great help, whether you succeed or not.",野外に出て、採掘に挑戦してみましょう。成功しても失敗しても、良い経験になります。
PROPQUEST_INC_110305,"Go to the nearest river and try fishing. Whether you succeed or fail, it'll help you a lot.",近くの川へ行って、釣りに挑戦してみましょう。成功しても失敗しても、良い経験になります。
PROPQUEST_INC_110306,Try anything on the caldron nearby. Caldron is near the magic shop.,近くの大釜で何か試してみましょう。大釜は魔法店の近くにあります。
PROPQUEST_INC_110307,Try anything on the oven nearby. Oven is near the food shop.,近くのオーブンで何か試してみましょう。オーブンは食料品店の近くにあります。
PROPQUEST_INC_110308,Try anything on the woodcutting tools nearby. The woodcutting tools are near the Housing Manager.,近くの木工道具で何か試してみましょう。木工道具はハウジングマネージャーの近くにあります。
PROPQUEST_INC_110309,Try anything at the nearest crafting tool. The tools are near the jewelry.,近くの制作道具で何か試してみましょう。道具は宝飾店の近くにあります。
PROPQUEST_INC_110310,Hero Grade (2),ヒーローグレード (2)
PROPQUEST_INC_110311,I need you to reach level 140 and bring $QUEST_END_ITEM_COUNT$x $QUEST_END_ITEM_NAME$. Only a real Hero can do that!,レベル140に到達し、$QUEST_END_ITEM_NAME$を$QUEST_END_ITEM_COUNT$個持ってきてほしい。本物の英雄にしかできないことだ！
PROPQUEST_INC_110312,Reach level 140 and bring $QUEST_END_ITEM_COUNT$x $QUEST_END_ITEM_NAME$.,レベル140に到達し、$QUEST_END_ITEM_NAME$を$QUEST_END_ITEM_COUNT$個持ってくる。
PROPQUEST_INC_110313,Hero Grade (3),ヒーローグレード (3)
PROPQUEST_INC_110314,I need you to reach level 160 and bring $QUEST_END_ITEM_COUNT$x $QUEST_END_ITEM_NAME$. Only a real Hero can do that!,レベル160に到達し、$QUEST_END_ITEM_NAME$を$QUEST_END_ITEM_COUNT$個持ってきてほしい。本物の英雄にしかできないことだ！
PROPQUEST_INC_110315,Reach level 160 and bring $QUEST_END_ITEM_COUNT$x $QUEST_END_ITEM_NAME$.,レベル160に到達し、$QUEST_END_ITEM_NAME$を$QUEST_END_ITEM_COUNT$個持ってくる。
PROPQUEST_INC_110316,Rumble from the Depths,深淵からの轟き
PROPQUEST_INC_110317,(H-Hiii…!) T-tremors... w-waves... taller than a Clockworks... (Gulp) A... a deafening noise... Wh-what’s going on?!,（ひ、ひぃぃ……！）し、震動が……な、波が……クロックワークスより大きい……（ゴクリ）耳をつんざく……音が……い、一体何が起きているんだ！？
PROPQUEST_INC_132103,What?! You’re not aware??! But where have you been?! Honestly… We can never count on you to keep an eye on our precious world…,何だって！？気づいていないのか！？一体どこにいたんだ！？まったく……お前には、この大切な世界を見守ることなんて任せられないな……
PROPQUEST_INC_132104,"Well… listen. It doesn’t matter, I’ll need you. I have no idea what happened, or even where exactly… (hesitation) But I feel like the deafening noise came from the Krakens side.",まあ……聞いてくれ。どうでもいい、お前が必要なんだ。何が起きたのか、正確な場所すらわからない……（ためらい）だが、あの耳をつんざく音は、クラーケンのいる方角から聞こえた気がする。
PROPQUEST_INC_132105,"I would have gone myself, but you see… (looking away) I still have a lot to do, and there are other adventurers I need to take care of… (coughs) And don’t think I’m scared, okay! It has nothing to do with that, absolutely nothing!",自分で行ってもよかったんだが……（目を逸らしながら）まだやることが山ほどあるし、他の冒険者たちの面倒も見なきゃならないんだ……（咳払い）別に怖がっているわけじゃないからな！そんなの、まったく関係ない！
PROPQUEST_INC_132106,Find the location of the events and see what’s happening there,出来事の起きた場所を見つけ、そこで何が起きているか確認する
PROPQUEST_INC_132107,"Ah! Finally, someone reliable! I knew I could count on you. Go quickly, check near the Krakens side, and come back to tell me what you find. I’m sure you’ll do an excellent job! But… be careful, alright? That rumble wasn’t normal...",ああ！ようやく頼りになる奴が来たか！お前になら任せられると思っていたよ。急いでクラーケンのいる方角を確認して、見つけたことを報告しに戻ってきてくれ。きっとうまくやってくれるはずだ！でも……気をつけてくれよ？あの轟きは普通じゃなかったからな……
PROPQUEST_INC_132108,"What?! You’re not going?! Really… We can’t count on anyone… Fine, do as you wish, but remember that this world needs protectors, not cowards. And don’t come complaining if things get worse without you!",何だって！？行かないのか！？まったく……誰にも頼れないな……。まあいい、好きにしろ。だが、この世界に必要なのは臆病者じゃなく、守る者だということを忘れるな。お前がいないせいで事態が悪化しても、後で文句を言うんじゃないぞ！
PROPQUEST_INC_132109,Starfish… coral… and all kinds of little sea things coming together to form… a portal?! This is insane… How could this be possible?!,ヒトデ……サンゴ……様々な小さな海の生き物たちが集まって……ポータルを形作っている！？正気の沙汰じゃない……一体どうしてこんなことが！？
PROPQUEST_INC_132110,"You’re back already? But… don’t tell me you haven’t checked out the source of that noise yet! We need to know what’s happening on the Krakens side. Go on, get moving! The world’s not going to protect itself, you know!",もう戻ったのか？だが……まさか、まだあの音の原因を確認していないなんて言わないよな！クラーケンのいる方角で何が起きているのか、知る必要があるんだ。さあ、動くんだ！世界は勝手に守られたりしないんだぞ！
PROPQUEST_INC_132111,Magic water stone of Herneos,ヘルネオスの魔法の水石
PROPQUEST_INC_132112,"Hmm… If what you’re telling me is true, it would correspond to a well-known legend of Madrigal… Once upon a time, in the Old World, Herneos was a prosperous city where everyone dreamed of living, a true underwater paradise with magnificent architecture.",うーむ……お前の話が本当なら、マドリガルによく知られた伝説と一致するな……昔、旧世界にはヘルネオスという繁栄した都市があった。誰もが住むことを夢見た、壮麗な建築物が並ぶ真の海底楽園だったという。
PROPQUEST_INC_132113,"But one day, Shade pierced the glass bubble that protected Herneos from the depths of the ocean, and the city sank… along with its inhabitants. Since then, despite numerous searches, we have never found this lost city. But if you’re telling me a portal has opened…",だがある日、シェードがヘルネオスを深海から守っていたガラスの泡を貫き、都市は住人もろとも沈んでしまった……。それ以来、何度も捜索したが、この失われた都市は一度も見つかっていない。だが、ポータルが開いたと言うのなら……
PROPQUEST_INC_132114,"I’m afraid Shade has finally found a way to return to the city of Herneos… For what purpose? I have no idea, but we need to ensure it is indeed the city of Herneos…",シェードがついに、ヘルネオスの都市へ戻る方法を見つけてしまったのかもしれない……。目的は何なのか、私にはわからない。だが、それが本当にヘルネオスの都市なのか、確かめる必要がある……
PROPQUEST_INC_132115,Bring back a magical water stone from the discovered location and have it analyzed by Dr. Estly,発見した場所から魔法の水石を持ち帰り、エストリー博士に分析してもらう
PROPQUEST_INC_132116,"Ah, thank you! I knew you’d understand the urgency. If this really is a magical water stone from Herneos, then Shade’s reach might be spreading in ways we never expected… Please, bring back a stone as soon as you can. And be careful Herneos may be more dangerous now than we imagine.",ああ、ありがとう！お前ならこの緊急性をわかってくれると思っていたよ。もしこれが本当にヘルネオス産の魔法の水石なら、シェードの手はこれまで想像もしなかったほど広がっているのかもしれない……。頼む、できるだけ早く石を持ち帰ってくれ。それと気をつけてくれ、ヘルネオスは私たちが思っているより危険な場所になっているかもしれない。
PROPQUEST_INC_132117,"What?! You’re not interested in helping with this? You don’t understand this isn’t just some small errand! Herneos could be the key to untold mysteries… and maybe even threats. But fine, if you can’t be bothered, I’ll just have to find someone else…",何だと！？これを手伝う気がないのか！？これはただの雑用じゃないんだぞ、わかっていないのか！ヘルネオスは語られざる謎の鍵かもしれない……いや、脅威の鍵かもしれないんだ。まあいい、お前がやる気がないなら、他の誰かを探すしかないな……
PROPQUEST_INC_132118,"Ah, you've returned with the magical water stone! Thank you! I'll begin the analysis right away to confirm its origin.",おお、魔法の水石を持って戻ってきたか！ありがとう！すぐに分析を始めて、その出所を確認しよう。
PROPQUEST_INC_132119,"Back so soon? You don’t have the magical water stone yet? We’re counting on that stone to prove if it’s truly from Herneos. Shade’s power might be stronger than we thought, so time is crucial. Please, return as soon as you have it!",もう戻ってきたのか？まだ魔法の水石を持っていないのか？あの石が本当にヘルネオス産かどうかを証明するには、その石が頼りなんだ。シェードの力は思ったより強いかもしれない、時間が重要だ。手に入れたら、すぐに戻ってきてくれ！
PROPQUEST_INC_132120,Under Shade's Command,シェードの指揮下で
PROPQUEST_INC_132121,"What?! Monsters? Whole hordes?! Listen… Shade must already be at work, and if she’s there, she won’t waste any time.",何だって！？モンスターだと？大群が！？聞いてくれ……シェードはもう動き出しているに違いない、奴がそこにいるなら、時間を無駄にはしないだろう。
PROPQUEST_INC_132122,"I’ll need you to return there. Observe, fight, assess their strengths… If these creatures are really under Shade’s control, we need to know what awaits us.",お前にはもう一度そこへ行ってもらう必要がある。観察し、戦い、その強さを見極めてくれ……もしこの生き物たちが本当にシェードの支配下にあるなら、我々を待ち受けているものを知る必要がある。
PROPQUEST_INC_132123,"When you’ve dealt with the monsters, return to see Dr. Estly. He should have finished the analysis of the water by then, and we’ll finally know if this submerged city is indeed Herneos…",モンスターを片付けたら、エストリー博士のもとへ戻ってくれ。その頃には水の分析も終わっているはずだ、そうすればついに、この沈んだ都市が本当にヘルネオスなのかがわかるだろう……
PROPQUEST_INC_132124,"Kill $QUEST_END_KILL_COUNT$ $QUEST_END_KILL_NAME$s, $QUEST_END_KILL_COUNT,2$ $QUEST_END_KILL_NAME,2$s, $QUEST_END_KILL_COUNT,3$ $QUEST_END_KILL_NAME,3$s and return talk to Sovann.","$QUEST_END_KILL_NAME$を$QUEST_END_KILL_COUNT$体、$QUEST_END_KILL_NAME,2$を$QUEST_END_KILL_COUNT,2$体、$QUEST_END_KILL_NAME,3$を$QUEST_END_KILL_COUNT,3$体倒し、ソヴァンのもとへ戻って話す。"
PROPQUEST_INC_132125,"Excellent! I knew I could count on you. The creatures under Shade’s command won’t go down easily, but with your skills, I’m confident you can handle them. Go, and show them that we won’t back down! Once you've dealt with them, check back with Sovann.",素晴らしい！お前になら任せられると思っていたよ。シェードの指揮下にある生き物たちは、そう簡単には倒れないだろうが、お前の腕前なら十分対処できると確信している。行け、我々が引き下がらないことを見せつけてやれ！片付いたら、ソヴァンのもとへ戻ってくれ。
PROPQUEST_INC_132126,"What?! You’re refusing?! Don’t you see how serious this is? Shade’s forces won’t stop they’ll only get stronger if we ignore them. Fine, if you’re not willing to help, I’ll find someone who is up to the challenge. But don’t forget you might regret standing by if Shade succeeds.",何だと！？断るというのか！？これがどれほど深刻なことかわからないのか？シェードの軍勢は止まらない、無視すればますます強くなるだけだ。まあいい、お前にその気がないなら、挑む覚悟のある誰かを探すまでだ。だが忘れるなよ、シェードが成功すれば、傍観していたことを後悔するかもしれないぞ。
PROPQUEST_INC_132127,"You’re back again? But… have you not dealt with those monsters yet? We need to know what we’re up against! Shade’s forces are growing stronger every moment you delay. Go back and finish the job! Time is of the essence, and the fate of Herneos depends on it!",また戻ってきたのか？だが……まだあのモンスターたちを片付けていないのか？我々が何と対峙しているのかを知る必要があるんだ！お前が遅れるたびに、シェードの軍勢は強くなっていく。戻って任務を終わらせてくれ！時間が命だ、ヘルネオスの運命はそれにかかっているんだぞ！
PROPQUEST_INC_132128,You did it! I knew you could handle those monsters! Thank you for stepping up when we needed it the most.,やったな！お前ならあのモンスターたちに対処できると思っていたよ！我々が最も必要としていた時に立ち上がってくれて、ありがとう。
PROPQUEST_INC_132129,Seeking the Truth of Herneos,ヘルネオスの真実を求めて
PROPQUEST_INC_132130,I’m afraid I don’t have the knowledge necessary to interpret the results correctly.,残念ながら、私にはこの結果を正しく解釈するための知識がないんだ。
PROPQUEST_INC_132131,"Listen, take this sample and bring it to Martinyc the historian of Flarine. Only she has the archives and the skills to compare and tell you what’s going on! If this water is really connected to Herneos, she’ll know.",聞いてくれ、このサンプルを持って、フラリスの歴史家マルティニックのもとへ行ってくれ。比較して何が起きているのかを教えられるのは、彼女の持つ文献と知識だけなんだ！この水が本当にヘルネオスと繋がっているなら、彼女ならわかるはずだ。
PROPQUEST_INC_132132,Take the analysis result to Martinyc the historian of Flarine,分析結果をフラリスの歴史家マルティニックのもとへ持っていく
PROPQUEST_INC_132133,"Thank you! I knew you’d understand the importance of this. Martinyc is our best hope for interpreting these results. Take the sample to her right away, and let’s hope she can shed some light on this mystery! The fate of Herneos could depend on it!",ありがとう！お前ならこの重要性をわかってくれると思っていたよ。マルティニックは、この結果を解釈する上で最も頼りになる存在だ。すぐにサンプルを彼女のところへ持っていってくれ、この謎に光を当ててくれることを願おう！ヘルネオスの運命がそれにかかっているかもしれないんだ！
PROPQUEST_INC_132134,"What? You’re turning this down? This is vital information that could unlock the secrets of Herneos! If you won’t help now, I don’t know what we’ll do. Fine, but don’t forget that knowledge is power, and you might regret passing on this opportunity!",何だと？断るのか？これはヘルネオスの秘密を解き明かせるかもしれない、重要な情報なんだぞ！今お前が手伝ってくれないなら、どうすればいいのかわからない。まあいい、だが忘れるな、知識は力だ。この機会を逃したことを後悔するかもしれないぞ！
PROPQUEST_INC_132135,"You’re back? But… have you not delivered the sample to Martinyc yet? We need her expertise to understand what the analysis reveals! Time is running out, and if this water is connected to Herneos, we need to act quickly. Go now, before it’s too late!",戻ってきたのか？だが……まだサンプルをマルティニックに届けていないのか？分析結果が何を明らかにするのか理解するには、彼女の専門知識が必要なんだ！時間がなくなってきている、もしこの水がヘルネオスと繋がっているなら、迅速に行動する必要がある。手遅れになる前に、今すぐ行ってくれ！
PROPQUEST_INC_132136,Trophies from the Depths,深淵からのトロフィー
PROPQUEST_INC_132137,"Hello, who are you?... Oh, you must be the adventurer Estly told me about! Nice to meet you. How can I assist you?",こんにちは、どちら様かしら？……ああ、エストリーが話していた冒険者さんね！はじめまして。何をお手伝いすればいいかしら？
PROPQUEST_INC_132138,"Oh, you want me to interpret the results of this analysis to check, using the archives, if this water is indeed from the city of Herneos?",ああ、この分析結果を、文献を使って解釈して、この水が本当にヘルネオスの都市のものか確認してほしいのね？
PROPQUEST_INC_132139,"(Smirking) But nothing comes for free, you know! I heard there are all-new monsters, never seen before, over there…",（ニヤリと笑いながら）でも、タダで済むわけないでしょう？あそこには今まで見たこともない、まったく新しいモンスターがいるって聞いたわ……
PROPQUEST_INC_132140,"While I compare the results, could you bring me samples or souvenirs from each creature? That would allow me to enrich our archives on these strange appearances.",私が結果を比較している間、それぞれの生き物からサンプルか記念品を持ってきてもらえないかしら？そうすれば、この奇妙な出現についての文献を充実させられるわ。
PROPQUEST_INC_132141,"Bring back $QUEST_END_ITEM_COUNT$x $QUEST_END_ITEM_NAME$, $QUEST_END_ITEM_COUNT,2$x $QUEST_END_ITEM_NAME,2$, $QUEST_END_ITEM_COUNT,3$x $QUEST_END_ITEM_NAME,3$","$QUEST_END_ITEM_NAME$を$QUEST_END_ITEM_COUNT$個、$QUEST_END_ITEM_NAME,2$を$QUEST_END_ITEM_COUNT,2$個、$QUEST_END_ITEM_NAME,3$を$QUEST_END_ITEM_COUNT,3$個持ち帰る"
PROPQUEST_INC_132142,"Ah, wonderful! I knew you’d be up for the task. These new creatures are unlike anything we've documented, so any samples you bring will be invaluable. While you’re collecting them, I’ll start the comparison. Come back once you have the items, and we’ll see what these archives reveal about Herneos.",ああ、素晴らしいわ！引き受けてくれると思っていたのよ。この新しい生き物たちは、これまで記録されてきたものとは全く違うから、あなたが持ってくるサンプルはどれも貴重なものになるはずよ。あなたが集めている間に、私は比較を始めるわ。アイテムが揃ったら戻ってきて、この文献がヘルネオスについて何を明らかにするか見てみましょう。
PROPQUEST_INC_132143,"Really? You’re refusing? (Sighs) I suppose not everyone appreciates the importance of history… But fine, go ahead just remember that these discoveries are rare. Who knows if you'll get another chance to contribute to our knowledge of Herneos.",本当に？断るというの？（ため息）誰もが歴史の重要性をわかっているわけじゃないのね……。まあいいわ、行きなさい。でも、こういう発見は滅多にないということを覚えておいて。ヘルネオスについての知識に貢献できる機会が、また巡ってくるかどうかわからないわよ。
PROPQUEST_INC_132144,"Ohhh, thank you for these souvenirs! I can finally… continue my collection... uh, enrich the city archives! (clears throat) Yes, of course, the archives!",まあ、この記念品をありがとう！これでようやく……私のコレクションを……いえ、街の文献を充実させられるわ！（咳払い）ええ、もちろん、文献のことよ！
PROPQUEST_INC_132145,"Ah, you’re back? But… I don’t see any of the samples I asked for. These souvenirs from the creatures are essential to my research, you know! Please, gather them quickly and return. The archives await your findings!",あら、戻ってきたのね？でも……お願いしたサンプルが見当たらないわ。この生き物たちの記念品は、私の研究に欠かせないのよ！お願い、早く集めて戻ってきて。文献があなたの発見を待っているわ！
PROPQUEST_INC_132146,Unveiling Herneos,ヘルネオスの正体
PROPQUEST_INC_132147,"Ah, yes, the analysis results… So, according to our archives, the water you retrieved matches 100% with that of the city of Herneos! It is indeed it You should quickly go announce this news to Sovann !",ああ、そうそう、分析結果ね……文献によると、あなたが持ち帰った水は、ヘルネオスの都市のものと100%一致しているわ！間違いないわね！すぐにこの知らせをソヴァンに伝えに行くべきよ！
PROPQUEST_INC_132148,Go tell Sovann it is indeed Herneos,ソヴァンに、間違いなくヘルネオスだと伝えに行く
PROPQUEST_INC_132149,Fantastic! Thank you so much for delivering the news. Sovann will be thrilled or perhaps a bit anxious to hear it. Go quickly and let him know that Herneos has indeed resurfaced. We might be on the brink of something monumental!,素晴らしいわ！知らせを届けてくれて本当にありがとう。ソヴァンはこれを聞いて、興奮するか、少し不安になるかもしれないわね。急いで、ヘルネオスが本当に再び姿を現したと伝えてあげて。私たちは何か重大なことの瀬戸際にいるのかもしれないわ！
PROPQUEST_INC_132150,"Wait… you’re not going to tell him? This is crucial information! Herneos is real, and Sovann needs to know. Fine, if you won’t go, but don’t say I didn’t warn you… Discoveries like this don’t come every day, and neither does the chance to be part of history.",待って……彼に伝えに行かないの？これは重要な情報なのよ！ヘルネオスは実在する、ソヴァンは知る必要があるわ。まあいいわ、行かないなら仕方ないけど、警告しなかったなんて言わせないわよ……こんな発見は毎日あるものじゃないし、歴史の一部になれる機会もそうそうないんだから。
PROPQUEST_INC_132151,What?? It’s really the lost city of Herneos?! (in awe) It’s incredible to see this iconic city again!,何だって！？本当に失われた都市ヘルネオスなのか！？（畏敬の念を抱きながら）あの象徴的な都市を再び目にできるとは、信じられないな！
PROPQUEST_INC_132152,"Oh, you’re back… but you still haven’t told Sovann? This is monumental news... Herneos has been confirmed! Please, don’t delay any longer. Sovann must hear this right away; the implications are too important to keep to ourselves!",あら、戻ってきたのね……でもまだソヴァンに伝えていないの？これは重大な知らせなのよ……ヘルネオスが確認されたのよ！お願い、これ以上遅らせないで。ソヴァンはすぐにこれを聞く必要があるわ、その影響は私たちだけの秘密にしておくには重要すぎるもの！
PROPQUEST_INC_132153,Herneos: The Golden Legacy,ヘルネオス: 黄金の遺産
PROPQUEST_INC_132154,"Listen, you should check if the treasure is still there! What treasure?! The treasure of Herneos, of course! You can’t miss it: gold, jewels, valuable items... a true legend!",聞いてくれ、宝がまだそこにあるか確認するべきだ！何の宝だって！？もちろんヘルネオスの宝のことさ！見逃すはずがないだろう、金、宝石、貴重な品々……まさに伝説だ！
PROPQUEST_INC_132155,"So, what are you waiting for? Hurry before Shade gets her hands on it!",それで、何を待っているんだ？シェードの手に渡る前に急げ！
PROPQUEST_INC_132156,Check if the treasure is still there,宝がまだそこにあるか確認する
PROPQUEST_INC_132157,"Yes! I knew you wouldn’t pass up a chance like this. The treasure of Herneos is the stuff of legends if it’s still there, it could be a discovery of a lifetime! Go quickly, and make sure you get there before Shade does. Good luck!",よし！お前ならこんな機会を見逃さないと思っていたよ。ヘルネオスの宝は伝説そのものだ、もしまだそこにあるなら、一生に一度の発見になるかもしれない！急いで行って、シェードより先に着くようにしろ。幸運を祈るぞ！
PROPQUEST_INC_132158,"You’re… refusing? Are you serious?! This is the legendary treasure of Herneos! Opportunities like this don’t come around twice, you know. Fine, but don’t say I didn’t give you the chance to be part of something unforgettable.",お前……断るのか？本気か！？これは伝説のヘルネオスの宝なんだぞ！こんな機会は二度と来ないんだ。まあいい、だが忘れられない出来事の一部になるチャンスを与えなかったとは言わせないぞ。
PROPQUEST_INC_132159,"The treasure is still there?! Great news! But… it’s possible that all is not lost, if we act quickly. Very quickly.",宝がまだそこにあるだって！？素晴らしい知らせだ！だが……迅速に行動すれば、まだすべてが失われたわけではないかもしれない。それも、かなり迅速にな。
PROPQUEST_INC_132160,Cutting Shade's Power,シェードの力を断つ
PROPQUEST_INC_132161,"I know it’s a lot to ask, but… could you start by eliminating the two generals of Shade’s army that you spotted in Herneos? (determined look) That should slow down Shade’s advance and considerably weaken her right hand.",無理を言っているのはわかっているが……まずはヘルネオスで見かけた、シェード軍の2人の将軍を排除してもらえないか？（決意の表情で）それでシェードの進撃を遅らせ、右腕をかなり弱体化させられるはずだ。
PROPQUEST_INC_132162,"Kill $QUEST_END_KILL_NAME$ & $QUEST_END_KILL_NAME,2$ the two generals of Shade at Herneos","ヘルネオスにいるシェードの2人の将軍、$QUEST_END_KILL_NAME$と$QUEST_END_KILL_NAME,2$を倒す"
PROPQUEST_INC_132163,"Thank you! With Shade’s generals out of the way, we might actually stand a chance. I know it won’t be easy, but you’re the only one who can do it. Go now, and show them that we won’t let Herneos fall under Shade’s control!",ありがとう！シェードの将軍たちさえいなくなれば、我々にも勝ち目が出てくるかもしれない。簡単じゃないのはわかっているが、これができるのはお前しかいない。今すぐ行って、ヘルネオスをシェードの支配下に落とさせはしないと見せつけてやれ！
PROPQUEST_INC_132164,"What?! You’re backing out now? This is no time for hesitation! Shade’s forces are closing in, and without your help, we may not be able to hold them back. But fine, if you won’t act, we’ll have to hope someone else is up for the challenge…",何だと！？今になって手を引くのか！？ためらっている場合じゃないんだぞ！シェードの軍勢が迫っている、お前の助けがなければ食い止められないかもしれない。まあいい、お前が動かないなら、他の誰かが挑んでくれることを願うしかないな……
PROPQUEST_INC_132165,What?! You did it already?! (beaming smile) I can’t believe it! It’s incredible to count on you. You’re our true savior!,何だって！？もうやったのか！？（満面の笑みで）信じられない！お前を頼りにできるとは、実に素晴らしい。お前こそ、真の救世主だ！
PROPQUEST_INC_132166,"You’re back... but the two generals of Shade are still standing? Every moment they’re left unchecked, Herneos is at greater risk. We’re counting on you to stop them. There’s no time to lose!",戻ってきたか……だがシェードの2人の将軍はまだ健在なのか？彼らを放置している間、ヘルネオスの危険は増していく一方だ。彼らを止めるのはお前次第だ。ぐずぐずしている暇はないぞ！
PROPQUEST_INC_132167,The Final Battle for Herneos,ヘルネオスをかけた最終決戦
PROPQUEST_INC_132168,"Now that you’ve weakened the boss by taking out the two generals of Shade’s army, it would be wise for you to face her right hand before he regains his full power.",シェード軍の2人の将軍を排除してボスを弱体化させた今こそ、彼女の右腕が完全な力を取り戻す前に立ち向かうのが賢明だろう。
PROPQUEST_INC_132169,"Me, go with you?!? (nervous laugh) Oh no, no… they always say not to change a winning team, and our way of teaming up is simply perfect, don’t you think?",私が、お前と一緒に行くだって！？（引きつった笑いで）いやいや、まさか……勝っているチームは変えるなって言うだろう、我々の連携は完璧じゃないか、そう思わないか？
PROPQUEST_INC_132170,"And if you succeed, don’t forget to stop by the mayor of Flarine, he will surely reward you generously for this achievement!",それと、成功したらフラリスの市長のところに立ち寄るのを忘れるな、きっとこの功績に見合った報酬をくれるはずだ！
PROPQUEST_INC_132171,Kill $QUEST_END_KILL_NAME$ and return back to me.,$QUEST_END_KILL_NAME$を倒し、私のところへ戻ってくる。
PROPQUEST_INC_132172,"Amazing! I knew I could count on you to see this through. Facing Shade’s right hand won’t be easy, but if anyone can do it, it’s you. Just remember if you succeed, don’t forget to see the mayor in Flarine. I’m sure he’ll have a worthy reward for you. Good luck, hero!",素晴らしい！お前ならやり遂げてくれると思っていたよ。シェードの右腕に立ち向かうのは簡単じゃないが、お前にできないなら誰にもできないだろう。忘れるな、成功したらフラリスの市長に会いに行くんだ。きっとふさわしい報酬をくれるはずだ。幸運を祈るぞ、英雄！
PROPQUEST_INC_132173,"What?! You’re refusing? After all we’ve done to get this far? This is the final step! If you don’t finish this, Shade’s influence will only grow stronger. But… if you won’t go, we’ll just have to hope someone else has the courage. I only hope it’s not too late.",何だと！？断るのか？ここまでやってきたというのに！？これが最後のステップなんだぞ！お前がこれを終わらせなければ、シェードの影響力は強まる一方だ。だが……行かないというなら、誰か他に勇気ある者がいることを願うしかないな。手遅れでないことを祈るよ。
PROPQUEST_INC_132174,"Back already? But Shade’s right hand is still out there, gathering strength! This is our final chance to stop her influence from spreading through Herneos. Please finish what you started. All of Madrigal is depending on you!",もう戻ったのか？だがシェードの右腕はまだそこにいて、力を蓄えているんだぞ！これが、彼女の影響力がヘルネオス中に広がるのを止める最後の機会だ。始めたことを終わらせてくれ。マドリガル中がお前にかかっているんだ！
PROPQUEST_INC_132175,You did it! You've defeated Shade’s right hand! This is a monumental victory for Madrigal that will be remembered for ages. You’ve truly saved Herneos and brought hope back to our people.,やったな！シェードの右腕を倒したのか！これはマドリガルにとって、末永く語り継がれる記念すべき勝利だ。お前は本当にヘルネオスを救い、我々の民に希望をもたらしてくれた。
PROPQUEST_INC_132176,Gratitude of the Mayor,市長の感謝
PROPQUEST_INC_132177,"(Incredulous look) You did it… You really defeated Shade’s right hand?! (sigh of relief) I can’t believe it, this is incredible!",（信じられないという表情で）やったのか……本当にシェードの右腕を倒したのか！？（安堵のため息）信じられない、これはすごいことだ！
PROPQUEST_INC_132178,"Thanks to you, we finally have real hope to repel the darkness threatening Madrigal. You accomplished the impossible, where so many others would have failed.",お前のおかげで、マドリガルを脅かす闇を退ける本当の希望が生まれた。多くの者が失敗したであろうことを、お前は成し遂げたんだ。
PROPQUEST_INC_132179,"Take this… It’s a well-deserved reward. As the Mayor of Flaris, I thank you from the bottom of my heart for your courage and bravery!",これを受け取ってくれ……お前にふさわしい報酬だ。フラリスの市長として、その勇気と勇敢さに心から感謝する！
PROPQUEST_INC_132180,"I don’t know what Shade is planning next, but with you by our side, I’m sure we can face any danger. Thank you… really, thank you from the bottom of my heart, hero.",シェードが次に何を企んでいるのかはわからないが、お前が味方にいてくれれば、どんな危険にも立ち向かえると確信している。ありがとう……本当に、心から感謝するよ、英雄。
PROPQUEST_INC_132181,Rumor has it that the mayor of Flarine is eager to personally reward you for your recent achievement! You should definitely pay him a visit,フラリスの市長が、お前の最近の功績に対して直々に報酬を与えたがっているという噂だ！ぜひ会いに行くべきだ
PROPQUEST_INC_132182,Herneos: Ruins of Glory,ヘルネオス: 栄光の遺跡
PROPQUEST_INC_132183,"It may take a little time, though, so while I work, you might want to head back and speak with Captain Sovann. I’m sure he’ll have more for you to do in the meantime.",少し時間がかかるかもしれない、私が作業している間に、ソヴァン隊長のところへ戻って話をしてきたらどうだ。その間にも、きっと他にやることがあるはずだ。
PROPQUEST_INC_132184,"Ah, you’re back! Did you manage to deliver the magical water stone to Dr. Estly? And what did you find along the way? Any signs of Shade’s forces?",ああ、戻ってきたな！魔法の水石はエストリー博士に届けられたか？それと、道中で何か見つけたか？シェードの軍勢の気配は？
PROPQUEST_INC_132185,"Thank you for reporting back to me. If Shade is behind these creatures, we need to assess the situation carefully. Go now and prepare yourself I fear this may only be the beginning.",報告してくれてありがとう。もしシェードがこの生き物たちの黒幕なら、慎重に状況を見極める必要がある。今すぐ行って、心の準備をしておいてくれ。これはまだ始まりに過ぎないのではと恐れている。
PROPQUEST_INC_132186,Go back to Sovann and report that you have delivered the magical water stone to Dr. Estly and encountered Shade's forces along the way.,ソヴァンのもとへ戻り、魔法の水石をエストリー博士に届けたこと、そして道中でシェードの軍勢に遭遇したことを報告する。
PROPQUEST_INC_132187,Reporting Back to Sovann,ソヴァンへの報告
PROPQUEST_INC_132188,You didn’t deliver the message yet? We need to be fully aware of what’s happening in Herneos. Hurry back and let Sovann know what you encountered.,まだ報告を届けていないのか？ヘルネオスで何が起きているのか、完全に把握する必要があるんだ。急いで戻って、ソヴァンに遭遇したことを伝えてくれ。
PROPQUEST_INC_132189,Very well! You’re truly dedicated to uncovering the mysteries of Herneos. Report back to Sovann with the details it’s crucial he knows about Shade’s forces. Thank you for stepping up; your bravery will be invaluable in this journey!,よろしい！お前は本当に、ヘルネオスの謎を解き明かすことに専念しているんだな。詳細をソヴァンに報告してくれ、シェードの軍勢について知っておくことが重要なんだ。立ち上がってくれてありがとう、お前の勇敢さはこの旅で計り知れないほど貴重なものになるだろう！
PROPQUEST_INC_132190,"What?! You’re turning back now? Reporting this information to Sovann is essential if we’re to understand Shade’s reach! But fine, if you’re not willing… Just remember, this discovery could change everything. Don’t let this chance slip by.",何だと！？今引き返すのか？この情報をソヴァンに報告することは、シェードの手がどこまで及んでいるかを理解するために不可欠なんだぞ！まあいい、その気がないなら……忘れるな、この発見はすべてを変えるかもしれない。この機会を逃すな。
PROPQUEST_INC_132191,Return to Dr. Estly,エストリー博士のもとへ戻る
PROPQUEST_INC_132192,"Now, go see Dr. Estly; he should have finished the analysis of the water by now. We’re one step closer to uncovering the truth about Herneos!",さあ、エストリー博士のところへ行くんだ。今頃、水の分析は終わっているはずだ。我々はヘルネオスの真実を解き明かすのに、一歩近づいている！
PROPQUEST_INC_132193,"Excellent! The analysis should reveal invaluable information about Herneos. Head to Dr. Estly right away, and let’s finally uncover the secrets that lie within this legendary city!",素晴らしい！分析はヘルネオスについて、計り知れないほど貴重な情報を明らかにするはずだ。すぐにエストリー博士のところへ向かってくれ、ついにこの伝説の都市に秘められた謎を解き明かそう！
PROPQUEST_INC_132194,"Really? You’re choosing not to follow up on this? Dr. Estly’s analysis could be the key to understanding Herneos and possibly even stopping Shade. But if you won’t go, we’ll have to hope someone else steps up to the task.",本当に？これを追いかけないことにするのか？エストリー博士の分析は、ヘルネオスを理解する鍵になるかもしれない、シェードを止める鍵にすらなるかもしれないんだぞ。だがお前が行かないなら、誰か他の者がこの任務に立ち上がってくれることを願うしかないな。
PROPQUEST_INC_132195,"You haven’t visited Dr. Estly yet? The analysis of the water might hold crucial answers about Herneos! Time is ticking, and we need that information to understand what Shade might be planning. Please, head to him as soon as possible.",まだエストリー博士を訪ねていないのか？水の分析には、ヘルネオスに関する重要な答えがあるかもしれないんだぞ！時間がない、シェードが何を企んでいるのか理解するために、その情報が必要なんだ。頼む、できるだけ早くエストリー博士のところへ向かってくれ。
PROPQUEST_INC_132196,"The analysis is complete, but... (annoyed look)",分析は完了した、だが……（うんざりした表情で）
PROPQUEST_INC_132197,"It’s time to return to Dr. Estly. The analysis should be complete by now, and with it, we might finally learn the truth about Herneos. Head back to her as soon as you can!",エストリー博士のもとへ戻る時が来た。今頃分析は完了しているはずだ、それでついに、ヘルネオスの真実を知ることができるかもしれない。できるだけ早く戻ってくれ！
PROPQUEST_INC_132198,A rumor says a great reward awaits you... Go speak to the mayor of Flarine!    ,素晴らしい報酬が待っているという噂だ……フラリスの市長に話しかけに行け！
PROPQUEST_INC_132199,That's awesome! Hurry and go see the mayor!,それは素晴らしい！急いで市長に会いに行け！
PROPQUEST_INC_132200,"What do you mean, no?! You've already done everything.. You just need to claim your reward from the mayor of Flarine!",行かないってどういうことだ！？もう全部終わっているんだぞ……あとはフラリスの市長から報酬を受け取るだけなのに！
PROPQUEST_INC_132201,"Do you think you could bring me a magical water stone from there? With an analysis of the stone, we can confirm if it truly originates from Herneos, as magical water stones can only be found in that legendary city.",そこから魔法の水石を持ってきてもらえないだろうか？石を分析すれば、それが本当にヘルネオス産かどうか確認できる。魔法の水石は、あの伝説の都市でしか見つからないからな。
PROPQUEST_INC_132202,Christmas Invasion 1,クリスマス・インベイジョン 1
PROPQUEST_INC_132203,Christmas Invasion 2,クリスマス・インベイジョン 2
PROPQUEST_INC_132204,Christmas Invasion 3,クリスマス・インベイジョン 3
PROPQUEST_INC_132205,Year of the Snake 2025,2025年 巳年
PROPQUEST_INC_132206,A Taste of Inspiration,ひらめきの味
PROPQUEST_INC_132207,"Oh, hello there, young adventurer! What a pleasure to meet you! Say, could you do me a favor?",おや、こんにちは、若き冒険者さん！お会いできて光栄だわ！ねえ、ちょっとお願いを聞いてもらえないかしら？
PROPQUEST_INC_132208,"There's a novelist in our lovely town whose work I deeply admire, but it seems he's feeling a bit down lately, which is delaying his next masterpiece.",この素敵な町には、私が深く尊敬している小説家がいるの。でも最近、少し落ち込んでいるみたいで、次の傑作の執筆が遅れているのよ。
PROPQUEST_INC_132209,Would you be so kind as to deliver this to him on my behalf? I believe it might lift his spirits!,私の代わりに、これを彼に届けてもらえないかしら？きっと元気づけられるはずよ！
PROPQUEST_INC_132210,"Oh, wonderful! I knew I could count on you! This small gesture might be just what he needs to find inspiration again. Please, deliver it to him as soon as you can, and let me know how he reacts! Thank you, brave adventurer!",まあ、素晴らしいわ！あなたなら頼りになると思っていたのよ！このちょっとした気遣いが、彼が再びひらめきを見つけるために必要なものかもしれないわ。できるだけ早く届けて、彼の反応を教えてね！ありがとう、勇敢な冒険者さん！
PROPQUEST_INC_132211,"Oh… I see. That’s unfortunate. I was really hoping you could help… but I understand. If you ever change your mind, please let me know. His words have brought joy to so many, and it pains me to see him struggling.",あら……そうなの。残念だわ。本当にあなたに手伝ってほしかったのだけど……でも仕方ないわね。気が変わったら教えてちょうだい。彼の言葉はたくさんの人に喜びをもたらしてきたの、彼が苦しんでいるのを見るのは辛いわ。
PROPQUEST_INC_132212,"Huh? What’s this...?"" (opens the package, raises an eyebrow, then bursts into laughter)",「うん？これは……？」（包みを開け、片眉を上げると、やがて笑い出す）
PROPQUEST_INC_132213,Two pizzas and… milk? Haha! She really knows me too well! Just the sight of this is enough to bring back my motivation! There’s nothing like a good meal to get the creative juices flowing!,ピザ2枚と……牛乳？ハハ！彼女は本当に俺のことをよくわかっているな！これを見ただけで、やる気が戻ってきたよ！創作意欲を掻き立てるのに、美味しい食事に勝るものはないな！
PROPQUEST_INC_132214,(takes a more serious but grateful tone),（少し真剣ながらも、感謝のこもった口調で）
PROPQUEST_INC_132215,"Thank you, adventurer. I was feeling stuck, but this… this reminds me that sometimes, the simplest joys are the best remedy. I owe you one! Now, time to get back to writing!",ありがとう、冒険者さん。行き詰まりを感じていたんだが、これで……時にはシンプルな喜びこそが最良の薬だと思い出させてくれたよ。借りができたな！さあ、執筆に戻る時間だ！
PROPQUEST_INC_132216,"Oh, adventurer! You haven’t delivered the gift yet? The poor novelist must still be struggling with his writer’s block... Please, don’t keep him waiting too long! A little kindness can go a long way, and I know this will cheer him up!",あら、冒険者さん！まだ贈り物を届けていないの？可哀想に、あの小説家はまだスランプに苦しんでいるはずよ……あまり待たせないであげて！ちょっとした優しさが大きな力になるものよ、これで彼を元気づけられるとわかっているわ！
PROPQUEST_INC_132217,Deliver a special gift to the novelist to lift his spirits and help him continue writing.,小説家を元気づけ、執筆を続けられるよう、特別な贈り物を届ける。
PROPQUEST_INC_132218,The Call of the Lawolf,ラーウルフの呼び声
PROPQUEST_INC_132219,"You know, adventurer, now that my spirits are lifted, I can finally get back to writing!",なあ、冒険者さん、元気を取り戻した今、ようやく執筆に戻れそうだよ！
PROPQUEST_INC_132220,"But there’s one problem… I need inspiration for my next chapter, and I want to write about Lawolfs.",だが一つ問題があってね……次の章のひらめきが必要なんだ、ラーウルフについて書きたいと思っているんだよ。
PROPQUEST_INC_132221,"The problem is, I don’t know enough about them! Would you be willing to gather some information on these creatures for me?",問題は、俺が彼らについて十分に知らないってことなんだ！この生き物についての情報を集めてきてもらえないか？
PROPQUEST_INC_132222,"Ah, fantastic! I knew I could count on you! Lawolfs are fascinating creatures, but I need accurate details to make my story truly come to life.",ああ、最高だ！お前を頼りにできると思っていたよ！ラーウルフは魅力的な生き物だが、物語を本当に生き生きとさせるには、正確な詳細が必要なんだ。
PROPQUEST_INC_132223,"Go observe them, take notes, and bring me everything you learn! I can't wait to hear what you find!",行って観察し、メモを取って、学んだことを全部持ってきてくれ！何を見つけるか、楽しみにしているよ！
PROPQUEST_INC_132224,"Oh… I see. That’s disappointing, but I suppose I’ll have to manage without it. I just hope my story won’t end up being full of mistakes… If you change your mind, let me know!",ああ……そうか。残念だが、それなしでなんとかするしかないな。物語が間違いだらけにならないといいんだが……気が変わったら教えてくれ！
PROPQUEST_INC_132225,"Ah, you’re back! Let’s see what you’ve got… Hmm… Interesting! So that’s how they behave? And their fur… I never would have imagined! This is exactly what I needed!",ああ、戻ってきたか！何を持ってきたか見せてくれ……ふむ……面白いな！彼らはそんな風に行動するのか？それに毛並みも……想像もしなかったよ！これこそまさに必要としていたものだ！
PROPQUEST_INC_132226,"Thank you, adventurer, you’ve been an invaluable help. Now, it’s time to turn these notes into an unforgettable story!",ありがとう、冒険者さん、計り知れないほど助かったよ。さあ、このメモを忘れられない物語に変える時が来た！
PROPQUEST_INC_132227,"Still no news on the Lawolfs? I don’t mean to rush you, but I’m eager to continue my novel! The more I wait, the more my ideas fade… Please, if you have time, I’d really appreciate your help!",まだラーウルフについての知らせはないのか？急かすつもりはないが、小説を続けたくてうずうずしているんだ！待てば待つほど、アイデアが薄れていく……頼む、時間があるなら、本当に助かるんだが！
PROPQUEST_INC_132228,Defeat 5 Young Lawolfs and bring back your findings to the novelist.,ヤングラーウルフを5体倒し、調査結果を小説家に持ち帰る。
PROPQUEST_INC_132229,Scars of the Battlefield,戦場の傷跡
PROPQUEST_INC_132230,"Adventurer! I just had a stroke of genius! My story is missing something… something raw, something real! A true relic of battle, a War Scar! I know it’s risky, but imagine the credibility it would add to my novel!",冒険者さん！今、天才的なひらめきが降りてきたんだ！俺の物語には何かが足りない……生々しさ、リアルさが！本物の戦の遺物、クロックワークスの破片が必要なんだ！危険なのはわかっているが、それが俺の小説にどれほどの説得力を与えるか想像してみてくれ！
PROPQUEST_INC_132231,"If you could bring me a piece of one, my story would be legendary! What do you say?",その欠片を一つ持ってきてくれたら、俺の物語は伝説になるだろう！どうだい？
PROPQUEST_INC_132232,"You will? Incredible! I knew you had the heart of a true adventurer! Be careful, though, War Scars are not easily found, and I fear the journey won’t be safe. But if anyone can do it, it’s you! Good luck, and may fate be on your side!",本当か！？すごいな！お前には本物の冒険者の心があると思っていたよ！だが気をつけてくれ、クロックワークスの破片は簡単には見つからない、道中も安全ではないだろう。だがお前になら、きっとできるはずだ！幸運を祈るよ、運命がお前の味方でありますように！
PROPQUEST_INC_132233,"Oh… I see. I can’t blame you; this is not an easy task. But what a shame… my story will lack that raw authenticity. If you ever change your mind, please let me know. Some risks are worth taking for the sake of greatness!",ああ……そうか。責めはしないよ、簡単な仕事じゃないからな。だが残念だ……俺の物語は、あの生々しい真実味に欠けることになる。気が変わったら教えてくれ。偉大さのためなら、リスクを冒す価値があることもあるんだ！
PROPQUEST_INC_132234,"You did it! You actually did it! Let me see… This… This is incredible! The texture, the scars of battle engraved upon it… This is exactly what I needed! You have no idea what this means for my novel! Thank you, adventurer, this will be the heart of my greatest story yet!",やったのか！本当にやったのか！見せてくれ……これは……これはすごい！この質感、刻まれた戦の傷跡……これこそ、まさに必要だったものだ！これが俺の小説にとってどれほどの意味を持つか、お前にはわからないだろう！ありがとう、冒険者さん、これが俺の最高傑作の核になるだろう！
PROPQUEST_INC_132235,"Still no sign of a War Scar? I know it’s dangerous, but I can’t get this idea out of my head! Without it, my novel will feel… incomplete. If you find the courage, please, I’d be forever grateful!",まだクロックワークスの破片の手がかりはないのか？危険なのはわかっているが、このアイデアが頭から離れないんだ！それがなければ、俺の小説は……未完成に感じてしまう。勇気を出してくれるなら、永遠に感謝するよ！
PROPQUEST_INC_132236,Retrieve a War Scar to add authenticity to the novelist’s story.,小説家の物語にリアリティを加えるため、クロックワークスの破片を回収する。
PROPQUEST_INC_132237,The Writer’s Legacy,作家の遺産
PROPQUEST_INC_132238,"Adventurer, your help has been invaluable! Thanks to you, my novel is shaping up to be something truly extraordinary. But before I finish, I need one last piece of inspiration… something legendary.",冒険者さん、お前の助けは計り知れないほど価値があったよ！お前のおかげで、俺の小説は本当に並外れたものになりつつある。だが完成させる前に、最後にもう一つ、ひらめきが必要なんだ……何か伝説的なものがね。
PROPQUEST_INC_132239,"At the Fountain of the Departed, there is said to be a copy of the Book of Techniques, an ancient manuscript filled with lost knowledge. If you could retrieve an example of it for me, I promise to help you take the next step in your own journey. What do you say?",魂の泉には、失われた知識に満ちた古代の写本、スキル事典の写しがあると言われている。それを一冊、俺のために回収してきてくれたら、お前自身の旅で次の一歩を踏み出す手助けをすると約束する。どうだい？
PROPQUEST_INC_132240,"You will? That’s incredible! This book holds secrets that could bring my story to life like never before! But be careful, such knowledge does not rest unguarded. I have no doubt you’ll succeed, though. Return to me as soon as you find it!",本当か！？すごいな！この本には、俺の物語をかつてないほど生き生きとさせられる秘密が眠っているんだ！だが気をつけてくれ、そんな知識が無防備に眠っているはずがない。とはいえ、お前ならきっと成功すると疑っていないよ。見つけたらすぐに戻ってきてくれ！
PROPQUEST_INC_132241,"Oh… I see. I won’t lie, I had high hopes. This book could be the key to my masterpiece… But I understand. If you change your mind, the offer still stands. And remember, I could help you in ways no ordinary teacher could.",ああ……そうか。正直に言うと、大きな期待をしていたんだ。この本は俺の傑作の鍵になり得るのに……。だが仕方ない。気が変わったら、この話はまだ有効だ。それに忘れるな、俺には普通の教師にはできない形で、お前を助けられるんだ。
PROPQUEST_INC_132242,"You found it? Let me see… This is… astonishing! The pages, the ink, the wisdom held within… It’s more than I ever imagined! With this, my novel will be remembered for generations! And as promised, I will help you take your next step. You’ve done so much for me it’s only fair that I return the favor!",見つけたのか？見せてくれ……これは……驚異的だ！このページ、このインク、そこに秘められた知恵……想像していた以上だ！これがあれば、俺の小説は何世代にもわたって語り継がれるだろう！そして約束通り、お前が次の一歩を踏み出す手助けをしよう。お前は俺のためにこれほど多くをしてくれたんだ、恩返しをするのが筋というものだ！
PROPQUEST_INC_132243,"Still no sign of the Book of Techniques? I understand, it must be difficult to retrieve. But I assure you, this is no ordinary task. If you succeed, both of our fates could change forever. I believe in you, adventurer!",まだスキル事典の手がかりはないのか？わかるよ、回収するのは難しいはずだ。だが断言する、これはただの仕事じゃない。お前が成功すれば、俺たち二人の運命が永遠に変わるかもしれないんだ。お前を信じているよ、冒険者さん！
PROPQUEST_INC_132244,Find a copy of the Book of Techniques at the Fountain of the Departed for the novelist’s final chapter.,小説家の最終章のため、魂の泉でスキル事典の写しを見つける。
PROPQUEST_INC_132245,Wisdom’s Legacy,知恵の遺産
PROPQUEST_INC_132246,"Adventurer, I can’t thank you enough! This book… it was exactly what I needed. I’ve taken all the notes I require, but such a treasure should not be wasted. There’s someone who would truly appreciate it, our town’s historian.",冒険者さん、感謝してもしきれないよ！この本は……まさに必要としていたものだった。必要なメモは全部取ったが、こんな宝を無駄にするべきじゃない。これを本当に大切にしてくれる人がいるんだ、俺たちの街の歴史家がね。
PROPQUEST_INC_132247,"She has dedicated her life to preserving knowledge, and this book deserves a place in her archives. If you deliver it to her, I’m sure she’ll reward you well enough to take your next step… your first specialization. What do you say?",彼女は知識を保存することに人生を捧げてきた、この本は彼女の文献の中に居場所があってしかるべきだ。彼女に届けてくれたら、お前が次の一歩……初めての転職を踏み出せるだけの報酬をくれるはずだ。どうだい？
PROPQUEST_INC_132248,"Thank you! I knew you would understand the importance of preserving knowledge. The historian will be thrilled to receive such a rare manuscript. Go, adventurer, and take this final step toward your destiny!",ありがとう！お前なら知識を保存することの重要性をわかってくれると思っていたよ。歴史家は、こんな貴重な写本を受け取って大喜びするはずだ。行け、冒険者さん、運命への最後の一歩を踏み出すんだ！
PROPQUEST_INC_132249,"Oh… I see. That’s unfortunate. This book holds so much wisdom, it would be a shame to let it go to waste. If you ever change your mind, please reconsider. This could be the final key to unlocking your future.",ああ……そうか。残念だ。この本にはたくさんの知恵が詰まっている、無駄にしてしまうのは惜しいな。気が変わったら、考え直してみてくれ。これはお前の未来を切り開く、最後の鍵になるかもしれないんだ。
PROPQUEST_INC_132250,"(She carefully flips through the pages, completely fascinated.)",（彼女は夢中になった様子で、丁寧にページをめくっていく）
PROPQUEST_INC_132251,"I will make a faithful copy to ensure this wisdom is never lost. You have done a great service to history today."" She closes the book and looks at you with a grateful smile. ""And of course, I won’t let your efforts go unrewarded.",「この知恵が決して失われないよう、忠実な写しを作りましょう。あなたは今日、歴史に大きな貢献をしてくれたわ」彼女は本を閉じ、感謝の笑みを浮かべてあなたを見つめる。「もちろん、あなたの努力に報いないままにはしないわ。
PROPQUEST_INC_132252,"Take this, consider it a token of my gratitude. With it, you should have everything you need to take the next step in your journey. May your path be filled with knowledge and greatness!",これを受け取って、私の感謝の印だと思ってちょうだい。これがあれば、旅の次の一歩を踏み出すために必要なものはすべて揃うはずよ。あなたの道が知恵と偉大さで満たされますように！
PROPQUEST_INC_132253,"The book is still with you? Hmm… I don’t mean to rush, but knowledge like this should not be kept hidden for too long. The historian is waiting, and so is your destiny. When you're ready, make sure it reaches the right hands.",本はまだあなたが持っているの？うーん……急かすつもりはないけれど、こういう知識はあまり長く隠しておくべきじゃないわ。歴史家が待っているし、あなたの運命もね。準備ができたら、必ず正しい人の手に届けてちょうだい。
PROPQUEST_INC_132254,"Deliver the Book of Techniques to the historian so its knowledge can be preserved, and claim your reward.",スキル事典を歴史家に届けて知識を保存してもらい、報酬を受け取る。
PROPQUEST_INC_132255,Spring Point Collection 1,春ポイント収集 1
PROPQUEST_INC_132256,Spring Point Collection 2,春ポイント収集 2
PROPQUEST_INC_132257,Spring Point Collection 3,春ポイント収集 3
PROPQUEST_INC_132258,Spring Point Collection 4,春ポイント収集 4
PROPQUEST_INC_132259,Help launch of an expedition,遠征の開始を手伝う
PROPQUEST_INC_132260,"Have you heard? An expedition is being organized to discover a new continent!\n[Historian] Martinyc has found the coordinates of a possible new continent, and we are setting out to explore it.\nCan you help us in gathering supplies?",聞いたかい？新大陸を発見するための遠征隊が組織されているんだ！\n[歴史家]マルティニックが新大陸の可能性がある座標を発見し、我々はそこを探検しに出発するところなんだ。\n物資集めを手伝ってもらえるかい？
PROPQUEST_INC_132261,How fortunate we are to have an adventurer like you! Actually... The monsters stole everything. We'll find the supplies when we've beaten them all!,お前のような冒険者がいてくれて、なんて幸運なんだ！実はな……モンスターが全部盗んでいったんだ。奴らを全部倒せば、物資が見つかるはずだ！
PROPQUEST_INC_132262,Too bad... Come back when you can.,残念だ……できるときにまた来てくれ。
PROPQUEST_INC_132263,"Thanks to you, the expedition will set off without a hitch! Thank you!",お前のおかげで、遠征は問題なく出発できるよ！ありがとう！
PROPQUEST_INC_132264,"Uh... Are we there yet? No, no, no... I didn't mean to push you, but... I'd appreciate it if you could find them soon!",えっと……もう終わったかい？いやいや……急かすつもりはないんだが……早く見つけてもらえるとありがたいよ！
PROPQUEST_INC_132265,Hunt monsters (within 10Lv range from your level) to earn [Event] Supplies,自分のレベル±10のモンスターを狩って、[イベント]物資を入手する
PROPQUEST_INC_132266,Looks like you're a new comer. Did you pick up the items one-by-one? I'll give you a newcomer's pet for you.,新人さんのようだね。アイテムを一つずつ拾い集めたのかな？新人さん用のペットをあげよう。
PROPQUEST_INC_132267,Find Easter Eggs,イースターエッグを探せ
PROPQUEST_INC_132268,What is Lifestyle?,ライフスタイルとは？
PROPQUEST_INC_132269,Welcome. There are times when you want to achieve different type of strengths. Do you wish to try something new that’s not related to hunting monsters?,ようこそ。時には、違った種類の強さを身につけたくなることもあるでしょう。モンスター狩り以外の、新しいことに挑戦してみたいですか？
PROPQUEST_INC_132270,Good choice. I have something to give you so speak to me again.,良い選択です。渡したいものがあるので、もう一度話しかけてください。
PROPQUEST_INC_132271,Currently I have 8 techniques to teach you. If you follow my lead you’ll soon learn them. This will help you when you try them out.,現在、あなたに教えられる技術が8つあります。私についてくれば、すぐに習得できるでしょう。試してみるときに役立つはずです。
PROPQUEST_INC_132272,Come back when you change your mind.,気が変わったら、また来てください。
PROPQUEST_INC_132273,Android Box Event 1,アンドロイドボックスイベント 1
PROPQUEST_INC_132274,Android Box Event 2,アンドロイドボックスイベント 2
PROPQUEST_INC_132275,Complete the mission.,ミッションを完了する。
PROPQUEST_INC_132276,Complete the mission.,ミッションを完了する。
PROPQUEST_INC_132277,3rd Anniversary Lucky Roulette!!,3周年記念 ラッキールーレット！！
PROPQUEST_INC_132278,3rd Anniversary Egg Upgrade 1,3周年記念 エッグアップグレード 1
PROPQUEST_INC_132279,"Happy to be with you for 3 years!\nKeep up the good work, this is my gift!",3年間一緒にいられて嬉しいよ！\nこれからも頑張ってね、これは私からの贈り物！
PROPQUEST_INC_132280,Nurture it with care!,大切に育ててね！
PROPQUEST_INC_132281,3rd Anniversary Egg Upgrade 2,3周年記念 エッグアップグレード 2
PROPQUEST_INC_132282,Whole New Substance,全く新しい物質
PROPQUEST_INC_132283,"Thanks to your efforts, the expedition was launched without a hitch—and now they've sent word back that they've discovered a new substance. So, I ask you—would you be willing to lend your strength to further this research?",お前の努力のおかげで、遠征は問題なく出発できた——そして今、彼らが新しい物質を発見したという知らせを送ってきたんだ。そこで頼みたい——この研究をさらに進めるため、力を貸してくれないか？
PROPQUEST_INC_132284,"A shipment of experimental materials was en route here, but the escort grew careless—and monsters struck once again. You'll likely find them as you drive those beasts back where they came from.",実験材料の輸送隊がこちらへ向かっていたんだが、護衛が油断してしまってな——モンスターがまた襲ってきたんだ。あの獣どもを元いた場所へ追い返せば、材料も見つかるだろう。
PROPQUEST_INC_132285,Too bad... Come back when you can.,残念だ……できるときにまた来てくれ。
PROPQUEST_INC_132286,"With this, we can proceed with the experiments without delay. You have my deepest thanks. This may very well allow us to craft equipment superior to what you currently wear. Rest assured, I’ll make you the first to benefit from it.",これで、遅れることなく実験を進められる。心から感謝するよ。これがあれば、お前が今身につけているものより優れた装備を作れるかもしれない。安心してくれ、真っ先にお前に恩恵を与えると約束しよう。
PROPQUEST_INC_132287,"Hm... still gathering? No rush, of course—but I must admit, I expected someone like you to have completed it by now!",ふむ……まだ集めているのか？もちろん急かしはしないが——正直、お前ほどの者ならもう終わらせていると思っていたよ！
PROPQUEST_INC_132288,Hunt monsters (Lv. -10) to earn 3 Experiment Material Boxes,自分のレベル-10のモンスターを狩り、実験材料ボックスを3個入手する
PROPQUEST_INC_132289,Revolutionary’s Secret Journal,革命家の秘密の日誌
PROPQUEST_INC_132290,Ugh... C-can you do me a favor...?,うっ……お、お願いがあるんだが……？
PROPQUEST_INC_132291,Thank you... I’ll stay hidden and recover. I’m counting on you.,ありがとう……私は身を隠して回復している。頼りにしているぞ。
PROPQUEST_INC_132292,"Ugh... I see... If you're busy, I understand...",うっ……そうか……忙しいなら仕方ない……
PROPQUEST_INC_132293,Be careful. Many are after the Secret Journal.,気をつけろ。秘密の日誌を狙っている者は多い。
PROPQUEST_INC_132294,"Uncover the secrets within the Revolutionary Journal, and great rewards await you.",革命家の日誌に秘められた謎を解き明かせば、素晴らしい報酬が待っている。
PROPQUEST_INC_132295,Monster Hunt!,モンスターハント！
PROPQUEST_INC_132296,"Looking to get stronger, are you?",強くなりたいのか？
PROPQUEST_INC_132297,Do me a favor and clear out the monsters nearby while you’re at it. I’ll see what I can do for you—just give it your all.,ついでにこの辺りのモンスターを一掃してくれ。私にできることを考えてみよう——とにかく全力を尽くしてくれ。
PROPQUEST_INC_132298,Still not finished? Don’t keep me waiting past today.,まだ終わっていないのか？今日中には終わらせてくれよ。
PROPQUEST_INC_132299,A time will come when you’ll need real strength. Come back to me if you’re desperate enough. Time’s not exactly on your side.,いつか、本当の力が必要になる時が来るだろう。切羽詰まったら私のところへ戻ってこい。時間はお前の味方じゃないぞ。
PROPQUEST_INC_132300,Make good use of what you gain.,手に入れたものを有効に使うんだ。
PROPQUEST_INC_132301,Gather materials for Smiths!,鍛冶師のための材料を集めよう！
PROPQUEST_INC_132302,"I’ll let you in on a little secret… Soon, stronger weapons and armor will be unveiled. The blacksmiths are still getting the hang of the new techniques, so the release has been delayed. But if you could gather the materials they need for practice, I reckon it might speed things up. What do you say—care to lend a hand?",ちょっとした秘密を教えてやろう……もうすぐ、より強力な武器と防具が発表される予定なんだ。だが鍛冶師たちがまだ新しい技術に慣れていなくてな、発表が遅れているんだ。だが、練習に必要な材料を集めてくれたら、事が早く進むと思うんだ。どうだ——手を貸してくれないか？
PROPQUEST_INC_132303,"Take a look at the reward I’ve prepared. Once you see it, you’ll realize it’s well worth your effort! The materials can be found from nearby monsters, so I’ll be counting on you.",私が用意した報酬を見てみろ。見れば、その努力に見合う価値があるとわかるはずだ！材料は近くのモンスターから見つかるから、頼りにしているぞ。
PROPQUEST_INC_132304,"Ah… turning down such a fine opportunity, are you? A real shame—I thought you’d jump at the chance.",ああ……こんな良い機会を断るのか？実に残念だ——飛びついてくると思っていたんだが。
PROPQUEST_INC_132305,"Already gathered everything? …Oh, not yet? Very well—come back once you have them all.",もう全部集めたのか？……ああ、まだか？よろしい——全部揃ったら戻ってきてくれ。
PROPQUEST_INC_132306,Splendid! This should be more than enough for the blacksmiths to continue their research. You’ve done well.,見事だ！これで鍛冶師たちが研究を続けるには十分すぎるほどだろう。よくやった。
PROPQUEST_INC_200000,3rd Job Change,3次転職
PROPQUEST_INC_140009,Chapter 1 Expedition,第1章 遠征
PROPQUEST_INC_150000,A Hand of Compassion,思いやりの手
PROPQUEST_INC_150001,I have a funny story and a favor to ask. Want to hear it?,面白い話と、頼みがあるんだ。聞いてくれるかい？
PROPQUEST_INC_150002,"I don’t know if you’re aware, but there are many races in this world. For some reason, I’m especially drawn to beastfolk, so I’ve been looking for information about them.",知っているかどうかわからないが、この世界には多くの種族がいるんだ。なぜか私は特に獣人に惹かれていてね、彼らについての情報を探しているんだ。
PROPQUEST_INC_150003,"I found some clues, secured funding, formed an expedition, and sent them to a rumored location. But… I still haven’t heard anything back.",手がかりを見つけ、資金を確保し、遠征隊を編成して、噂の場所へ送り出したんだ。だが……まだ何の知らせも届いていない。
PROPQUEST_INC_150004,"There should have been at least a letter by now. My investors keep nagging me to take responsibility, but the mayor of Saint City, who invested the most, hasn’t said a single word. Isn’t it obvious he knows something? Could you ask him about the expedition for me?",今頃、せめて手紙くらいは届いていてもいいはずなんだ。出資者たちは責任を取れとうるさいんだが、最も多く出資したセイントシティの市長は一言も発していない。何か知っているのは明らかじゃないか？私の代わりに、遠征について彼に聞いてもらえないか？
PROPQUEST_INC_150005,Thank you! You know where to find him.,ありがとう！彼がどこにいるかは知っているな。
PROPQUEST_INC_150006,Come back if you change your mind. I’ll be waiting.,気が変わったら戻ってきてくれ。待っているよ。
PROPQUEST_INC_150007,"Did you ask him? I’d go myself, but… I’m too afraid to face him.",彼に聞いてくれたか？自分で行ってもいいんだが……彼と向き合うのが怖くてね。
PROPQUEST_INC_150008,"Oh, a great adventurer. What brings you here?",おや、偉大な冒険者じゃないか。何の用だ？
PROPQUEST_INC_150009,Meet with the Mayor of Saint City,セイントシティの市長に会う
PROPQUEST_INC_150010,The Truth of the Expedition,遠征の真実
PROPQUEST_INC_150011,"Ah, I see. Did the Strange Collector send you?",ああ、なるほど。謎のコレクターに送られてきたのか？
PROPQUEST_INC_150012,I have nothing to tell you about that. Just go back.,それについて話すことは何もない。戻ってくれ。
PROPQUEST_INC_150013,"Hmm? If not, then why did you come to me?",うん？違うなら、なぜ私のところへ来たんだ？
PROPQUEST_INC_150014,"Even for you, I have nothing more to say.",お前が相手でも、これ以上言うことはない。
PROPQUEST_INC_150015,Hmm? Do I know anything about the mayor?,うん？私が市長について何か知っているかだと？
PROPQUEST_INC_150016,Meet with Helgar,ヘルガースに会う
PROPQUEST_INC_150017,Trapped in the Maze,迷宮に囚われて
PROPQUEST_INC_150018,"Well… I don’t know much, but lately the mayor of Flaris has been visiting his house quite often. Why don’t you try talking to Flarine?",そうだな……あまり詳しくは知らないが、最近フラリスの市長が彼の家をよく訪ねているんだ。フラリスに話しかけてみたらどうだ？
PROPQUEST_INC_150019,"You know the way, right?",道はわかっているな？
PROPQUEST_INC_150020,"You’re the one asking, and yet… If it’s nothing important, could you step aside?",聞いてきたのはお前の方だが……大したことじゃないなら、どいてもらえるか？
PROPQUEST_INC_150021,That’s all I know. Go see Flarine.,私が知っているのはそれだけだ。フラリスに会いに行け。
PROPQUEST_INC_150022,Hmm? It’s been a while. What brings you here?,うん？久しぶりだな。何の用だ？
PROPQUEST_INC_150023,Meet with the Mayor of Flarine,フラリスの市長に会う
PROPQUEST_INC_150024,Friend’s Testimony,友の証言
PROPQUEST_INC_150025,Actually… something like this was found in western Flaris.,実は……西フラリスでこんなものが見つかったんだ。
PROPQUEST_INC_150026,"Look at this Saint City logo. I thought I should let him know, so I brought it to him.",このセイントシティの紋章を見てくれ。彼に知らせるべきだと思って、持ってきたんだ。
PROPQUEST_INC_150027,"But more pieces like this keep turning up, so I’ve been visiting him often.",だがこういう破片が次々と見つかるものだから、よく彼のところを訪ねているんだ。
PROPQUEST_INC_150028,"He was shocked when he saw it, took it away, and told me not to speak of it to anyone. Do you want this?",彼はこれを見て衝撃を受け、持ち去って、誰にも話すなと言ったんだ。これが欲しいか？
PROPQUEST_INC_150029,"As far as I know, these pieces came from the central region of the Leren Mountains. Fortunately for him, powerful masquerpets wander the area, keeping people away and stopping any rumors from spreading. But that shouldn’t be a problem for you.",私が知る限り、この破片はレルエン山脈の中央地域から出たものだ。彼にとって幸運なことに、あの辺りには強力なモンスターがうろついていて、人を近づけず、噂が広まるのも防いでいる。だがお前にとっては問題にならないはずだ。
PROPQUEST_INC_150030,"Hmm? You don’t need it? Well, I can’t give you this piece, but if you need another one, feel free to ask.",うん？いらないのか？まあ、この破片は渡せないが、別のものが必要なら、遠慮なく聞いてくれ。
PROPQUEST_INC_150031,"I’ve already told you where it is, haven’t I? Someone like you shouldn’t have any trouble handling the monsters there and finding what you need.",場所はもう教えたはずだが？お前ほどの者なら、あそこのモンスターを相手にして必要なものを見つけるのに苦労はしないはずだ。
PROPQUEST_INC_150032,Wait… this is…! How did you get this?,待て……これは……！これをどうやって手に入れたんだ？
PROPQUEST_INC_150033,Find “Fragment of ???”,「???の破片」を見つける
PROPQUEST_INC_150034,His True Intention,彼の本当の狙い
PROPQUEST_INC_150035,"Now that you’ve come this far, I have no choice but to tell you everything. Are you ready? That fragment is from the ship the expedition used when they set sail.",ここまで来たからには、すべてを話すしかないな。心の準備はいいか？その破片は、遠征隊が出航に使った船のものだ。
PROPQUEST_INC_150036,"How do I know that from a single piece of debris? Because I was involved in everything—from its design to its construction. But so far, all we’ve found are scattered fragments like this.",なぜたった一つの破片からそれがわかるのかって？設計から建造まで、すべてに関わっていたからだ。だが今のところ、見つかっているのはこういう散らばった破片だけなんだ。
PROPQUEST_INC_150037,"I’ve done my best to stop the news from spreading, but there’s only so much I can do. At this point, I have no one left to turn to but you. Could you help find more clues about the expedition?",この知らせが広まらないよう最善を尽くしてきたが、私にできることには限りがある。今となっては、頼れるのはお前しかいない。遠征についての手がかりをもっと見つける手伝いをしてくれないか？
PROPQUEST_INC_150038,Thank you. The expedition followed the Darkon 1 mountain range. Start searching from there.,ありがとう。遠征隊はダーコン1の山脈沿いに進んだ。そこから探索を始めてくれ。
PROPQUEST_INC_150039,"So even my last hope is fading. If you change your mind, please come back.",私の最後の望みすら、消えかけているのか。気が変わったら、戻ってきてくれ。
PROPQUEST_INC_150040,Have you found anything? Oh… this is getting serious.,何か見つかったか？ああ……これは深刻なことになってきたな。
PROPQUEST_INC_150041,"Welcome, adventurer. Hmm? What is this?",ようこそ、冒険者よ。うん？これは何だ？
PROPQUEST_INC_150042,Bring “Fragment of a Fallen Ship” to the Darken Mayor,「難破船の破片」をダーコンの市長に届ける
PROPQUEST_INC_150043,Seeking the Witness… 1,証人を求めて…1
PROPQUEST_INC_150044,"Well… I don’t know anything about this shipwreck, but there is someone who might.",そうだな……この難破船については何も知らないが、知っているかもしれない者がいる。
PROPQUEST_INC_150045,A High-Dwarpet named Liekyen might know something. You should go see him.,リエキエンというハイドワーフが何か知っているかもしれない。彼に会いに行くべきだ。
PROPQUEST_INC_150046,"Of course, you can search elsewhere first if you prefer.",もちろん、先に他の場所を探したいなら構わない。
PROPQUEST_INC_150047,You haven’t gone yet? That’s really all I can think of.,まだ行っていないのか？私に思いつくのは本当にそれだけだ。
PROPQUEST_INC_150048,A shipwreck? Ah… you mean that one.,難破船だと？ああ……あれのことか。
PROPQUEST_INC_150049,Meet with Liekyen,リエキエンに会う
PROPQUEST_INC_150050,Seeking the Witness… 2,証人を求めて…2
PROPQUEST_INC_150051,It was deep in the mountains. I saw a shadow and thought it was a monster… but it turned out to be a ship falling from the sky.,山奥でのことだった。影が見えてモンスターかと思ったんだが……空から落ちてきた船だったんだ。
PROPQUEST_INC_150052,"There was no one on board, even when I searched it the first time. Not a single body. I checked around to see if there was anything useful, but all I found was a book full of strange codes. Curious what it says?",最初に調べた時、船には誰も乗っていなかった。遺体すら一つもない。何か使えるものがないか調べたんだが、見つかったのは奇妙な暗号だらけの本だけだった。何が書いてあるか気になるか？
PROPQUEST_INC_150053,"I couldn’t make heads or tails of it, so I handed it over to Inisis. If you’re interested, go talk to her.",私にはさっぱりわからなかったから、イニシスに渡したんだ。興味があるなら、彼女に話しかけてみてくれ。
PROPQUEST_INC_150054,"Not curious? Well, that’s your choice.",気にならないのか？まあ、それはお前次第だ。
PROPQUEST_INC_150055,"Inisis knows the details. If she finishes deciphering it, could you come back and tell me what she found?",イニシスなら詳細を知っている。解読が終わったら、彼女が見つけたことを教えに戻ってきてくれないか？
PROPQUEST_INC_150056,"Ah, you’ve come for the logbook?",ああ、航海日誌のことで来たのか？
PROPQUEST_INC_150057,Meet with Inisis,イニシスに会う
PROPQUEST_INC_150058,Searching for Clues… 1,手がかりを求めて…1
PROPQUEST_INC_150059,It turned out to be just a simple sailing logbook. There’s nothing special written in it. Are you still looking for more clues?,結局、ただの簡単な航海日誌だったわ。特別なことは何も書かれていないの。まだ手がかりを探しているの？
PROPQUEST_INC_150060,"Actually, after reading it, Amadolka decided to search the Darken mountains again to see if anything else turns up. You should meet him before heading back to Saint City.",実は、それを読んだ後、アマドルカーが何か他に見つかるか、ダーコンの山をもう一度探すことにしたのよ。セイントシティへ戻る前に、彼に会っておくべきね。
PROPQUEST_INC_150061,"If you’re too busy, I understand. Take care of yourself.",忙しすぎるなら仕方ないわ。気をつけてね。
PROPQUEST_INC_150062,You haven’t left yet?,まだ出発していないの？
PROPQUEST_INC_150063,Inisis sent you?,イニシスがお前をよこしたのか？
PROPQUEST_INC_150064,Meet with Amadolka,アマドルカーに会う
PROPQUEST_INC_150065,Searching for Clues… 2,手がかりを求めて…2
PROPQUEST_INC_150066,That sharp woman… How did she know to send you without me saying anything? Do you really need this?,あの鋭い女め……私が何も言っていないのに、どうしてお前をよこすとわかったんだ？本当にこれが必要なのか？
PROPQUEST_INC_150067,"Sigh… Fine, take it. You can find it right next to me. I tried to analyze that material at Erons Factory, but I couldn’t even figure out what it’s made of.",はぁ……いいだろう、持っていけ。私のすぐ隣にある。エランズファクトリーでその材料を分析しようとしたんだが、何でできているのかすら突き止められなかった。
PROPQUEST_INC_150068,"If you manage to discover anything, let me know. I guess I owe you one now.",何かわかったら教えてくれ。まあ、これで借りができたようなものだな。
PROPQUEST_INC_150069,"So I can keep this? Tch… the more I look at it, the more uneasy I feel. Just take it and go.",これを持っていていいのか？チッ……見れば見るほど落ち着かない気分になる。さっさと持っていってくれ。
PROPQUEST_INC_150070,This logbook…!,この航海日誌は……！
PROPQUEST_INC_150071,Find “Trace of the New Continent”,「新大陸の痕跡」を見つける
PROPQUEST_INC_150072,The Gear Begins to Turn Again,再び回り始める歯車
PROPQUEST_INC_150073,"So that’s how it was… What on earth happened to the crew of that ship? For now, let me examine this strange material.",そういうことだったのか……あの船の乗組員に一体何が起きたんだ？とりあえず、この奇妙な材料を調べさせてくれ。
PROPQUEST_INC_150074,"I can use it to calm the investors. With this logbook, we might even be able to send a follow-up expedition. Hmm… Could you show the logbook and this material to the Strange Collector?",これで出資者たちを落ち着かせられそうだ。この航海日誌があれば、追加の遠征隊を送ることもできるかもしれない。うーむ……この航海日誌とこの材料を、謎のコレクターに見せてきてもらえないか？
PROPQUEST_INC_150075,He should be the first to know. Thank you.,彼が一番に知るべきだ。ありがとう。
PROPQUEST_INC_150076,"Well, if you change your mind, you can come back anytime.",まあ、気が変わったら、いつでも戻ってきてくれ。
PROPQUEST_INC_150077,"Have you shown it to him yet? Don’t worry, I’m not rushing you.",もう彼に見せたか？心配するな、急かしているわけじゃない。
PROPQUEST_INC_150078,"Welcome back. How did it go? I knew it—my research wasn’t wrong after all. I truly owe you. It’s not much, but please accept this as my thanks. Things are going to get busy from here on…",おかえり。どうだった？やはりな——私の研究は間違っていなかった。本当に世話になったな。大したものではないが、感謝の印として受け取ってくれ。これから忙しくなりそうだ……
PROPQUEST_INC_150079,Meet with the Strange Collector,謎のコレクターに会う
PROPQUEST_INC_150080,Chapter 2 Eillun Town,第2章 エルリウンタウン
PROPQUEST_INC_150081,Reignited Passion,再燃する情熱
PROPQUEST_INC_150082,"Adventurer, you’ve come at the perfect time. We’re preparing a second expedition based on the logbook you found.",冒険者よ、ちょうどいいところに来たな。お前が見つけた航海日誌をもとに、第二次遠征隊の準備を進めているんだ。
PROPQUEST_INC_150083,"This time, we plan to send a scouting party before the main group. Would you be willing to be part of that team?",今回は、本隊の前に偵察隊を送る予定だ。そのチームの一員になってくれないか？
PROPQUEST_INC_150084,Go see the mayor of Saint City.,セイントシティの市長に会いに行く。
PROPQUEST_INC_150085,"I don’t think anyone is better suited for this than you. But there’s still some time before we depart, so you can decide at your own pace.",お前以上にこれに適した者はいないと思う。だがまだ出発まで時間はある、自分のペースで決めてくれ。
PROPQUEST_INC_150086,"You know where the mayor is, right?",市長がどこにいるかはわかっているな？
PROPQUEST_INC_150087,"Welcome, adventurer.",ようこそ、冒険者よ。
PROPQUEST_INC_150088,Scout Party,偵察隊
PROPQUEST_INC_150089,"Thanks to what you brought back, I convinced the other investors, and we’ve decided to organize a second expedition. But considering the first expedition vanished and their ship crashed…",お前が持ち帰ってくれたもののおかげで、他の出資者たちを説得できて、第二次遠征隊を編成することが決まった。だが、最初の遠征隊が消息を絶ち、船が墜落したことを考えると……
PROPQUEST_INC_150090,"If we send another group out without understanding what happened, we risk the same disaster. That’s why we plan to send a scouting team first to investigate. Will you take on that role?",何が起きたのか理解しないまま別の隊を送れば、同じ災難を繰り返す危険がある。だからこそ、まず調査のために偵察隊を送る予定なんだ。その役目を引き受けてくれるか？
PROPQUEST_INC_150091,"After reviewing the logbook, it seems we need to go even farther north, beyond the Gouthan Mountains of Darkon. It looks like there’s some kind of docking point there, so if you arrive safely, you should be able to land.",航海日誌を確認したところ、ダーコンのゴウダン山脈をさらに越えた、もっと北へ行く必要があるようだ。そこには何らかの発着地点があるようだから、無事に到達できれば着陸できるはずだ。
PROPQUEST_INC_150092,"No matter how I look at it, you’re the only one fit for this job. I’ll be waiting for your answer.",どう考えても、この仕事にふさわしいのはお前しかいない。返事を待っているぞ。
PROPQUEST_INC_150093,"Good luck, adventurer. May your flight be a safe one.",幸運を祈る、冒険者よ。安全な飛行になりますように。
PROPQUEST_INC_150094,Finally… I’m saved! I survived!,ついに……助かった！生き延びたぞ！
PROPQUEST_INC_150095,Meet with [Expedition] Beck,[遠征隊]ベックに会う
PROPQUEST_INC_150096,Straggler,はぐれ者
PROPQUEST_INC_150097,"Good to meet you. I’m Beck from Saint City. I… well, I was part of the expedition. Beasts attacked us, and I got separated from the others.",会えて良かった。俺はセイントシティ出身のベックだ。その……遠征隊の一員だったんだ。獣に襲われて、他の仲間とはぐれてしまってな。
PROPQUEST_INC_150098,"Our captain didn’t even check if everyone was on board before taking off. When the attack started, I just happened to be wasting time in the forest. Thanks to that, I survived.",隊長は、全員が乗船しているかも確認せずに出発しちまってな。襲撃が始まった時、俺はたまたま森で時間を潰していたんだ。そのおかげで生き延びられた。
PROPQUEST_INC_150099,A second expedition? That’s a relief. I’ll join them and go home as soon as they arrive. But… could I ask you for a favor?,第二次遠征隊だって？そりゃ安心だ。到着したら合流して、一緒に帰ることにするよ。だが……一つ頼みがあるんだが？
PROPQUEST_INC_150100,"I lost my serial number chain while fleeing from those beasts. I searched where I dropped it, but it was gone. It might still be somewhere nearby. Could you go and look for it? Please, I’m counting on you.",あの獣どもから逃げている時に、俺の識別番号チェーンを落としちまったんだ。落とした場所を探したんだが、見つからなかった。まだこの辺りのどこかにあるかもしれない。探しに行ってもらえないか？頼む、頼りにしているぞ。
PROPQUEST_INC_150101,"If you change your mind, please come back.",気が変わったら、戻ってきてくれ。
PROPQUEST_INC_150102,Those creatures went that way!,あの生き物たちはあっちへ行ったぞ！
PROPQUEST_INC_150103,"I can’t thank you enough for your help. While you were gone, some beastmen—different from the ones that attacked me—showed up. They gave me food and pointed out a place before leaving. Eat something, then head over there.",礼を言っても言い尽くせないくらいだ。お前がいない間に、俺を襲ったのとは違う獣人たちが現れてな。食べ物をくれて、ある場所を指し示してから去っていったんだ。何か食べてから、そこへ向かってくれ。
PROPQUEST_INC_150104,Gather 10 Abandoned Serial Number Chains,捨てられた識別番号チェーンを10個集める
PROPQUEST_INC_150105,Proficiency Test,力量試験
PROPQUEST_INC_150106,"Oy! Halt! Who are you? …That’s quite a story. Suspicious. Are you a Lycan spy? If not, prove it.",おい！止まれ！何者だ？……ずいぶんな話だな。怪しい。ライカンの回し者か？違うなら、証明してみせろ。
PROPQUEST_INC_150107,"Defeat 20 Hundur Sharpfoots, and then I’ll believe you.",ワークウルフを20体倒せ、そうすれば信じてやろう。
PROPQUEST_INC_150108,Hmph! I knew it. You must be a spy!,フン！やはりな。お前はスパイに違いない！
PROPQUEST_INC_150109,What? You can’t even handle that? Pathetic. There’s no way I can let you into the village like this.,何だと？それすらもこなせないのか？情けない。そんな有様じゃ、村に入れるわけにはいかないな。
PROPQUEST_INC_150110,(Hmm… seems stronger than me…),（うーむ……俺より強そうだな……）
PROPQUEST_INC_150111,Kill 20 Hundur Sharpfoots,ワークウルフを20体倒す
PROPQUEST_INC_150112,Territorial Cats,縄張り意識の強い猫たち
PROPQUEST_INC_150113,"That’s still not enough to convince me. I don’t even know who you really are. If you want to live alongside our village, you’ll need to prove yourself with your strength. Then at least we can rely on each other.",それだけじゃまだ納得できないな。お前が本当は何者なのかすらわからないんだ。この村で共に暮らしたいなら、力で自分を証明する必要がある。そうすれば、少なくとも互いに頼り合えるだろう。
PROPQUEST_INC_150114,"If you’re serious about proving yourself, defeat Captain Hundur Sharpfoot and bring me proof.",本気で自分を証明したいなら、キャプテン・ワークウルフを倒して、証拠を持ってこい。
PROPQUEST_INC_150115,"At your current level, it might be difficult. I understand.",今のお前のレベルじゃ、難しいかもしれないな。わかったよ。
PROPQUEST_INC_150116,Still not done? When exactly do you plan to enter the village?,まだ終わっていないのか？一体いつになったら村に入るつもりなんだ？
PROPQUEST_INC_150117,"(Seriously…?) You’re struggling with just those? Hah… well, I guess you tried. Go on, someone will guide you inside.",（本当に……？）その程度で苦戦しているのか？ハッ……まあ、頑張ったんだろうな。行け、誰かが中まで案内してくれる。
PROPQUEST_INC_150118,Kill 11 Captain Hundur Sharpfoots and bring 1 Piece of Hundur Bone,キャプテン・ワークウルフを11体倒し、ワークウルフの骨のかけらを1個持ってくる
PROPQUEST_INC_150119,New Town Life?,新しい町での生活？
PROPQUEST_INC_150120,"Welcome, stranger. You’re now in Eillun Town, the refuge of the Myurangs. Wait, you defeated Captain Hundur Sharpfoot? Ah, so you fell for his trick. I only sent him out for training because he’s always slacking off.",ようこそ、見知らぬ者よ。ここはミュラングの避難所、エルリウンタウンだ。待て、キャプテン・ワークウルフを倒しただと？ああ、奴の策略にまんまと引っかかったな。奴はいつもサボってばかりだから、訓練のために送り出しただけなんだ。
PROPQUEST_INC_150121,"Don’t worry, I’ll give him a much harsher assignment next time. To stay in this village, you’ll need the captain’s approval. He’s strict, so expect more tests.",心配するな、次はもっと厳しい任務を与えてやる。この村に留まるには、隊長の承認が必要だ。奴は厳しいから、さらなる試練を覚悟しておけ。
PROPQUEST_INC_150122,You can find him over there. Go talk to him yourself.,あそこにいるはずだ。自分で話しかけてみろ。
PROPQUEST_INC_150123,What will he ask you to do? No idea.,奴が何をさせるつもりかって？さあな。
PROPQUEST_INC_150124,"Just know that without his approval, you won’t be able to do much in this village.",奴の承認がなければ、この村では大したことはできないと覚えておけ。
PROPQUEST_INC_150125,Who are you?,紹介
PROPQUEST_INC_150126,Meet with [Captain] Baron,[隊長]バロンに会う
PROPQUEST_INC_150127,Captain’s Test 1,隊長の試練 1
PROPQUEST_INC_150128,"A hairless outsider in our village… What were the guards doing? So, you want to stay here? We’re at war with the Lycans. For all I know, you might be one of their spies. I can’t allow you to stay without proof.",毛のない余所者がこの村にいるとはな……門番は一体何をしていたんだ？で、ここに留まりたいと？我々はライカンと戦争状態にある。お前が奴らの回し者じゃないとどうしてわかる？証拠がなければ、滞在を許すわけにはいかない。
PROPQUEST_INC_150129,Kill 25 Small Samosets. That’ll at least get us talking.,スモール・ライカンガードを25体倒せ。それくらいで、ようやく話を聞く気になるというものだ。
PROPQUEST_INC_150130,"If you can’t handle something that simple, I can’t let you in.",それくらい簡単なこともこなせないなら、中に入れるわけにはいかない。
PROPQUEST_INC_150131,"If you finish quickly, you’ll be able to use the village facilities sooner.",早く終わらせれば、それだけ早く村の施設を使えるようになるぞ。
PROPQUEST_INC_150132,Already done? Alright. I can say you’re not one of those dog spies.,もう終わったのか？よろしい。お前はあの犬どものスパイではないと言えそうだな。
PROPQUEST_INC_150133,Kill 25 Small Samosets,スモール・ライカンガードを25体倒す
PROPQUEST_INC_150134,Captain’s Test 2,隊長の試練 2
PROPQUEST_INC_150135,But staying in town is a different matter. We’ve received reports that the enemies you defeated are gathering in one place.,だが、町に留まるとなると話は別だ。お前が倒した敵たちが、一箇所に集結しているという報告が入っている。
PROPQUEST_INC_150136,I’ll tell you where. Go there and take them out before they can plan anything.,場所を教えよう。そこへ行って、奴らが何かを企む前に片付けてくれ。
PROPQUEST_INC_150137,"It’s your choice, but if you want to stay, you’ll have to deal with them eventually.",お前次第だが、留まりたいなら、いずれ奴らに対処する必要がある。
PROPQUEST_INC_150138,We need to crush them before they attack the village. That’s what matters.,奴らが村を襲う前に叩き潰す必要がある。それが重要なんだ。
PROPQUEST_INC_150139,Impressive. I underestimated you. My apologies.,見事だ。お前を見くびっていたようだな。すまなかった。
PROPQUEST_INC_150140,Kill 15 Samosets,ライカンガードを15体倒す
PROPQUEST_INC_150141,Captain’s Test 3,隊長の試練 3
PROPQUEST_INC_150142,"There are even more reinforcements gathering. Sadly, our troops are tied up elsewhere and can’t handle them right now. This is the last task—teach them a lesson.",さらに援軍が集まってきている。残念ながら、我々の部隊は他の場所で手一杯で、今は対処できない。これが最後の任務だ——奴らに思い知らせてやれ。
PROPQUEST_INC_150143,Defeat Captain Samoset and bring back proof. Then I’ll grant you permission to stay.,キャプテン・ライカンガードを倒し、証拠を持ち帰れ。そうすれば、滞在の許可を与えよう。
PROPQUEST_INC_150144,You’d better decide before they launch an attack.,奴らが攻撃を仕掛ける前に決めた方がいいぞ。
PROPQUEST_INC_150145,Still not finished? Hmm…,まだ終わっていないのか？うーむ……
PROPQUEST_INC_150146,Well done. I’ll issue your residency permit.,よくやった。滞在許可証を発行しよう。
PROPQUEST_INC_150147,Kill 10 Captain Samosets and bring 1 Piece of Samoset Bone,キャプテン・ライカンガードを10体倒し、ライカンガードの骨のかけらを1個持ってくる
PROPQUEST_INC_150148,Where Did the Expedition Go 1,遠征隊はどこへ 1
PROPQUEST_INC_150149,"So, what brought you all the way here? Hmm… I don’t remember seeing anything like that. I rarely leave the forest, so I wouldn’t know.",それで、はるばる何の用だ？うーむ……そんなものは見た覚えがないな。滅多に森を出ないから、知らなくても仕方ないが。
PROPQUEST_INC_150150,"Wait… yes, there were reports of several loud explosions from the east. I’m not sure if it’s related, but do you want to check it out?",待て……そうだ、東の方でいくつも大きな爆発音がしたという報告があった。関係があるかはわからないが、確認してみたいか？
PROPQUEST_INC_150151,"It’s not far, but it’s Lycan territory. We haven’t been able to investigate. If you find anything, bring it to me. I’ll help you examine it.",遠くはないが、そこはライカンの縄張りだ。我々は調査できていない。何か見つけたら、私のところへ持ってきてくれ。調べるのを手伝おう。
PROPQUEST_INC_150152,You might find other clues elsewhere too. Don’t worry if you want to follow your own leads.,他の場所でも手がかりが見つかるかもしれない。自分の判断で調べたいなら、気にせずそうしてくれ。
PROPQUEST_INC_150153,"You should be fine, but stay careful.",大丈夫だと思うが、気をつけてくれ。
PROPQUEST_INC_150154,Did you find what you were looking for? You found this there?,探していたものは見つかったか？そこでこれを見つけたのか？
PROPQUEST_INC_150155,Search the forest and obtain “Unknown Fur Ball”,森を探索し、「正体不明の毛玉」を入手する
PROPQUEST_INC_150156,Where Did the Expedition Go 2,遠征隊はどこへ 2
PROPQUEST_INC_150157,This is Kyouchish fur. Kyouchish are elite Lycan warriors.,これはライカンセンチネルの毛だ。ライカンセンチネルは、ライカンの精鋭戦士だ。
PROPQUEST_INC_150158,"It seems they attacked and wiped out the remaining members of that expedition. Since their territory was invaded by that large group, they’re probably still on high alert around there.",奴らがあの遠征隊の残りのメンバーを襲い、全滅させたようだ。あの大集団に縄張りを侵されたんだ、まだあの辺りは厳戒態勢のはずだ。
PROPQUEST_INC_150159,"If you defeat some Small Kyouchish and bring back any written orders or notes, I’ll translate them for you.",スモール・ライカンセンチネルを何体か倒して、命令書やメモを持ち帰ってくれたら、翻訳してやろう。
PROPQUEST_INC_150160,Do you have a better lead than this?,これより良い手がかりがあるのか？
PROPQUEST_INC_150161,"You remember the place, right?",あの場所は覚えているな？
PROPQUEST_INC_150162,"Ah, you got it. Let me see…",ああ、手に入れたか。見せてくれ……
PROPQUEST_INC_150163,Kill 25 Small Kyouchish and get 1 Lycan Operation Plan,スモール・ライカンセンチネルを25体倒し、ライカン作戦計画書を1個入手する
PROPQUEST_INC_150164,Investigation Begins,調査開始
PROPQUEST_INC_150165,"Hmm, this won’t take long. In the meantime, how about hunting some Kyouchish?",うーむ、これはそう時間はかからないだろう。その間、ライカンセンチネルでも狩ってきたらどうだ？
PROPQUEST_INC_150166,They’re near the enemy camp.,敵の陣営の近くにいるはずだ。
PROPQUEST_INC_150167,"If you don’t feel like it, I won’t force you. Come back if you change your mind.",その気がないなら、無理強いはしない。気が変わったら戻ってきてくれ。
PROPQUEST_INC_150168,It’s best to finish this quickly. I’ll have the translation ready when you return.,早く終わらせるのが一番だ。戻ってくる頃には翻訳を用意しておこう。
PROPQUEST_INC_150169,"Back already? The translation’s done. Here, take it.",もう戻ったのか？翻訳は終わっているぞ。ほら、受け取れ。
PROPQUEST_INC_150170,Kill 25 Kyouchish,ライカンセンチネルを25体倒す
PROPQUEST_INC_150171,The Expedition Is…,遠征隊は……
PROPQUEST_INC_150172,"Did it say anything useful? Typical wolves—attack, pillage, and so on. Still, if it helps your search, that’s something.",何か役に立つことが書いてあったか？いつもの狼どもだ——襲撃、略奪、そんなところだろう。それでも、お前の探し物の助けになるなら、意味はある。
PROPQUEST_INC_150173,So now… you’re heading back? That’s something you’ll need to report.,それで……戻るつもりか？それは報告する必要があるな。
PROPQUEST_INC_150174,"Well, returning can wait.",まあ、戻るのは後でもいい。
PROPQUEST_INC_150175,I’ll inform the villagers so you can use our village freely afterward. Safe travels.,その後、我々の村を自由に使えるよう、村人たちに伝えておこう。道中気をつけて。
PROPQUEST_INC_150176,"Oh, you’re back. How was the village?",ああ、戻ったか。村はどうだった？
PROPQUEST_INC_150177,The Truth,真実
PROPQUEST_INC_150178,So… the others… I’m the only survivor… sniff… Are you going back to Saint City?,そうか……仲間たちは……俺一人だけが生き残ったのか……（すすり泣き）セイントシティへ戻るのか？
PROPQUEST_INC_150179,"Please tell them I’m alive. I’ll join the second expedition when they arrive and return home. I don’t want to stay in this land any longer. I know it’s a lot to ask, but… could you avenge my fallen comrades before you leave for Madrigal?",俺が生きていると伝えてくれ。第二次遠征隊が到着したら合流して、家に帰ることにする。もうこの土地には留まりたくないんだ。無理を言っているのはわかっているが……マドリガルへ発つ前に、倒れた仲間たちの仇を討ってもらえないか？
PROPQUEST_INC_150180,"I heard a particularly loud howl. Everything went quiet afterward, so I’m sure that was their leader. Can you defeat him?",特に大きな遠吠えを聞いたんだ。その後、辺りが静まり返った、だからそれが奴らのリーダーに違いない。倒してもらえるか？
PROPQUEST_INC_150181,"Oh… I see. I guess it can’t be helped. Never mind, then.",ああ……そうか。仕方ないな。じゃあ、忘れてくれ。
PROPQUEST_INC_150182,The howl came from that direction. I doubt it went far.,遠吠えはあっちの方角から聞こえた。遠くへは行っていないはずだ。
PROPQUEST_INC_150183,"Ah, you’re back. So, was there really a new continent?",ああ、戻ったか。それで、本当に新大陸はあったのか？
PROPQUEST_INC_150184,Kill 10 Captain Kyouchish,キャプテン・ライカンセンチネルを10体倒す
PROPQUEST_INC_150185,Report,通報
PROPQUEST_INC_150186,"There was? Then… did you find any trace of the expedition? My gods… what a disaster. At least there’s one survivor. For now, we must keep this quiet.",あったのか？それで……遠征隊の痕跡は見つかったか？なんてことだ……何という災難だ。せめて生存者が一人はいるんだな。とりあえず、これは内密にしておかなければ。
PROPQUEST_INC_150187,"We can’t hide it forever, of course, but if we reveal it now, everything we’re planning will collapse. I’ll make an official announcement when we begin recruiting for the second expedition. Did you meet the Strange Collector?",もちろん永遠に隠しておけるわけじゃないが、今明らかにすれば、我々の計画がすべて崩れてしまう。第二次遠征隊の募集を始める時に、正式に発表しよう。謎のコレクターには会ったか？
PROPQUEST_INC_150188,"Please tell them I’m alive. I’ll join the second expedition when they arrive and return home. I don’t want to stay in this land any longer. I know it’s a lot to ask, but… could you avenge my fallen comrades before you leave for Madrigal?",俺が生きていると伝えてくれ。第二次遠征隊が到着したら合流して、家に帰ることにする。もうこの土地には留まりたくないんだ。無理を言っているのはわかっているが……マドリガルへ発つ前に、倒れた仲間たちの仇を討ってもらえないか？
PROPQUEST_INC_150189,He’s waiting for you. You should go see him.,彼が待っているぞ。会いに行くべきだ。
PROPQUEST_INC_150190,"He’s your employer, after all. You’re probably exhausted from flying and fighting, but shouldn’t you visit him?",結局のところ、彼はお前の雇い主だ。飛行や戦闘で疲れているだろうが、彼のところへ顔を出すべきじゃないか？
PROPQUEST_INC_150191,He’s still at his usual place. You know where that is.,彼はいつもの場所にいるはずだ。どこかは知っているな。
PROPQUEST_INC_150192,You’re back. Good. I can sense good news.,戻ったか。良い。良い知らせの予感がするな。
PROPQUEST_INC_150193,Back to the New World,新世界へ戻る
PROPQUEST_INC_150194,"I was certain, but… to think my research really was correct. I’d love to visit that continent myself, but I need to stay here and handle preparations. Can you go ahead and investigate further?",確信はあったが……まさか自分の研究が本当に正しかったとはな。自分でもあの大陸を訪れたいが、ここに残って準備を進めなければならない。先に行って、さらに調査してくれないか？
PROPQUEST_INC_150195,Thank you. I hope we meet again there soon.,ありがとう。またすぐにあそこで会えることを願っているよ。
PROPQUEST_INC_150196,"You know you’re the only one suited for this. If you change your mind, let me know. I’ll make it worth your while.",これに適しているのはお前しかいないとわかっているだろう。気が変わったら教えてくれ。それだけの価値はあるようにするよ。
PROPQUEST_INC_150197,You’re still here… When do you think you’ll leave?,まだここにいるのか……いつ出発するつもりだ？
PROPQUEST_INC_150198,Back again? What’s going on this time?,また戻ってきたのか？今度は何があったんだ？
PROPQUEST_INC_150199,Chapter 3 Prelude,第3章 プレリュード
PROPQUEST_INC_150200,Meeting with Elders,長老たちとの面会
PROPQUEST_INC_150201,Oh? You want to know more about us?,おや？我々についてもっと知りたいのか？
PROPQUEST_INC_150202,"Then you should speak with the jarl or one of the elders. They’ve lived long and know our history well. However, it won’t be easy for an outsider to meet the jarl. I’ll introduce you to my superior, one of the elders. I’ll tell him in advance so you can go straight to him.",それなら族長か、長老の誰かに話を聞くべきだな。彼らは長く生きていて、我々の歴史をよく知っている。だが、余所者が族長に会うのは簡単ではない。私の上司である長老の一人を紹介しよう。先に話を通しておくから、まっすぐ彼のところへ行ってくれ。
PROPQUEST_INC_150203,Well… you could try finding them on your own too.,まあ……自分で探してみるという手もあるが。
PROPQUEST_INC_150204,"The elder is busy, so if you want to meet him quickly, you should hurry.",長老は忙しい、早く会いたいなら急いだ方がいい。
PROPQUEST_INC_150205,"So, you’re the one the captain mentioned.",なるほど、お前が隊長の言っていた者か。
PROPQUEST_INC_150206,Meet with [Elder] Melak,[長老]メラクに会う
PROPQUEST_INC_150207,Help Muran!,ムランを助けろ！
PROPQUEST_INC_150208,"I don’t mind telling you about our village, but I have a favor to ask first.",我々の村について話すのは構わないが、その前に一つ頼みがある。
PROPQUEST_INC_150209,"As you know, we Muran are at war with the Lycans, and we’re badly outnumbered. I’ve heard you’ve already defeated quite a few of them. While you’re here, I’d like you to support our young warriors.",知っての通り、我々ムランはライカンと戦争状態にあり、数で大きく劣勢だ。お前は既に奴らを何体も倒したと聞いている。ここにいる間、我々の若き戦士たちを支援してもらいたい。
PROPQUEST_INC_150210,"If you have more urgent matters, I understand. You can return when you’re free.",もっと急ぎの用があるなら仕方ない。手が空いた時に戻ってきてくれ。
PROPQUEST_INC_150211,We can continue our talk afterwards.,話の続きはその後にしよう。
PROPQUEST_INC_150212,You’ve done an incredible job.,実に見事な働きだった。
PROPQUEST_INC_150213,Complete 30 daily quests in Eillun Town,エルリウンタウンのデイリークエストを30回完了する
PROPQUEST_INC_150214,Where Is the Mole,スパイはどこに
PROPQUEST_INC_150215,"Thanks to you, life in the village—and even the war—has become a bit more manageable. I should answer your questions as thanks, but… I have one more thing to ask.",お前のおかげで、村での暮らしも——戦況すらも、少し楽になった。礼として質問に答えるべきなんだが……もう一つ頼みがあるんだ。
PROPQUEST_INC_150216,"We suspect there’s a Lycan spy in a high position. Our operations keep getting sabotaged, and supplies for one squad were stolen. Can you investigate and, if possible, get them back?",高い地位にライカンのスパイがいるのではと疑っている。我々の作戦は妨害され続けているし、ある部隊の物資が盗まれたんだ。調査して、できれば取り戻してもらえないか？
PROPQUEST_INC_150217,"I hate to burden you, but there’s no one else I can trust with this.",お前に負担をかけたくはないが、これを任せられるのは他にいないんだ。
PROPQUEST_INC_150218,"The last known location was here. If they’re acting as they usually do, they shouldn’t be far.",最後に確認された場所はここだ。いつも通りに行動しているなら、遠くへは行っていないはずだ。
PROPQUEST_INC_150219,He… he was the spy?,彼が……彼がスパイだったのか？
PROPQUEST_INC_150220,Get 50 Stolen Supplies and 1 Secret Letter,盗まれた物資を50個と秘密の手紙を1通入手する
PROPQUEST_INC_150221,Hunt the Mole,スパイを狩れ
PROPQUEST_INC_150222,"We had reports that he left the village in a hurry, but… to think a village elder would betray us. It’s tragic, but we don’t have enough soldiers to both defend the village and track him. Could you do it?",彼が急いで村を出たという報告は受けていたが……村の長老が我々を裏切るとはな。悲劇だが、村を守りながら彼を追う兵士の余裕がないんだ。お前がやってくれないか？
PROPQUEST_INC_150223,"If possible, bring him back alive. If not… eliminate him. Smaller Kanonicus were carrying stolen supplies and a secret letter. He should still be nearby.",可能なら、彼を生きたまま連れ戻してくれ。無理なら……始末してくれ。小型のライカンアーチャーが盗まれた物資と秘密の手紙を運んでいた。まだ近くにいるはずだ。
PROPQUEST_INC_150224,"Right now, you’re the only one who can move freely. We’ll be waiting.",今、自由に動けるのはお前だけだ。待っているぞ。
PROPQUEST_INC_150225,"We must make an example of this traitor, or the village won’t be safe for long. Please, see it through.",この裏切り者を見せしめにしなければ、村の安全は長く続かないだろう。頼む、最後までやり遂げてくれ。
PROPQUEST_INC_150226,"You did well. Here, I’ve compiled what you were looking for. Take your time reading it—you’ll learn plenty about our history.",よくやってくれた。ほら、お前が探していたものをまとめておいた。ゆっくり読んでくれ——我々の歴史について、多くを学べるはずだ。
PROPQUEST_INC_150227,Kill [Elder] Traitus,[長老]トレイタスを倒す
PROPQUEST_INC_150228,About Muran,ムランについて
PROPQUEST_INC_150229,"Thinking of all the chaos that traitor caused… honestly. Anyway, it seems your name has spread. A lot of people around the village have been asking to meet you. Once you’re done with your own business, why not visit them?",あの裏切り者が引き起こした騒動を思うと…まったく呆れたものだ。それはそうと、お前の名前もすっかり広まったようだな。村のあちこちで、お前に会いたいという者が増えている。自分の用事が済んだら、彼らを訪ねてみてはどうだ？
PROPQUEST_INC_150230,"Of course, take care of your matters first.",もちろん、まずは自分の用事を優先してくれ。
PROPQUEST_INC_150231,Hmm… you have more admirers in the village than you realize.,ふむ…お前が思っている以上に、村にはお前を慕う者が多いようだぞ。
PROPQUEST_INC_150232,I’ve narrowed it down to three or four people for now.,とりあえず、3、4人まで絞り込んでおいた。
PROPQUEST_INC_150233,"Oh, so you’ve learned something about the natives? A book written by the village elder himself… May I see it? I see… very nice work. If you learn anything else, be sure to share it.",おお、この地の民について何か知ることができたのか？村の長老自らが記した本とは…見せてもらってもいいか？…なるほど、実によくできている。他にも何か分かったら、必ず教えてくれ。
PROPQUEST_INC_150234,Bring “All About Muran!” to the Strange Collector,「ムランのすべて！」を奇妙な収集家に届ける
PROPQUEST_INC_150235,Chapter 4 Climax,第4章 クライマックス
PROPQUEST_INC_150236,An Incident! 1,事件発生！1
PROPQUEST_INC_150237,"Ah, you’re the adventurer who’s been helping us. Even though we’re at war, the village itself has always been peaceful… but lately, something feels wrong.",おお、いつもお世話になっている冒険者殿だね。戦争中とはいえ、村自体はずっと平和だったんだが…最近、どうも様子がおかしいんだ。
PROPQUEST_INC_150238,"We’ve heard strange howls, and there are unusual claw marks on the trees in town. If you have time, could you help us investigate?",奇妙な遠吠えが聞こえたり、町の木々に見慣れない爪痕が残っていたりする。もし時間があれば、調査を手伝ってもらえないか？
PROPQUEST_INC_150239,It looks like those Kanonicus have come too close to the village. Could you deal with them?,どうやらライカンアーチャーどもが村に近づきすぎているようだ。奴らを片付けてもらえないか？
PROPQUEST_INC_150240,"If it’s too much trouble, I’ll try to find someone else.",もし手間なら、他の誰かを探すとしよう。
PROPQUEST_INC_150241,"Their usual gathering spot is the place I mentioned earlier. If you head that way, you should find something.",奴らがいつも集まっている場所は、さっき話した通りだ。そちらへ向かえば、何か見つかるはずだ。
PROPQUEST_INC_150242,"Thank you for your hard work. But… even after thinning their numbers, the reports keep coming.",ご苦労だった。だが…数を減らしても、まだ報告が絶えないんだ。
PROPQUEST_INC_150243,Kill 30 Kanonicus,ライカンアーチャーを30体討伐
PROPQUEST_INC_150244,An Incident! 2,事件発生！2
PROPQUEST_INC_150245,"It seems something has already slipped into the village. Our captain must have sensed it too—he’s ordered tighter security. But with so few guards, nobody can spare time to investigate.",すでに何かが村に入り込んでいるようだ。隊長も何かを察したのか、警備を強化するよう命じている。だが守衛の数が少なすぎて、誰も調査に手を割けずにいるんだ。
PROPQUEST_INC_150246,"Could you go around and ask the villagers if they’ve noticed anything strange? Thank you, truly.",村人たちに何か異変に気づいていないか、聞いて回ってもらえないか？本当に助かるよ。
PROPQUEST_INC_150247,"Don’t worry about me, I’ll manage.",私のことは気にしないでくれ、何とかするさ。
PROPQUEST_INC_150248,"I’ve already given you the list, remember? Please look into it.",リストはもう渡しただろう？頼むから調べてくれ。
PROPQUEST_INC_150249,Have I noticed anything weird lately?,最近、何か変わったことに気づいたかって？
PROPQUEST_INC_150250,Meet with Rohan,ロハンに会う
PROPQUEST_INC_150251,An Incident! 3,事件発生！3
PROPQUEST_INC_150252,"Hmm… well, the air feels different.",うーん…なんというか、空気が違う気がするな。
PROPQUEST_INC_150253,"Only Myurang and adventurers live here, but I’ve caught a faint whiff of those wolf fiends. It was stronger near the southern outskirts. Maybe ask Artin? He’s a skilled hunter—he might have noticed more.",ここに住んでいるのはムランと冒険者だけのはずなのに、あの狼の化け物どもの匂いがかすかにする。南の外れの方で特に強く感じたな。アーティンに聞いてみたらどうだ？腕利きの猟師だから、もっと何か気づいているかもしれない。
PROPQUEST_INC_150254,"Other than that? Hmm, let me think…",それ以外か？うーん、考えさせてくれ…
PROPQUEST_INC_150255,"If you’re looking for Artin, head farther south.",アーティンを探しているなら、もっと南へ向かうといい。
PROPQUEST_INC_150256,Something strange lately? Hmm…,最近、何か変なことがあったかって？うーん…
PROPQUEST_INC_150257,Meet with Artin,アーティンに会う
PROPQUEST_INC_150258,An Incident! 4,事件発生！4
PROPQUEST_INC_150259,"Oh, the wolf scent? I’m used to it from the forest, but… now that you mention it, yeah, I’ve noticed it too. sniff Hmm… will you believe me?",ああ、狼の匂いか？森で慣れているつもりだったが…言われてみれば、確かに俺も気づいていた。（くんくん）うーん…信じてもらえるか？
PROPQUEST_INC_150260,"I know it sounds crazy, but… Belia smells like a wolf. Could you check on her for me? I… I just can’t do it myself.",おかしな話だとは分かっているが…ベリアから狼の匂いがするんだ。俺の代わりに様子を見てきてくれないか？俺には…自分では確かめられないんだ。
PROPQUEST_INC_150261,I don’t have the courage to see my friend turn out to be a traitor…,友人が裏切り者だったなんて、確かめる勇気が俺にはないんだ…
PROPQUEST_INC_150262,Belia… please…,ベリア…頼む…
PROPQUEST_INC_150263,Huh? You’re saying I smell like what? What kind of nonsense is that?,は？私が何の匂いがするって？一体何を馬鹿げたことを。
PROPQUEST_INC_150264,Meet with Belia,ベリアに会う
PROPQUEST_INC_150265,An Incident! 5,事件発生！5
PROPQUEST_INC_150266,"(Lycan) Damn it… how did you figure it out? I thought I’d fooled all these clueless cats, thanks to the Scroll of Skrolls our god gave me.",（ライカン）くそ…どうして気づいたんだ？我らが神から授かった「スクロール・オブ・スクロールズ」のおかげで、この鈍い連中を欺けていると思っていたのに。
PROPQUEST_INC_150267,(Lycan) You’ve ruined too many of our plans already. Don’t think you’ll get away so easily. We’ll meet again.,（ライカン）お前にはもう何度も計画を潰されている。そう簡単に見逃すと思うなよ。また会うことになるだろう。
PROPQUEST_INC_150268,(Lycan) You think we’d just let you walk away after uncovering our secret?,（ライカン）我らの秘密を暴いておいて、ただで済むと思っているのか？
PROPQUEST_INC_150269,"What… I don’t remember the past few days at all. Are you saying they did that to me? Adventurer, you saved me. Thank you so much.",え…ここ数日の記憶が全くない。それが奴らの仕業だと言うのか？冒険者殿、助けてくれてありがとう。本当に感謝する。
PROPQUEST_INC_150270,Magic disguises… I never thought they were real. Belia taught our children—who knows what would’ve happened if that Lycan had stayed hidden. Thank you. I’ll report this to the elder.,魔法による変装…そんなものが本当に存在するとは思わなかった。ベリアは我らの子供たちに教えていたんだ。あのライカンがそのまま潜んでいたら、一体どうなっていたことか。ありがとう。この件は長老に報告するとしよう。
PROPQUEST_INC_150271,Obtain “Fragment of Scroll”,「スクロールの断片」を入手
PROPQUEST_INC_150272,A Good Friend Is… 1,良き友とは…1
PROPQUEST_INC_150273,"Adventurer, do you have a moment? It’s about my daughter. Lately she’s been sneaking out of the village, and she refuses to tell us anything at home.",冒険者殿、少し時間はあるか？娘のことなんだが。最近、こっそり村を抜け出しているようで、家では何も話してくれないんだ。
PROPQUEST_INC_150274,"Could you check on her? I’d be relieved if it’s nothing, but something about this feels wrong. Please, I’m begging you.",様子を見てきてもらえないか？何もなければそれで安心なんだが、どうも様子がおかしい気がしてならない。頼む、この通りだ。
PROPQUEST_INC_150275,"If you’re too busy, I understand. Where could she have gone this time…",忙しいなら仕方ない。今度はどこへ行ったのやら…
PROPQUEST_INC_150276,"I’m not sure where exactly, but it looks like she’s been going outside the village.",正確な場所は分からないが、どうやら村の外に出ているようだ。
PROPQUEST_INC_150277,My parents sent you?,両親がお前を寄越したのか？
PROPQUEST_INC_150278,Meet with Kaela,ケイラに会う
PROPQUEST_INC_150279,A Good Friend Is… 2,良き友とは…2
PROPQUEST_INC_150280,"Ha, they barely know me better than some stranger, and now they suddenly care? Huh… Outside? Did I say something about that? No… I don’t remember.",はっ、他人よりちょっとマシに私を知ってる程度のくせに、今さら心配するわけ？…外だって？そんなこと言ったっけ？いや…覚えてないな。
PROPQUEST_INC_150281,"Ugh, fine, whatever. Yeah, I’ve been hanging out with the wolves. The other kids here don’t get me, and this village is doomed sooner or later. What’s the point? If you want to drag me back, then deal with all my friends first.",はぁ、もういいわ。そうよ、狼たちとつるんでたの。ここの子たちは私のことなんて理解してくれないし、この村だってどうせ長くは持たない。意味なんてないでしょ。私を連れ戻したいなら、まず私の友達全員を相手にしてもらうから。
PROPQUEST_INC_150282,Hah! Chickened out already?,はっ！もうビビったの？
PROPQUEST_INC_150283,"If you can’t do it, just pretend you never saw me and walk away.",できないなら、私なんて見なかったふりをして立ち去ればいいわ。
PROPQUEST_INC_150284,I-I’m sorry… Just… please don’t hurt me…,ご、ごめんなさい…お願いだから…痛いことはしないで…
PROPQUEST_INC_150285,Kill 5 Captain Kyouchish and obtain 1 “Lycan Orders”,キャプテン・ライカンセンチネルを5体討伐し、「ライカンの命令書」を1個入手
PROPQUEST_INC_150286,A Good Friend Is… 3,良き友とは…3
PROPQUEST_INC_150287,W-What? I said I was wrong already. What now? You want me to read this?,な、何よ？もう間違ってたって認めたじゃない。今度は何？これを読めって言うの？
PROPQUEST_INC_150288,"Fine, hand it over.",分かったわよ、よこして。
PROPQUEST_INC_150289,What do you want now?,今度は何の用？
PROPQUEST_INC_150290,"Alright, alright, I’m reading it.",はいはい、読めばいいんでしょ。
PROPQUEST_INC_150291,"“Find a foolish child, play along, and turn them into a perfect puppet to sow chaos in the village.” So I was just a piece in their stupid game…? Ugh… I can’t believe I fell for it. You want me to go home and apologize to my parents? Tch, I already know that much.",「愚かな子供を見つけ、調子を合わせ、村に混乱をもたらす完璧な操り人形に仕立て上げよ」……つまり私は、あいつらのくだらないゲームの駒に過ぎなかったってわけ…？はぁ…まんまと引っかかったなんて信じられない。家に帰って両親に謝れって言いたいんでしょ。ちっ、そんなことくらい分かってるわよ。
PROPQUEST_INC_150292,Bring “Lycan Orders” to Kaela,「ライカンの命令書」をケイラに届ける
PROPQUEST_INC_150293,New Survivor of the Expedition? 1,遠征隊の新たな生存者？1
PROPQUEST_INC_150294,"Oh, adventurer, do you have a moment? You’re looking for traces of the vanished expedition, right?",おお、冒険者殿、少し時間はあるか？消えた遠征隊の手がかりを探しているんだったな？
PROPQUEST_INC_150295,"While hunting, I found tracks that didn’t belong to Myurang or Lycan. Interested?",狩りをしている最中、ムランのものでもライカンのものでもない足跡を見つけたんだ。興味はあるか？
PROPQUEST_INC_150296,"Here, I’ll mark the spot for you.",ほら、場所に印をつけておいてやろう。
PROPQUEST_INC_150297,"No worries. I’ll keep a record of it, so come back whenever you want the location again.",気にするな。記録は残しておくから、また場所が必要になったらいつでも訪ねてくれ。
PROPQUEST_INC_150298,Did you forget where it is?,場所を忘れてしまったのか？
PROPQUEST_INC_150299,"Well… that’s not exactly what I saw, but…",うーん…私が見たものとは、ちょっと違う気がするが…
PROPQUEST_INC_150300,Obtain a “Pitch-black Sphere”,「漆黒の球体」を入手
PROPQUEST_INC_150301,New Survivor of the Expedition? 2,遠征隊の新たな生存者？2
PROPQUEST_INC_150302,"No matter how I look at it, those tracks aren’t ours, and they don’t match those wolf fiends either.",どう見ても、あの足跡は我々のものでもないし、あの狼の化け物どものものとも一致しない。
PROPQUEST_INC_150303,I don’t think there’s much more I can tell you. Maybe ask someone who actually knows about the expedition. See if anyone recognizes this.,これ以上教えられることはなさそうだ。遠征隊について実際に詳しい者に聞いてみるといい。これに見覚えがある者がいないか、確かめてくれ。
PROPQUEST_INC_150304,I doubt anyone in this village could help.,この村に力になれる者がいるとは思えないが。
PROPQUEST_INC_150305,Do you have someone in mind?,誰か心当たりでもあるのか？
PROPQUEST_INC_150306,Was something like this among the expedition supplies?,遠征隊の物資の中に、こんなものはなかったか？
PROPQUEST_INC_150307,New Survivor of the Expedition? 3,遠征隊の新たな生存者？3
PROPQUEST_INC_150308,"No… I’ve never seen anything like this. Everything that was on the ship is listed here, and there’s nothing even close to this strange object.",いや…こんなものは見たことがない。船に積まれていたものは全てここに記録してあるが、この奇妙な物体に近いものすら存在しない。
PROPQUEST_INC_150309,Hmm… this doesn’t look ordinary. You should ask a historian.,うーん…これはただ者ではなさそうだ。歴史学者に聞いてみるといい。
PROPQUEST_INC_150310,Let’s see… Who might know about something like this…,そうだな…こういうものに詳しいのは、一体誰だろうか…
PROPQUEST_INC_150311,It looks like the expedition really was wiped out. There’s nothing left of them.,遠征隊は本当に全滅してしまったようだ。彼らの痕跡は何一つ残っていない。
PROPQUEST_INC_150312,"Where did you find this? The seal is still intact, so that’s good—but this artifact is dangerous. For now, you’re not ready to know more. Get stronger, and I’ll tell you when the time is right.",これをどこで見つけたのだ？封印がまだ無事なのは幸いだが…この遺物は危険なものだ。今のお前には、まだこれ以上知る準備ができていない。もっと力をつけてくれ。頃合いが来たら教えよう。
PROPQUEST_INC_150313,Meet with [Historian] Martinyc,[歴史学者]マルティニークに会う
PROPQUEST_INC_150314,Searching for Parents 1,両親を探して 1
PROPQUEST_INC_150315,"Do you have a moment? I’ve seen how much you’ve helped the village, so I was hoping you could help me too.",少し時間はあるか？お前がどれほど村のために尽くしてくれたか見てきた。だから、私のことも手伝ってもらえたらと思ってな。
PROPQUEST_INC_150316,"My grandfather is the jarl, but my father was exiled and sent on a mission… he never returned. I fear they sent him to die. Please help me find his remains.",私の祖父はジャールだが、父は追放され、任務に送り出された…そのまま戻ってこなかった。死ぬと分かっていて送られたのではないかと恐れている。父の遺骸を見つける手伝いをしてくれ。
PROPQUEST_INC_150317,I see… then I’ll have to go alone. Thank you for at least listening.,そうか…なら私一人で行くしかないな。せめて話を聞いてくれてありがとう。
PROPQUEST_INC_150318,His last known destination… was there.,父が最後に向かった場所は…そこだった。
PROPQUEST_INC_150319,Father… in the end…,父さん…結局…
PROPQUEST_INC_150320,Obtain “???’s Serial Chain”,「???の連結鎖」を入手
PROPQUEST_INC_150321,Searching for Parents 2,両親を探して 2
PROPQUEST_INC_150322,But… was that all? He loved writing things down. There must be something more.,だが…それだけだったのか？父は物を書き記すのが好きだった。まだ何かあるはずだ。
PROPQUEST_INC_150323,Thank you so much. Anything you can find—no matter how small—would mean the world to me.,本当にありがとう。どんな些細なことでもいい、見つけてもらえたら私にとって何よりも大切なことなんだ。
PROPQUEST_INC_150324,"It’s alright. You’ve already done a lot. But if you ever change your mind, please come back.",いいんだ。もう十分やってくれた。でも気が変わったら、また戻ってきてくれ。
PROPQUEST_INC_150325,There’s really nothing else? Ah…,本当に他には何もないのか？ああ…
PROPQUEST_INC_150326,This handwriting… it’s definitely my father’s. Thank you so much. It looks like he tried to write in code. I need to decode it right away.,この筆跡…間違いなく父のものだ。本当にありがとう。暗号で書こうとしていたようだな。すぐに解読しなければ。
PROPQUEST_INC_150327,Obtain “???’s Diary”,「???の日記」を入手
PROPQUEST_INC_150328,To the Jarl,ジャールのもとへ
PROPQUEST_INC_150329,"So, you’re that adventurer. Thanks to you, the village is finally settling down. Because of that—or maybe because he suddenly has time—the jarl wants to meet you. I’ll put in a good word, so go see him when you can.",ああ、お前があの冒険者か。おかげで村もようやく落ち着いてきた。そのせいか、それとも急に暇ができたからか、ジャールがお前に会いたがっている。私からも口添えしておくから、都合のいい時に会いに行ってくれ。
PROPQUEST_INC_150330,"If your people want to form ties with our village, you’ll need his approval anyway.",お前たちが我が村と繋がりを持ちたいなら、どのみち彼の承認が必要になる。
PROPQUEST_INC_150331,"Well then, come back when you’re free.",それでは、暇ができたら戻ってきてくれ。
PROPQUEST_INC_150332,"You still haven’t gone? He may be an old man with little to do, but you should probably hurry.",まだ行っていないのか？暇を持て余した老人とはいえ、急いだ方がいいぞ。
PROPQUEST_INC_150333,"So, you’re the adventurer I’ve heard so much about.",ああ、お前が噂に聞く冒険者か。
PROPQUEST_INC_150334,Obtain “???’s Serial Diary”,「???の連続日記」を入手
PROPQUEST_INC_150335,Prelude to the Counterattack,反撃の前奏曲
PROPQUEST_INC_150336,"Thanks to you, we were finally able to breathe. And those Lycans… they never imagined an adventurer would appear, so now they’re on the back foot. This is our chance. Will you help us?",お前のおかげで、ようやく一息つくことができた。それにライカンどもは、まさか冒険者が現れるとは思っていなかったようで、今や守勢に回っている。今がまさに好機だ。力を貸してくれるか？
PROPQUEST_INC_150337,"Before we start a full-scale battle, I need you to deal with the Kanonicus.",本格的な戦いを始める前に、ライカンアーチャーどもを片付けてもらいたい。
PROPQUEST_INC_150338,"I have to admit, your strength is impressive. We can’t afford to let you go just yet.",正直、お前の強さには感心する。まだ手放すわけにはいかないな。
PROPQUEST_INC_150339,The enemy’s gathering point is here.,敵の集結地点はここだ。
PROPQUEST_INC_150340,Hahaha! The war against the Lycans is ours to win now. We owe you a great deal.,ハハハ！これでライカンとの戦、勝利は我々のものだ。お前には大きな借りができたな。
PROPQUEST_INC_150341,Kill 40 Kanonicus,ライカンアーチャーを40体討伐
PROPQUEST_INC_150342,Pursuit,追撃
PROPQUEST_INC_150343,"Thanks to your work, we launched a surprise attack and sent them running. We even found some who couldn’t keep up. Would you finish them off and send them to their gods?",お前の働きのおかげで、奇襲をかけて奴らを敗走させることができた。中にはついていけずに取り残された者もいる。奴らを仕留めて、神のもとへ送ってやってくれないか？
PROPQUEST_INC_150344,We’re moving to chase down the main force.,我々は本隊を追撃するために移動する。
PROPQUEST_INC_150345,But we don’t have spare troops to deal with the stragglers.,だが、はぐれた者たちを相手にする余力がないんだ。
PROPQUEST_INC_150346,Perfect. We’ll leave them to you and continue the pursuit.,ちょうどいい。奴らはお前に任せて、我々は追撃を続けよう。
PROPQUEST_INC_150347,"Oh, you did it?",おお、やってくれたのか？
PROPQUEST_INC_150348,Kill 10 Captain Kanonicus,キャプテン・ライカンアーチャーを10体討伐
PROPQUEST_INC_150349,Mission Failed,任務失敗
PROPQUEST_INC_150350,"It’s embarrassing to admit, but… unlike you, we failed. We tried to trap them in a tight spot and wipe them out, but a mage suddenly appeared. Those beasts shouldn’t be capable of magic.",情けない話だが…お前と違って、我々は失敗した。奴らを追い詰めて一掃しようとしたが、突然魔法使いが現れたんだ。あの獣どもが魔法を使えるはずがないのに。
PROPQUEST_INC_150351,"We need to regroup our forces, so… could you handle them in our place?",我々は部隊を立て直す必要がある。だから…代わりに奴らを片付けてもらえないか？
PROPQUEST_INC_150352,"I understand. If you change your mind, please come back.",分かった。気が変わったら、また戻ってきてくれ。
PROPQUEST_INC_150353,Thank you. We’ll wait for good news.,ありがとう。良い知らせを待っているぞ。
PROPQUEST_INC_150354,Excellent work.,見事な働きだ。
PROPQUEST_INC_150355,Kill 30 Small Mage Redclouds,スモール・ライカンソーサラーを30体討伐
PROPQUEST_INC_150356,Back to Town,町への帰還
PROPQUEST_INC_150357,"The Lycans resisted fiercely, so the jarl has returned to town for now.",ライカンどもの抵抗が激しく、ジャールはひとまず町へ戻った。
PROPQUEST_INC_150358,Let’s go back as well. I was ordered to wait here and report to you when you returned.,我々も戻るとしよう。お前が戻ってきたら報告するよう、ここで待つよう命じられていたんだ。
PROPQUEST_INC_150359,"If you have other business, feel free to handle it first. Nothing around here is a real threat to you anymore.",他に用事があるなら、先に片付けてくれて構わない。この辺りにお前にとって本当の脅威になるものは、もう残っていないはずだ。
PROPQUEST_INC_150360,The jarl? He’s probably back at the town quarters.,ジャールか？おそらく町の宿舎に戻っているはずだ。
PROPQUEST_INC_150361,I can’t thank you enough for everything.,何もかも、感謝してもしきれないよ。
PROPQUEST_INC_150362,Meet with the Jarl,ジャールに会う
PROPQUEST_INC_150363,Covering Fire,援護射撃
PROPQUEST_INC_150364,"I know you just got back, but could I ask a favor? An elder leading our retreat requested reinforcements. Can you go help them escape safely?",戻ってきたばかりなのは分かっているが、頼みがあるんだ。撤退を率いる長老の一人が援軍を要請してきた。彼らが無事に逃げられるよう、力を貸してもらえないか？
PROPQUEST_INC_150365,That’s a relief. Thank you.,それは助かる。ありがとう。
PROPQUEST_INC_150366,"It won’t be easy, but you’re the only one I can send. It’s troubling.",楽な仕事ではないが、送り出せるのはお前しかいないんだ。困ったものだな。
PROPQUEST_INC_150367,The elder should be waiting for you there.,長老がそこで待っているはずだ。
PROPQUEST_INC_150368,Who’s there? Come out and identify yourself!,誰だ！名を名乗って出てこい！
PROPQUEST_INC_150369,Meet with [Elder] Silar,[長老]サイラーに会う
PROPQUEST_INC_150370,Conflicted Orders,食い違う命令
PROPQUEST_INC_150371,"Ah, you must be the adventurer. What brings you here? Reinforcements? I never sent such a request. Who told you that?",ああ、お前があの冒険者だな。何をしに来た？援軍だと？そんな要請を送った覚えはないが。誰がそんなことを？
PROPQUEST_INC_150372,(Wolf howls) What was that? Is someone out there?,（狼の遠吠え）今のは何だ？誰かいるのか？
PROPQUEST_INC_150373,What is that man thinking…? He’s always been suspicious.,あの男、一体何を考えているんだ…？昔から怪しい奴だった。
PROPQUEST_INC_150374,Why aren’t you checking the situation outside? What’s going on?,なぜ外の様子を確認していないんだ？一体どうなっている？
PROPQUEST_INC_150375,"No, outside…! A whole group of Lycan mages appeared out of nowhere.",いや、外に…！ライカンの魔法使いの群れが、どこからともなく現れたんだ。
PROPQUEST_INC_150376,Meet with [Eillun Guard] Dreon,[エルリウン衛兵]ドレオンに会う
PROPQUEST_INC_150377,Chaos,混乱
PROPQUEST_INC_150378,"We’ve been covering our tracks while retreating. There’s no way the Lycans should’ve found us. We’ll hold as long as we can. Please, report our situation to the elder.",撤退しながら痕跡を消してきた。ライカンどもが我々を見つけられるはずがないんだ。できる限り持ちこたえる。頼む、この状況を長老に報告してくれ。
PROPQUEST_INC_150379,Grr… Huh… Please hurry!,うぐ…くっ…早く頼む！
PROPQUEST_INC_150380,Please! We can’t last much longer alone.,頼む！我々だけではもう長く持たない。
PROPQUEST_INC_150381,We won’t hold out for long.,もう長くは持ちこたえられない。
PROPQUEST_INC_150382,The Lycans… are they swarming again?,ライカンどもが…また群れを成しているのか？
PROPQUEST_INC_150383,Trap,罠
PROPQUEST_INC_150384,"Something has gone terribly wrong. We’ve clearly walked into a trap. The jarl may be shady, but he wouldn’t abandon his own people… or would he? Where did the information leak?",何かとんでもないことが起きている。明らかに罠にかかったんだ。ジャールは怪しいところもあるが、自分の民を見捨てるはずが…いや、そうだろうか？一体どこから情報が漏れたんだ？
PROPQUEST_INC_150385,"For now, we need to deal with the enemies in front of us. Can I count on you?",今はまず、目の前の敵を片付けなければ。頼りにしていいか？
PROPQUEST_INC_150386,Thank you. We’ll talk more after this is over.,ありがとう。この件が片付いたら、また詳しく話そう。
PROPQUEST_INC_150387,Hmph… but we don’t really have another choice.,ふん…とはいえ、他に選択肢もなさそうだ。
PROPQUEST_INC_150388,"If you take down a few, the rest will fall apart. Their patterns are predictable.",何体か倒せば、残りは崩れるはずだ。奴らの動きは読みやすい。
PROPQUEST_INC_150389,Kill 20 Mage Redclouds,ライカンソーサラーを20体討伐
PROPQUEST_INC_150390,"Again, the Town",再び、町へ
PROPQUEST_INC_150391,Thinking about it… those Lycans are mages. They might have tracked us with some kind of magic. Or… maybe the jarl really did abandon us.,考えてみれば…あのライカンどもは魔法使いだ。何らかの魔法で我々を追跡していたのかもしれない。それとも…本当にジャールが我々を見捨てたのか。
PROPQUEST_INC_150392,One of our scouts reported a pack of Lycans heading toward the village. Please go help defend it.,斥候の一人が、ライカンの群れが村へ向かっていると報告してきた。防衛に力を貸してくれ。
PROPQUEST_INC_150393,I’m glad you’ve come.,来てくれて助かった。
PROPQUEST_INC_150394,We might not have much time left.,もう時間があまり残されていないかもしれない。
PROPQUEST_INC_150395,I’ll follow as soon as I can.,できるだけ早く後を追う。
PROPQUEST_INC_150396,"You arrived just in time. Without you, the village would have been in serious danger.",ちょうど間に合ったな。お前がいなければ、村は深刻な危機に陥っていただろう。
PROPQUEST_INC_150397,Kill 20 Captain Mage Redclouds,キャプテン・ライカンソーサラーを20体討伐
PROPQUEST_INC_150398,Reunion 1,再会 1
PROPQUEST_INC_150399,"If we’d tried to hold them off from inside, they probably would’ve broken through. With their forces this weakened, they shouldn’t have many left.",中から食い止めようとしていたら、おそらく突破されていただろう。ここまで戦力を削がれた以上、奴らにもう多くは残っていないはずだ。
PROPQUEST_INC_150400,"Once things calm down, we’re planning a counterattack. Would you help us again? Oh, and before that, some villagers have been looking for you. They want to thank you personally.",事態が落ち着き次第、反撃を計画している。またお前の力を貸してもらえないか？ああ、それとその前に、何人かの村人がお前を探していたぞ。直接お礼を言いたいそうだ。
PROPQUEST_INC_150401,Why don’t you visit [Eillun Guard] Gard first? I heard you helped him a lot—and he might be preparing something big for you.,まずは[エルリウン衛兵]ガードのところを訪ねてみてはどうだ？彼をだいぶ助けたと聞いている——お前のために何か大きなものを用意しているかもしれないぞ。
PROPQUEST_INC_150402,"You’ve done more than enough, so don’t feel pressured.",もう十分すぎるほどやってくれた。気負う必要はないぞ。
PROPQUEST_INC_150403,Have you met them yet? Even I don’t know what they’ve prepared for you.,もう会ったか？彼らが何を用意しているのか、私にも分からないんだ。
PROPQUEST_INC_150404,"You’ve worked incredibly hard. Every battle was tough, but I’m sure you’ll bring us victory again. This isn’t much, but please accept it.",本当によく頑張ってくれた。どの戦いも厳しいものだったが、お前ならまた勝利をもたらしてくれると確信している。大したものではないが、受け取ってくれ。
PROPQUEST_INC_150405,Meet with [Eillun Guard] Gard,[エルリウン衛兵]ガードに会う
PROPQUEST_INC_150406,Reunion 2,再会 2
PROPQUEST_INC_150407,Did you enjoy meeting [Eillun Guard] Gard? I wonder who’s waiting for you next.,[エルリウン衛兵]ガードとの再会はどうだった？次は誰が待っているのかな。
PROPQUEST_INC_150408,"This time it’s Kaela. I don’t know exactly what she’s planning, but I’d say you’re in for something interesting.",今度はケイラだ。彼女が何を企んでいるかは分からないが、面白いことになりそうだぞ。
PROPQUEST_INC_150409,No need to rush—take your time.,急ぐ必要はない、ゆっくりでいい。
PROPQUEST_INC_150410,"Have you met her yet? Honestly, I have no idea what she’s up to.",もう会ったか？正直、彼女が何をしているのかさっぱり分からないんだ。
PROPQUEST_INC_150411,"Ugh, I’ve stopped causing trouble for Mom and Dad, so stop looking at me like that.",はぁ、もうパパとママに迷惑をかけるのはやめたんだから、その目で見ないでよ。
PROPQUEST_INC_150412,Reunion 3,再会 3
PROPQUEST_INC_150413,Hope you had fun with Kaela. Who do you think is next?,ケイラとの時間は楽しめたか？次は誰だと思う？
PROPQUEST_INC_150414,"Now it’s Livia’s turn. I’m not sure what she has planned either, but I’m sure it’ll be something special.",今度はリヴィアの番だ。彼女が何を企んでいるかは私も分からないが、きっと特別なものになるだろう。
PROPQUEST_INC_150415,There’s no hurry. Go when you’re ready.,急ぐことはない。準備ができたら行ってくれ。
PROPQUEST_INC_150416,Have you met her yet? I really have no idea what’s coming next.,もう会ったか？この先何が起きるのか、私にも全く見当がつかないよ。
PROPQUEST_INC_150417,"So in the end, that turned out to be something completely different… In any case, I can only imagine how much you’ve endured for us, even though we aren’t of the same kind. This is just a small token of our gratitude. Please accept it.",結局、それは全く別のものだったのね…とにかく、種族が違うにもかかわらず、あなたが私たちのためにどれほど耐えてくれたか、想像することしかできないわ。これはほんの感謝のしるしよ。受け取ってちょうだい。
PROPQUEST_INC_150418,Meet with Livia,リヴィアに会う
PROPQUEST_INC_150419,Reunion 4,再会 4
PROPQUEST_INC_150420,"Well, I think this will be your final visitor. Any guesses who?",さて、これが最後の訪問者になると思うが。誰だか見当はつくか？
PROPQUEST_INC_150421,"Taila is next. Whatever happens, I have a feeling it will be something meaningful.",次はタイラだ。何が起こるにせよ、意味のあることになる気がするな。
PROPQUEST_INC_150422,Don’t feel pressured. Go at your own pace.,気負う必要はない。自分のペースで行ってくれ。
PROPQUEST_INC_150423,Did you meet her? I still don’t know what she’s planning.,彼女に会ったか？私にはまだ何を考えているのか分からないが。
PROPQUEST_INC_150424,"Thanks to you, adventurer, I found my parents’ hidden will. My father exposed the jarl’s crimes, and my grandfather had him killed. Branded a traitor, he was nearly murdered. Please avenge them. Take this, and let it fuel your revenge.",冒険者、あなたのおかげで両親が隠していた遺言を見つけたわ。父はジャールの罪を暴こうとして、祖父に殺されかけたの。裏切り者の烙印を押されて。二人の仇を討って。これを受け取って、復讐の力にして。
PROPQUEST_INC_150425,Meet with Taila,タイラに会う
PROPQUEST_INC_150426,Chapter 5 The Final Chapter,第5章 最終章
PROPQUEST_INC_150427,This Is Nothing,これしきのこと
PROPQUEST_INC_150428,"So, you’ve met everyone now? The Lycans are moving faster than we expected. I thought they’d need more time to regroup, but they’re already organizing their forces.",そうか、もう全員と会ったのか？ライカンどもは予想より早く動いている。立て直すのにもっと時間がかかると思っていたが、すでに戦力を組織し始めているぞ。
PROPQUEST_INC_150429,"If we let them gather any more, things will become much harder. Could you go ahead and disrupt their plans?",これ以上集結を許せば、事態は一段と厄介になる。先回りして、奴らの計画を潰してもらえないか？
PROPQUEST_INC_150430,Thank you. I couldn’t ask for a more reliable ally.,ありがとう。これ以上頼りになる味方はいないよ。
PROPQUEST_INC_150431,"If we hesitate, everything we’ve built could collapse. I’m counting on you.",ここで躊躇すれば、これまで築いてきたものが全て崩れかねない。頼りにしているぞ。
PROPQUEST_INC_150432,Here’s where we expect them to be.,奴らがいると思われる場所はここだ。
PROPQUEST_INC_150433,You’ve done wonderfully.,実に見事な働きだった。
PROPQUEST_INC_150434,Kill 30 Small Taiahas,スモール・ライカンウォーリアーを30体討伐
PROPQUEST_INC_150435,Toward the Final Battle,最終決戦へ
PROPQUEST_INC_150436,Leave the rest to us.,残りは我々に任せてくれ。
PROPQUEST_INC_150437,"Elder Ayr is urgently looking for you, so you should go see him.",長老エアが急いでお前を探している。会いに行った方がいい。
PROPQUEST_INC_150438,We can clean up what’s left on our own.,残ったものは我々だけで片付けられる。
PROPQUEST_INC_150439,"I didn’t catch all the details, but it sounded important.",詳しい内容までは聞いていないが、重要な話のようだった。
PROPQUEST_INC_150440,"Welcome back, adventurer.",おかえり、冒険者。
PROPQUEST_INC_150441,Meet with [Elder] Ayr,[長老]エアに会う
PROPQUEST_INC_150442,Counterattack,反撃
PROPQUEST_INC_150443,"I heard from [Captain] Baron that your ambush went well. Thanks to you, the enemy is completely confused. We can’t waste this chance. We’ll launch a diversion. In the meantime, can you handle the Taiaha?",[隊長]バロンから、待ち伏せがうまくいったと聞いたぞ。お前のおかげで、敵は完全に混乱している。この機会を無駄にはできない。我々は陽動を仕掛ける。その間、ライカンウォーリアーの相手を頼めるか？
PROPQUEST_INC_150444,That’s reassuring.,それは頼もしいな。
PROPQUEST_INC_150445,Hmm. Do you have a different suggestion?,うーむ。何か他に案があるのか？
PROPQUEST_INC_150446,Good. I’ll be waiting for more good news.,よし。さらなる良い知らせを待っているぞ。
PROPQUEST_INC_150447,Excellent work.,見事な働きだ。
PROPQUEST_INC_150448,Kill 30 Taiahas,ライカンウォーリアーを30体討伐
PROPQUEST_INC_150449,Traitor,裏切り者
PROPQUEST_INC_150450,"Our operation was a success as well, but… some soldiers say they saw the jarl in the enemy’s camp, retreating with them. Now their morale is shaken.",我々の作戦も成功した。だが…何人かの兵士が、ジャールが敵の陣営にいて、共に撤退するのを見たと言っている。おかげで士気が揺らいでいるんだ。
PROPQUEST_INC_150451,"I knew he was scheming, but to see him betray his own people… This will be our next move.",何か企んでいるとは思っていたが、まさか自分の民を裏切るとはな…次はこれで動こう。
PROPQUEST_INC_150452,"The soldiers will never fight at full strength while that traitor is free. You must track him down. There will be Lycans along his escape route, including Captain Taiaha, but I doubt they’ll be a problem for you.",あの裏切り者が野放しのままでは、兵士たちが全力で戦えることはないだろう。奴を追い詰めてくれ。逃走経路にはキャプテン・ライカンウォーリアーを含むライカンどもがいるはずだが、お前には問題にならないだろう。
PROPQUEST_INC_150453,"Hmm… I may have to send the soldiers instead. If you change your mind, come back.",うーむ…代わりに兵士を送ることになるかもしれないな。気が変わったら戻ってきてくれ。
PROPQUEST_INC_150454,I’m counting on you. I trust you with this mission.,頼りにしているぞ。この任務、お前に託す。
PROPQUEST_INC_150455,"Thank you for your efforts, sir. I’m Merk, a scout ordered to track the traitor by the Elder.",ご苦労様です。私はメルク、長老の命で裏切り者を追跡している斥候です。
PROPQUEST_INC_150456,Meet with [Eillun Scout] Merk,[エルリウン斥候]メルクに会う
PROPQUEST_INC_150457,Bad News,悪い知らせ
PROPQUEST_INC_150458,"The Lycan forces keep growing, and their numbers make it hard to get close. I… lost sight of the target. This area is under Chief Keokuk’s direct control, so getting any closer is almost impossible.",ライカンの戦力は増える一方で、数が多すぎて近づくことすら難しい状態です。私は…対象を見失ってしまいました。この一帯はライカンバルガが直接支配しているため、これ以上近づくのはほぼ不可能です。
PROPQUEST_INC_150459,"The fact that the traitor went this far suggests they’re more closely allied than we thought. In any case, we’ll have to defeat this enemy to uncover any proof.",裏切り者がここまで入り込んでいるということは、思っていた以上に奴らと深く結びついているということだ。いずれにせよ、証拠を得るにはこの敵を倒す必要がある。
PROPQUEST_INC_150460,"Thank you. Once you secure evidence, I think you should return to the Elder.",ありがとうございます。証拠を確保したら、長老のもとへ戻るべきかと思います。
PROPQUEST_INC_150461,This is the best plan I can think of. Do you have a better one?,これが私に考えつく最善の策だ。他に良い案があるか？
PROPQUEST_INC_150462,I’ll be waiting.,待っているぞ。
PROPQUEST_INC_150463,"Aside from the jarl, this war is finally over. With that stinking giant defeated, the fighting is truly finished. It took far too long. Thank you for bringing this war to an end.",ジャールのことを除けば、この戦はようやく終わった。あの臭い巨人を倒したことで、戦いは本当に終わりを迎えたんだ。あまりにも長くかかりすぎた。この戦を終わらせてくれて、ありがとう。
PROPQUEST_INC_150464,Kill 1 Chief Keokuk and obtain “Chief Keokuk’s Notebook”,ライカンバルガを1体討伐し、「ライカンバルガの手記」を入手
PROPQUEST_INC_150465,The Ever-Turning Vicious Cycle of Blood,血に染まる終わらぬ悪循環
PROPQUEST_INC_150466,Chief Keokuk had this? What madness. So this war was just a game played by him and the traitor…,ライカンバルガがこれを持っていたのか？なんて狂気だ。つまりこの戦は、奴とあの裏切り者が仕組んだ茶番だったということか…
PROPQUEST_INC_150467,"The Lycans worship the demon Ankou as their god. The traitor must have made a deal, selling us out to fuel this war. To fully summon a demon, a great amount of blood is required.",ライカンどもは悪魔ベヒモスを神として崇めている。裏切り者は取引を交わし、この戦を煽るために我々を売ったに違いない。悪魔を完全に召喚するには、大量の血が必要となる。
PROPQUEST_INC_150468,"According to the note you brought, they’ve already attempted the summoning, but it’s incomplete. Their final goal must be to complete that abomination.",お前が持ち帰った手記によれば、奴らはすでに召喚を試みているが、まだ不完全なようだ。奴らの最終目標は、あの忌まわしきものを完成させることに違いない。
PROPQUEST_INC_150469,"At the edge of the continent lies Ankou’s sealed asylum. If the traitor is there, it’s up to you whether to kill him or bring him back. Please, put an end to this insanity.",大陸の果てには、ベヒモス神殿がある。もしそこに裏切り者がいたら、殺すも連れ戻すもお前次第だ。頼む、この狂気に終止符を打ってくれ。
PROPQUEST_INC_150470,"You are a hero of Muran. You must finish this. If this continues, the whole continent will be soaked in blood.",お前はムランの英雄だ。これを終わらせなければならない。このまま続けば、大陸全体が血に染まってしまう。
PROPQUEST_INC_150471,"You’ve already done so much, but if I may, I’d like to ask you once more.",すでに十分すぎるほどやってもらったが、もし可能なら、もう一度頼みたいことがある。
PROPQUEST_INC_150472,I pray this ends without more tragedy.,これ以上の悲劇なく終わることを祈るよ。
PROPQUEST_INC_150473,So… you’ve come all the way here.,そうか…ついにここまで来たか。
PROPQUEST_INC_150474,Go to Ankou’s Asylum,ベヒモス神殿へ向かう
PROPQUEST_INC_150475,Climax,クライマックス
PROPQUEST_INC_150476,"Do I look pathetic to you? A traitor, betrayed and left to die… What would an outsider like you understand? Do you have any idea how much torment I’ve endured to get this far? No, explaining is pointless. In the end, we all meet the same fate.",私が哀れに見えるか？裏切り者と呼ばれ、裏切られて死にかけた男が…お前のような部外者に何が分かる？ここまで来るのに、どれほどの苦しみに耐えてきたか分かるか？いや、説明したところで無意味だな。結局、誰もが同じ運命をたどるのだから。
PROPQUEST_INC_150477,Go on. Ankou will give you peace. My granddaughter wanted revenge? Ha. I lost my wife long ago and never had a child—how could I have a granddaughter? Kuhuhu… so even you… (dies),さあ、行くがいい。ベヒモスが安らぎを与えてくれるだろう。孫娘が復讐を望んでいた？はっ。妻はとうの昔に亡くし、子供を持ったこともないというのに——孫娘などいるはずがなかろう。くくく…そうか、お前も…（絶命）
PROPQUEST_INC_150478,What’s wrong? Are you afraid now that you have to face a demon? It’s too late for that.,どうした？いざ悪魔と対峙するとなって怖気づいたか？今さら遅いぞ。
PROPQUEST_INC_150479,(He’s dead.),（彼は絶命している。）
PROPQUEST_INC_150480,What happened? Is Ankou defeated? The handwriting on this page… so the traitor is gone as well.,何が起きたんだ？ベヒモスが倒されたのか？このページの筆跡…では、あの裏切り者もいなくなったということか。
PROPQUEST_INC_150481,Defeat Ankou and obtain “Jarl’s Diary”,ベヒモスを討伐し、「ジャールの日記」を入手
PROPQUEST_INC_150482,Peace at Last?,ようやく訪れた平和？
PROPQUEST_INC_150483,"Incredible. It may not have been a fully summoned demon, but you still defeated it. The jarl had a family? He lost his wife ages ago and never had any children.",信じられん。完全に召喚された悪魔ではなかったとはいえ、それでも倒してしまうとは。ジャールに家族がいただと？妻はとうの昔に亡くし、子供も持たなかったはずなのに。
PROPQUEST_INC_150484,"Whatever the truth, you’ve saved this land from the demon and those filthy beasts. You have my deepest thanks. Trade with your continent? Of course. I fully support it. I’ll guarantee free passage for anyone coming to our village. Take this approval token.",真実がどうであれ、お前はこの地を悪魔とあの汚らわしい獣どもから救ってくれた。心から感謝する。お前の大陸との交易か？もちろんだ。全面的に支持しよう。我が村を訪れる者には、自由な通行を保証する。この承認の証を受け取ってくれ。
PROPQUEST_INC_150485,I’m looking forward to it. I wonder what kind of heroes will come next.,楽しみにしているよ。次はどんな英雄がやって来るのだろうな。
PROPQUEST_INC_150486,"Still, some formalities must be followed, don’t you think?",とはいえ、いくつかの手続きは必要だと思わないか？
PROPQUEST_INC_150487,Haha. You’re free to use the village facilities whenever you like.,ハハ。村の施設はいつでも自由に使ってくれて構わないぞ。
PROPQUEST_INC_150488,It’s been a while. How goes your exploration of the New Continent? You’ve really been through a lot. You didn’t just chart new lands—you saved an entire town and secured official permission for trade. I’ll see that you’re properly rewarded. Well done.,久しぶりだな。新大陸の探索はどうだ？お前は本当に多くを乗り越えてきた。新しい土地を切り開いただけでなく、町を丸ごと救い、正式な交易許可まで取り付けたのだからな。しかるべき報酬を用意させよう。よくやった。
PROPQUEST_INC_150489,New Beginning,新たな始まり
PROPQUEST_INC_150490,"So, how was the New Continent? And this… what is it? Hmm… a document I’ve never seen before. This alone isn’t enough to understand it. Could you find more of these?",それで、新大陸はどうだった？それと、これは…何だ？うーん…見たことのない文書だな。これだけでは理解するには足りない。もっと見つけてきてもらえるか？
PROPQUEST_INC_150491,"From the look of it, I’d say there are at least three more. We’ll need all of them to figure it out.",見たところ、少なくともあと3つはありそうだ。全て揃えないと解読できないだろう。
PROPQUEST_INC_150492,Sigh… I suppose there’s no other choice.,はぁ…他に選択肢はなさそうだな。
PROPQUEST_INC_150493,He should still be there.,彼はまだそこにいるはずだ。
PROPQUEST_INC_150494,Hmm…,うーん…
PROPQUEST_INC_150495,Obtain 4 different “Torn Scrolls”,「破れた巻物」を4種類入手
PROPQUEST_INC_150496,Lost in the Fog,霧の中で迷って
PROPQUEST_INC_150497,"I thought I could decipher it, but there are unknown characters mixed in. I’ve heard rumors of someone who might understand this sort of thing. Would you be willing to find him?",解読できると思ったんだが、見たこともない文字が混ざっているんだ。こういうものに詳しい人物がいるという噂を聞いたことがある。彼を探してもらえないか？
PROPQUEST_INC_150498,There’s a large island near Flarine. He should be somewhere around there.,フラリスの近くに大きな島がある。彼はそのあたりにいるはずだ。
PROPQUEST_INC_150499,"Unfortunately, I can’t think of any better option.",残念ながら、これより良い案は思いつかない。
PROPQUEST_INC_150500,I don’t know the exact location myself—just what I’ve heard.,正確な場所は私にも分からない——聞いた話でしかないんだ。
PROPQUEST_INC_150501,"It’s been a while. What brings you here? You found this in Kaillun? I’m Muran as well, though I left my tribe long ago. I can’t say much, but will you hand that over? It’s about summoning a god and speeding up the tower’s completion. Take this as thanks.",久しぶりだな。何の用だ？これをカイルルンで見つけたのか？私も同じムランだ、もっとも部族を離れてから久しいがな。多くは語れないが、それを渡してもらえるか？神の召喚と、塔の完成を早めることに関わるものだ。礼として、これを受け取ってくれ。
PROPQUEST_INC_150502,Meet with “[Mysterious] ???”,「[謎の人物]???」に会う
PROPQUEST_INC_150503,Kaillun Daily Quests,カイルルン デイリークエスト
PROPQUEST_INC_150504,Lost your chain again?,またチェーンを失くしたのか？
PROPQUEST_INC_150505,"Could you help me, sir? That thing stole my belongings again. I’ll be punished if I don’t get my serial number chain back. Please help me.",助けてもらえないか？あの化け物にまた持ち物を盗まれたんだ。シリアルナンバーチェーンを取り戻さないと、罰を受けてしまう。頼む、力を貸してくれ。
PROPQUEST_INC_150506,"Oh gods, thank you.",神様、ありがとう。
PROPQUEST_INC_150507,"Think of it as helping the dead, just this once… Please, I beg you.",今回だけは、死者を助けると思って…頼む、この通りだ。
PROPQUEST_INC_150508,"Have you retrieved it yet? Ah, not yet, I see.",もう取り戻したか？ああ、まだのようだな。
PROPQUEST_INC_150509,I can’t thank you enough.,感謝してもしきれないよ。
PROPQUEST_INC_150510,Kill 50 Small Hundur Sharpfoots and obtain 1 Abandoned Serial Number Chain,スモール・ワークウルフを50体討伐し、放棄されたシリアルナンバーチェーンを1個入手
PROPQUEST_INC_150511,Clearing the Area,一帯の掃討
PROPQUEST_INC_150512,There are so many Captain Kyouchish around that I can’t rest in peace. Could you take care of them?,キャプテン・ライカンセンチネルがあまりにも多くて、安らかに眠ることもできない。奴らを片付けてもらえないか？
PROPQUEST_INC_150513,Thank you. I heard their howls coming from that way.,ありがとう。奴らの遠吠えはあっちの方角から聞こえていた。
PROPQUEST_INC_150514,You’re the only one I can rely on.,頼れるのはお前だけだ。
PROPQUEST_INC_150515,"I’m counting on you, sir.",頼りにしているぞ。
PROPQUEST_INC_150516,Now I can finally rest easy until the next ship arrives. Thank you.,これで次の船が来るまで、ようやく安心して休める。ありがとう。
PROPQUEST_INC_150517,Kill 30 Captain Kyouchish,キャプテン・ライカンセンチネルを30体討伐
PROPQUEST_INC_150518,Honor of a Warrior 1,戦士の誉れ 1
PROPQUEST_INC_150519,"If you call yourself a warrior of Kaillun, taking down Hundur Sharpfoots is just a warm-up. Want to prove yourself?",カイルルンの戦士を名乗るなら、ワークウルフを倒すことなど準備運動に過ぎない。その実力を証明してみせるか？
PROPQUEST_INC_150520,"Alright, then. Take care of those beasts and come back.",よし、それなら。あの獣どもを片付けて戻ってきてくれ。
PROPQUEST_INC_150521,"If it’s too much, don’t push yourself. Cleaning up reckless fools is more work than it’s worth.",無理をする必要はない。向こう見ずな者の後始末など、割に合わない仕事だからな。
PROPQUEST_INC_150522,Good. This shouldn’t take you long.,よし。そう時間はかからないはずだ。
PROPQUEST_INC_150523,Great job. Now I can truly call you a warrior.,見事だ。これでお前を本物の戦士と呼べるな。
PROPQUEST_INC_150524,Kill 50 Hundur Sharpfoots,ワークウルフを50体討伐
PROPQUEST_INC_150525,Honor of a Warrior 2,戦士の誉れ 2
PROPQUEST_INC_150526,"For a seasoned warrior, the real challenge is Captain Hundur Sharpfoot. Think you’re ready?",熟練の戦士にとって、本当の試練はキャプテン・ワークウルフだ。準備はできているか？
PROPQUEST_INC_150527,You already know how this works. No need for me to explain.,やり方はもう分かっているだろう。説明の必要はないな。
PROPQUEST_INC_150528,"If you’re busy, that’s fine. The challenge isn’t going anywhere.",忙しいなら構わない。この試練はどこにも逃げない。
PROPQUEST_INC_150529,I’ll be looking forward to seeing what you can do.,お前の実力、楽しみにしているぞ。
PROPQUEST_INC_150530,"I knew I judged you correctly. From now on, you’re an elite warrior of our village.",やはり見立て通りだったな。これからはお前を我が村の精鋭戦士と呼ぼう。
PROPQUEST_INC_150531,Kill 30 Captain Hundur Sharpfoots,キャプテン・ワークウルフを30体討伐
PROPQUEST_INC_150532,Guard’s Request 1,守衛の依頼 1
PROPQUEST_INC_150533,Small Samosets are pests that constantly bother our guards. Can you handle them and lighten our workload?,スモール・ライカンガードは、常に我々守衛を悩ませる厄介者だ。奴らを片付けて、負担を軽くしてもらえないか？
PROPQUEST_INC_150534,"Thank you. You know where they are, right?",ありがとう。奴らの居場所は分かっているな？
PROPQUEST_INC_150535,"If you’re busy, we’ll figure something out on our own.",忙しいなら、我々だけで何とかしよう。
PROPQUEST_INC_150536,"For someone like you, this should be nothing.",お前ほどの実力なら、これしきのことは造作もないはずだ。
PROPQUEST_INC_150537,I knew you were the right one to ask. Our work just got much easier thanks to you. I really appreciate it.,頼んで正解だったな。お前のおかげで、我々の仕事がずっと楽になった。本当に感謝する。
PROPQUEST_INC_150538,Kill 50 Small Samosets,スモール・ライカンガードを50体討伐
PROPQUEST_INC_150539,Guard’s Request 2,守衛の依頼 2
PROPQUEST_INC_150540,"Samosets have been swarming the grasslands lately, making patrols difficult. Could you thin them out a bit?",最近、ライカンガードが草原に群れをなしていて、巡回が難しくなっている。少し数を減らしてもらえないか？
PROPQUEST_INC_150541,"Thank you. You know where to find them, don’t you?",ありがとう。奴らの居場所は分かるな？
PROPQUEST_INC_150542,"If you’ve got other priorities, we understand. We’ll manage.",他に優先することがあるなら、構わない。我々で何とかする。
PROPQUEST_INC_150543,This should be an easy job for you.,お前にとっては簡単な仕事のはずだ。
PROPQUEST_INC_150544,"I knew I could rely on you. You’ve made our work much easier. Truly, thank you.",頼りになると思っていたよ。おかげで仕事がずっと楽になった。本当にありがとう。
PROPQUEST_INC_150545,Kill 50 Samosets,ライカンガードを50体討伐
PROPQUEST_INC_150546,Guard’s Request 3,守衛の依頼 3
PROPQUEST_INC_150547,Those Captain Samosets keep slipping into the forest. Could you clear some of them out?,あのキャプテン・ライカンガードどもが、しきりに森へ入り込んでいる。何体か片付けてもらえないか？
PROPQUEST_INC_150548,"We’re grateful for your help. You know the area well enough to track them, right?",手を貸してくれて感謝する。あの一帯は詳しいだろうから、追跡できるな？
PROPQUEST_INC_150549,"If you don’t have time, we’ll deal with it somehow.",時間がないなら、我々で何とかしよう。
PROPQUEST_INC_150550,This should be a simple task for you.,お前にとっては簡単な仕事のはずだ。
PROPQUEST_INC_150551,I knew I could count on you. You’ve helped us a lot. Thanks.,頼りにできると思っていたよ。大いに助かった。ありがとう。
PROPQUEST_INC_150552,Kill 30 Captain Samosets,キャプテン・ライカンガードを30体討伐
PROPQUEST_INC_150553,Guard’s Request 4,守衛の依頼 4
PROPQUEST_INC_150554,Small Kyouchish are getting out of control and causing trouble. We could really use your help cutting their numbers.,スモール・ライカンセンチネルどもが手に負えなくなり、面倒を起こしている。数を減らす手伝いをしてもらえると本当に助かる。
PROPQUEST_INC_150555,"I appreciate it. You won’t have any trouble finding them, right?",感謝する。奴らを見つけるのに苦労はしないな？
PROPQUEST_INC_150556,"If you’re busy with something else, don’t worry. We’ll handle it.",他のことで忙しいなら気にしないでくれ。我々で対処する。
PROPQUEST_INC_150557,This should be no challenge for you.,お前にとっては何の苦労もないはずだ。
PROPQUEST_INC_150558,I was right to trust you. You’ve made our job much easier. Thank you.,信じて正解だった。おかげで仕事がずっと楽になったよ。ありがとう。
PROPQUEST_INC_150559,Kill 50 Small Kyouchish,スモール・ライカンセンチネルを50体討伐
PROPQUEST_INC_150560,Guard’s Request 5,守衛の依頼 5
PROPQUEST_INC_150561,"Our guards are worn down dealing with Kyouchish. If you could defeat a few, it’d be a huge help.",我が守衛たちは、ライカンセンチネルの対応で疲弊している。何体か倒してもらえれば、大いに助かるんだが。
PROPQUEST_INC_150562,"Thank you. You know how to find them, right?",ありがとう。奴らの見つけ方は分かっているな？
PROPQUEST_INC_150563,"If you’ve got other plans, it’s alright. We’ll make do.",他に予定があるなら構わない。我々でどうにかしよう。
PROPQUEST_INC_150564,This should be simple work for someone of your skill.,お前ほどの腕前なら、簡単な仕事のはずだ。
PROPQUEST_INC_150565,"I knew you’d handle it. You’ve made our lives much easier. Truly, thank you.",きっとやってくれると思っていたよ。おかげでずっと楽になった。本当にありがとう。
PROPQUEST_INC_150566,Kill 50 Kyouchish,ライカンセンチネルを50体討伐
PROPQUEST_INC_150567,Elder’s Request 1,長老の依頼 1
PROPQUEST_INC_150568,It looks like a group of Small Kanonicus are swarming somewhere in the forest. I’ve received complaints from the townsfolk. Could you lend a hand?,森のどこかで、スモール・ライカンアーチャーの群れが発生しているようだ。町の者たちから苦情が来ている。力を貸してもらえないか？
PROPQUEST_INC_150569,"As always, thank you.",いつものことながら、ありがとう。
PROPQUEST_INC_150570,"If you have other things to do, I’ll have to send a guard instead.",他にやることがあるなら、代わりに守衛を送るとしよう。
PROPQUEST_INC_150571,"You know where it is, don’t you?",場所は分かっているな？
PROPQUEST_INC_150572,You did a great job. Now I can finally tell everyone they’re safe.,よくやってくれた。これでようやく、皆に安全だと伝えられる。
PROPQUEST_INC_150573,Kill 50 Small Kanonicus,スモール・ライカンアーチャーを50体討伐
PROPQUEST_INC_150574,Elder’s Request 2,長老の依頼 2
PROPQUEST_INC_150575,"I don’t know why, but after you dealt with the small Kanonicus group, their main numbers started increasing. Could you help with this as well?",なぜか分からないが、スモール・ライカンアーチャーの群れを片付けた後、本体の数が増え始めている。これも手伝ってもらえるか？
PROPQUEST_INC_150576,I can’t thank you enough for your help.,力を貸してくれて、感謝してもしきれない。
PROPQUEST_INC_150577,"If you’re busy, I understand. We’ll manage somehow.",忙しいなら仕方ない。何とかやってみよう。
PROPQUEST_INC_150578,I believe in you. Good luck.,お前を信じている。頑張ってくれ。
PROPQUEST_INC_150579,"For now, we can finally enjoy a bit of peace. Well done, truly.",とりあえず、ようやく少しの平和を楽しめそうだ。本当によくやってくれた。
PROPQUEST_INC_150580,Kill 50 Kanonicus,ライカンアーチャーを50体討伐
PROPQUEST_INC_150581,To Awakening,覚醒へ
PROPQUEST_INC_150582,Find the Old Document,古い文書を探す
PROPQUEST_INC_150583,Leave This to the Experts,専門家に任せよう
PROPQUEST_INC_150584,Let’s Find the Real Clue,本当の手がかりを探して
PROPQUEST_INC_150585,It Will Be Different This Time,今度こそ違うはず
PROPQUEST_INC_150586,The Gateway to Awakening,覚醒への扉
PROPQUEST_INC_150587,The New Beginning,新たな始まり
PROPQUEST_INC_150588,"Welcome, adventurer. I can sense great power within you.",ようこそ、冒険者よ。お前の中に、大いなる力を感じる。
PROPQUEST_INC_150589,Oh ho… this is interesting. It seems your experiences are finally paying off.,ほう…これは興味深い。お前のこれまでの経験が、ついに実を結び始めたようだな。
PROPQUEST_INC_150590,That power is the foundation of awakening as a transcendent being.,その力こそ、超越者として覚醒するための土台となるものだ。
PROPQUEST_INC_150591,"Anyone can possess it, but few ever reach that realm.",誰もが持ちうる力だが、その境地に至れる者はごくわずかだ。
PROPQUEST_INC_150592,"I cannot guide you directly, but I know those who can.",私が直接お前を導くことはできないが、それができる者を知っている。
PROPQUEST_INC_150593,"Good. First, meet [Mercenary Master] Andy.",よし。まずは[マーシナリーマスター]アンディに会ってくるといい。
PROPQUEST_INC_150594,"Good. First, meet [Magician Master] Hee.",よし。まずは[マジシャンマスター]ヒルデに会ってくるといい。
PROPQUEST_INC_150595,"Good. First, meet [Acrobat Master] Pyre.",よし。まずは[アクロバットマスター]ピレに会ってくるといい。
PROPQUEST_INC_150596,"Good. First, meet [Assist Master] Maki.",よし。まずは[アシストマスター]ロッシに会ってくるといい。
PROPQUEST_INC_150597,"This is the first step toward something much greater. Why hesitate? If you change your mind, you know where to find me.",これは、さらに大きな何かへの第一歩だ。なぜ躊躇う？気が変わったら、私の居場所は分かっているな。
PROPQUEST_INC_150598,You still haven’t gone to see him? He’s probably waiting impatiently.,まだ彼に会いに行っていないのか？きっと待ちくたびれているぞ。
PROPQUEST_INC_150599,You still haven’t gone to see her? She’s probably waiting impatiently.,まだ彼女に会いに行っていないのか？きっと待ちくたびれているぞ。
PROPQUEST_INC_150600,"Long time no see, adventurer.",久しぶりだな、冒険者よ。
PROPQUEST_INC_150601,Meet [Mercenary Master] Andy.,[マーシナリーマスター]アンディに会う
PROPQUEST_INC_150602,Meet [Magician Master] Hee.,[マジシャンマスター]ヒルデに会う
PROPQUEST_INC_150603,Meet [Acrobat Master] Pyre.,[アクロバットマスター]ピレに会う
PROPQUEST_INC_150604,Meet [Assist Master] Maki.,[アシストマスター]ロッシに会う
PROPQUEST_INC_150605,"Yes, I heard everything from Radyon.",ああ、ラディオンから全て聞いている。
PROPQUEST_INC_150606,"Awakening, huh… from what I can see, you’re already more than ready.",覚醒か…見たところ、お前はもう十分すぎるほど準備ができているようだな。
PROPQUEST_INC_150607,"If the right opportunity comes, you might be able to awaken.",しかるべき機会が訪れれば、覚醒できるかもしれない。
PROPQUEST_INC_150608,"A new area was discovered deep beneath the seas of Coral Island. Adventurers are flocking there, hoping for new discoveries.",コーラルアイランドの海の深くで、新たな領域が発見された。冒険者たちは、新たな発見を求めてそこへ押し寄せている。
PROPQUEST_INC_150609,Why not dive in? You might find something unique and awaken your true potential.,潜ってみてはどうだ？何か特別なものを見つけて、お前本来の力に目覚めるかもしれない。
PROPQUEST_INC_150610,"I thought this would be a good chance for you, but so be it. If you change your mind, come back anytime.",良い機会だと思ったんだが、仕方ない。気が変わったら、いつでも戻ってきてくれ。
PROPQUEST_INC_150611,"You should hurry. If others get there first, there might be nothing left to find.",急いだ方がいい。他の者に先を越されたら、何も残っていないかもしれないぞ。
PROPQUEST_INC_150612,"It seems you couldn’t awaken this time, but you still did well. Did you find anything?",今回は覚醒できなかったようだが、それでもよくやった。何か見つけたか？
PROPQUEST_INC_150613,Find a “Stale Record” from Herneos. People say they’ve seen them near the Small Dorians.,「ヘルネオス」で「古びた記録」を探せ。スモール・ドリアンの近くで目撃されたという話だ。
PROPQUEST_INC_150614,"So, is this your grand discovery?",それが、お前の大発見というわけか？
PROPQUEST_INC_150615,"I don’t know what it is either, but I know someone who might.",私にも何なのか分からないが、分かるかもしれない人物を知っている。
PROPQUEST_INC_150616,Go see [Knight Master] Karandur.,[ナイトマスター]カランドルに会いに行け
PROPQUEST_INC_150617,Go see [Blade Master] Corel.,[ブレードマスター]コレルに会いに行け
PROPQUEST_INC_150618,Go see [Elementor Master] Horison.,[エレメンターマスター]ホライズンに会いに行け
PROPQUEST_INC_150619,Go see [Psykeeper Master] Cylor.,[サイキーパーマスター]サイラに会いに行け
PROPQUEST_INC_150620,Go see [Jester Master] Lorein.,[ジェスターマスター]ロレインに会いに行け
PROPQUEST_INC_150621,Go see [Ranger Master] Eliff.,[レンジャーマスター]エリフに会いに行け
PROPQUEST_INC_150622,Go see [Billposter Master] Ride.,[ビルポスターマスター]ライドに会いに行け
PROPQUEST_INC_150623,Go see [Ringmaster Master] Ellend.,[リングマスターマスター]イレンドに会いに行け
PROPQUEST_INC_150624,"He’s an expert on ancient artifacts. Even if it doesn’t help your awakening, at least it’ll satisfy your curiosity.",彼は古代遺物の専門家だ。覚醒の助けにならなくとも、少なくとも好奇心は満たされるだろう。
PROPQUEST_INC_150625,"She’s an expert on ancient artifacts. Even if it doesn’t help your awakening, at least it’ll satisfy your curiosity.",彼女は古代遺物の専門家だ。覚醒の助けにならなくとも、少なくとも好奇心は満たされるだろう。
PROPQUEST_INC_150626,"There’s plenty of time. Once you’ve handled your urgent matters, come back. I’ll let them know in advance.",時間はたっぷりある。急ぎの用事が済んだら戻ってきてくれ。あらかじめ伝えておこう。
PROPQUEST_INC_150627,What are you waiting for? He’s expecting you.,何を待っているんだ？彼はお前を待っているぞ。
PROPQUEST_INC_150628,What are you waiting for? She’s expecting you.,何を待っているんだ？彼女はお前を待っているぞ。
PROPQUEST_INC_150629,"It’s been a while, adventurer. I already heard from [Mercenary Master] Andy.",久しぶりだな、冒険者よ。[マーシナリーマスター]アンディから、もう話は聞いている。
PROPQUEST_INC_150630,"It’s been a while, adventurer. I already heard from [Magician Master] Hee.",久しぶりだな、冒険者よ。[マジシャンマスター]ヒルデから、もう話は聞いている。
PROPQUEST_INC_150631,"It’s been a while, adventurer. I already heard from [Acrobat Master] Pyre.",久しぶりだな、冒険者よ。[アクロバットマスター]ピレから、もう話は聞いている。
PROPQUEST_INC_150632,"It’s been a while, adventurer. I already heard from [Assist Master] Maki.",久しぶりだな、冒険者よ。[アシストマスター]ロッシから、もう話は聞いている。
PROPQUEST_INC_150633,"You have something to show me, and you’re searching for clues about awakening?",私に見せたいものがあり、覚醒の手がかりを探しているそうだな？
PROPQUEST_INC_150634,Let me see the item first.,まずはその品物を見せてくれ。
PROPQUEST_INC_150635,Meet [Knight Master] Karandur.,[ナイトマスター]カランドルに会う
PROPQUEST_INC_150636,Meet [Blade Master] Corel,[ブレードマスター]コレルに会う
PROPQUEST_INC_150637,Meet [Elementor Master] Horison,[エレメンターマスター]ホライズンに会う
PROPQUEST_INC_150638,Meet [Psykeeper Master] Cylor,[サイキーパーマスター]サイラに会う
PROPQUEST_INC_150639,Meet [Jester Master] Lorein,[ジェスターマスター]ロレインに会う
PROPQUEST_INC_150640,Meet [Ranger Master] Eliff,[レンジャーマスター]エリフに会う
PROPQUEST_INC_150641,Meet [Billposter Master] Ride,[ビルポスターマスター]ライドに会う
PROPQUEST_INC_150642,Meet [Ringmaster Master] Ellend,[リングマスターマスター]イレンドに会う
PROPQUEST_INC_150643,Oh… this has nothing to do with awakening.,おお…これは覚醒とは何の関係もなさそうだな。
PROPQUEST_INC_150644,"It says that long ago, all continents were connected, and many races lived together.",はるか昔、全ての大陸はひとつに繋がっていて、多くの種族が共に暮らしていたと記されている。
PROPQUEST_INC_150645,This is exactly the kind of thing the Strange Collector in Saint City loves. He’d be thrilled if you brought it to him.,これはまさに、セイントモーニングの謎のコレクターが好みそうなものだ。持って行けば、きっと喜ぶだろう。
PROPQUEST_INC_150646,Now then… shall we speak about your awakening?,さて…お前の覚醒について話そうか。
PROPQUEST_INC_150647,True strength awakens when you fight with your life on the line. It’s always been that way.,真の力は、命を懸けて戦う中でこそ覚醒する。昔からそういうものだ。
PROPQUEST_INC_150648,Enter the instance dungeon and defeat $QUEST_END_KILL_COUNT$ $QUEST_END_KILL_NAME$s to test your limits.,インスタンスダンジョンに入り、$QUEST_END_KILL_COUNT$体の$QUEST_END_KILL_NAME$を倒して自らの限界を試せ。
PROPQUEST_INC_150649,"Is there another way? Maybe. It’s worth trying whatever you can. If you change your mind, come find me.",他に方法はあるのかって？もしかしたらな。できることは何でも試す価値がある。気が変わったら、私を訪ねてくれ。
PROPQUEST_INC_150650,You haven’t finished yet? Hmm… I thought you’d be done by now.,まだ終わっていないのか？うーむ…もう終わっている頃だと思っていたが。
PROPQUEST_INC_150651,Well done. But you still haven’t awakened? How strange…,よくやった。だが、まだ覚醒していないのか？奇妙なことだな…
PROPQUEST_INC_150652,I know someone who can definitely help—if you’re willing to meet them.,会う気があるなら、間違いなく力になれる人物を知っている。
PROPQUEST_INC_150653,"Here, take this letter of introduction.",ほら、この紹介状を受け取ってくれ。
PROPQUEST_INC_150654,Kill $QUEST_END_KILL_COUNT$ $QUEST_END_KILL_NAME$s,$QUEST_END_KILL_COUNT$体の$QUEST_END_KILL_NAME$を討伐
PROPQUEST_INC_150655,"He is my master. Since he’s also a transcendent, he should know how.",彼は私の師だ。彼もまた超越者だから、方法を知っているはずだ。
PROPQUEST_INC_150656,"Because of certain circumstances, he doesn’t appear in public, so most people don’t know he exists.",とある事情から、彼は人前に姿を現さない。だから、彼の存在を知る者はほとんどいない。
PROPQUEST_INC_150657,I just realized I gave you the letter without even hearing your answer.,答えも聞かずに手紙を渡してしまったことに、今気づいたよ。
PROPQUEST_INC_150658,"Anyway, you don’t know where he is yet, do you? Will you go meet him?",とにかく、まだ彼の居場所は分からないだろう？会いに行ってくれるか？
PROPQUEST_INC_150659,"These days, my master is secretly building a tower. He should still be there.",最近、私の師はひそかに塔を建てている。まだそこにいるはずだ。
PROPQUEST_INC_150660,Show him my letter. He won’t ignore it.,私の手紙を見せてくれ。彼も無視はしないはずだ。
PROPQUEST_INC_150661,"Even for me, this is a big favor to ask. If you feel you’re not ready, you can come back later.",私にとっても、これは大きな頼み事だ。まだ心の準備ができていないなら、また後で戻ってきてくれ。
PROPQUEST_INC_150662,Go meet him quickly. He’s… a busy man.,急いで会いに行ってくれ。彼は…忙しい人なんだ。
PROPQUEST_INC_150663,"Only a handful of people know I’m here. Who are you, and what do you want?",私がここにいることを知る者は、ほんの一握りだ。お前は何者で、何が目的だ？
PROPQUEST_INC_150664,Deliver “Master’s Letter of Introduction” to [Mysterious] ???,「師の紹介状」を[謎の人物]???に届ける
PROPQUEST_INC_150665,I see… the power inside you isn’t enough to awaken as a transcendent.,なるほど…お前の内なる力は、超越者として覚醒するにはまだ足りないようだ。
PROPQUEST_INC_150666,"Still, you have the potential to reach a whole new realm.",それでも、お前には全く新しい境地に至る可能性がある。
PROPQUEST_INC_150667,[Knight Master] Karandur even wrote you a letter of introduction just to send you to me.,[ナイトマスター]カランドルが、わざわざお前を私のもとへ送るために紹介状まで書いてくれたのか。
PROPQUEST_INC_150668,[Blade Master] Corel even wrote you a letter of introduction just to send you to me.,[ブレードマスター]コレルが、わざわざお前を私のもとへ送るために紹介状まで書いてくれたのか。
PROPQUEST_INC_150669,[Elementor Master] Horison even wrote you a letter of introduction just to send you to me.,[エレメンターマスター]ホライズンが、わざわざお前を私のもとへ送るために紹介状まで書いてくれたのか。
PROPQUEST_INC_150670,[Psykeeper Master] Cylor even wrote you a letter of introduction just to send you to me.,[サイキーパーマスター]サイラが、わざわざお前を私のもとへ送るために紹介状まで書いてくれたのか。
PROPQUEST_INC_150671,[Jester Master] Lorein even wrote you a letter of introduction just to send you to me.,[ジェスターマスター]ロレインが、わざわざお前を私のもとへ送るために紹介状まで書いてくれたのか。
PROPQUEST_INC_150672,[Ranger Master] Eliff even wrote you a letter of introduction just to send you to me.,[レンジャーマスター]エリフが、わざわざお前を私のもとへ送るために紹介状まで書いてくれたのか。
PROPQUEST_INC_150673,[Billposter Master] Ride even wrote you a letter of introduction just to send you to me.,[ビルポスターマスター]ライドが、わざわざお前を私のもとへ送るために紹介状まで書いてくれたのか。
PROPQUEST_INC_150674,[Ringmaster Master] Ellend even wrote you a letter of introduction just to send you to me.,[リングマスターマスター]イレンドが、わざわざお前を私のもとへ送るために紹介状まで書いてくれたのか。
PROPQUEST_INC_150675,But I’m not sure I want to help someone I barely know.,だが、ろくに知らない相手を助ける気にはなれないな。
PROPQUEST_INC_150676,"Can you do exactly as I say, without question? It’s nothing difficult.",私の言う通りに、疑問を持たずにできるか？大したことではない。
PROPQUEST_INC_150677,See the orbs scattered around Kaillun? Choose the one that draws you and bring it to me. I need to look into your past.,カイルルンのあちこちに散らばる宝珠が見えるか？惹かれるものを一つ選んで、私のもとへ持ってきてくれ。お前の過去を調べる必要があるんだ。
PROPQUEST_INC_150678,I have no regrets about this choice. Think carefully.,この選択に後悔はない。よく考えてくれ。
PROPQUEST_INC_150679,"If you can’t even handle this, that sort of power would only weigh you down.",これすらこなせないようでは、その力もお前の重荷にしかならないだろう。
PROPQUEST_INC_150680,Hmm… I believe you’ll be fine.,うーむ…お前なら大丈夫だろう。
PROPQUEST_INC_150681,I’ll gladly help you open the door to a new realm.,喜んで、新たな境地への扉を開く手伝いをしよう。
PROPQUEST_INC_150682,"Stay right where you are.\nIt’s done. I need to rest now, so you may leave.",そこを動かないでくれ。\nもう終わったぞ。私は少し休む必要がある、もう行っていい。
PROPQUEST_INC_150683,Get a $QUEST_END_ITEM_NAME$,$QUEST_END_ITEM_NAME$を入手
PROPQUEST_INC_150684,It’s done. Do you feel anything?,終わったぞ。何か感じるか？
PROPQUEST_INC_150685,"I need to rest, so go back to the sage who sent you here.",少し休みたい、お前をここへ送った賢者のもとへ戻ってくれ。
PROPQUEST_INC_150686,"The ritual definitely worked. Take a bit more time to reflect on yourself, then come to me again.",儀式は確かに効果があった。もう少し自分自身を見つめ直す時間を取ってから、また私のところへ来てくれ。
PROPQUEST_INC_150687,I said you may go now.,もう行っていいと言ったはずだ。
PROPQUEST_INC_150688,"Welcome, adventurer. Have you finally awakened?\nThis is my first time seeing a transcendent in person.",ようこそ、冒険者よ。ついに覚醒したのか？\n超越者を直接目にするのは初めてだ。
PROPQUEST_INC_150689,"You say you haven’t awakened, yet I can clearly sense your power.\nSo, what happened?",覚醒していないと言うが、お前の力ははっきりと感じ取れるぞ。\n一体何があったんだ？
PROPQUEST_INC_150690,"I see. So that’s how it went.\nYou may not have become a transcendent, but I’ll give you a small gift to celebrate your new strength.",なるほど。そういうことだったのか。\n超越者にはなれなかったかもしれないが、その新たな力を祝って、ささやかな贈り物を渡そう。
PROPQUEST_INC_150691,I look forward to seeing what you do next.,この先、お前が何を成し遂げるのか楽しみにしているぞ。
PROPQUEST_INC_150692,Go to [Sage] Radyon,[賢者]ラディオンのもとへ向かう
PROPQUEST_INC_150693,Ankou’s Asylum Boss,ベヒモス神殿 ボス
PROPQUEST_INC_150694,Hero Grade (4),ヒーローグレード（4）
PROPQUEST_INC_150695,I need you to reach level 180 and bring $QUEST_END_ITEM_COUNT$x $QUEST_END_ITEM_NAME$. Only a true Hero can do that.,レベル180に到達し、$QUEST_END_ITEM_COUNT$個の$QUEST_END_ITEM_NAME$を持ってきてほしい。真のヒーローにしかできないことだ。
PROPQUEST_INC_150696,Reach level 180 and bring $QUEST_END_ITEM_COUNT$x $QUEST_END_ITEM_NAME$.,レベル180に到達し、$QUEST_END_ITEM_COUNT$個の$QUEST_END_ITEM_NAME$を持ってくる
PROPQUEST_INC_150697,Kaillun,カイルルン
PROPQUEST_INC_150698,Year of the Horse 2026,2026年 午年
PROPQUEST_INC_150800,Retrieve the 4th Anniversary Birthday Banner!,4周年記念バナーを受け取ろう！
PROPQUEST_INC_150801,Would you like to participate in our 4th Anniversary event and receive your event banner?,4周年記念イベントに参加して、イベントバナーを受け取りませんか？
PROPQUEST_INC_150802,"Great! Talk to me once more, and I'll give you the 4th Anniversary Banner.",よし！もう一度話しかけてくれれば、4周年記念バナーを渡そう。
PROPQUEST_INC_150803,No problem. Come back if you want to join the celebration!,問題ないよ。お祝いに参加したくなったら、また来てくれ！
PROPQUEST_INC_150804,Here is your banner. Use it to collect letters and win rewards. Happy Anniversary!,こちらがバナーだ。これを使って文字を集め、報酬を手に入れよう。周年おめでとう！
PROPQUEST_INC_155001,Chapter Ex) Dungeon,番外編）ダンジョン
PROPQUEST_INC_155002,Something Is Very Wrong with the Plants,植物の異変
PROPQUEST_INC_155003,"Something's wrong in the fields. Farmers are panicking, claiming crops are walking around and attacking them.",畑で何かがおかしい。農民たちがパニックになっていて、作物が歩き回って襲ってくると言っているんだ。
PROPQUEST_INC_155004,"Rumors are spreading faster than weeds, and I don't like rumors.",噂は雑草より早く広がっている、私は噂が好きじゃないんだ。
PROPQUEST_INC_155005,"We're finally nearing the end of this disgusting war, and I won't let talk like this drag us down. Go find Sprout. He hasn't returned from the fields. He must know something.",ようやくこの忌まわしい戦も終わりに近づいているんだ、こんな話に足を引っ張られるわけにはいかない。スプラウトを探してくれ。畑から戻ってきていないんだ。何か知っているはずだ。
PROPQUEST_INC_155006,"Good. Keep your eyes open and your weapon ready.\nIf this is just rotten soil, fine. If it's something worse, I want to know immediately.",よし。目を光らせて、武器も構えておいてくれ。\nただの腐った土なら結構、だがもっと悪いものなら、すぐに知らせてほしい。
PROPQUEST_INC_155007,"Hmph. I won't force you.\nBut if this turns into a real problem, the village could be in danger.",ふん。無理強いはしない。\nだが、これが本当に問題になれば、村が危険にさらされるかもしれない。
PROPQUEST_INC_155008,"O-oh! You're from the guard, r-right?\nI-I swear, it's not just bad farming! The mushrooms just... changed.\nS-something's not right, I'm telling you...",お、おお！守衛の方、で、ですよね？\nち、誓って言いますが、ただの不作じゃないんです！キノコが、その…変わったんです。\nな、何かがおかしいんです、本当に…
PROPQUEST_INC_155009,You can reach the farm through that portal over there.\nFind out what's happening. Worry won't fix this answers will.,あそこのポータルから畑へ行けるはずだ。\n何が起きているのか確かめてくれ。心配していても解決しない、答えが必要なんだ。
PROPQUEST_INC_155010,Go find Sprout. He hasn't returned from the fields he must know something.,スプラウトを探してくれ。畑から戻っていない、何か知っているはずだ。
PROPQUEST_INC_155011,Sprout Has a Bad Feeling About This,スプラウトの嫌な予感
PROPQUEST_INC_155012,P-please help me! I-I can't go back to the village like this!\nWh-what if those things show up again? I-I won't make it on my own...,た、助けてください！こ、このままじゃ村に戻れません！\nも、もしまたあいつらが現れたら？ひ、一人じゃ無理です…
PROPQUEST_INC_155013,"R-really? You'll walk with me?\nTh-thank you... j-just stay close, okay? The portal's right over there...",ほ、本当ですか？一緒に来てくれるんですか？\nあ、ありがとうございます…そ、そばにいてくださいね？ポータルはあそこです…
PROPQUEST_INC_155014,O-oh... I s-see...\nI-I guess I'll j-just... hide here until something eats me...,そ、そうですか…わ、分かりました…\nな、ならここに隠れて…何かに食べられるのを待つしかないですね…
PROPQUEST_INC_155015,"P-please don't leave me behind...\nI-I can see the portal, b-but my legs won't move...",お、置いていかないでください…\nポ、ポータルは見えるんです、で、でも足が動かなくて…
PROPQUEST_INC_155016,"You made it back safely... good.\nSprout, take a breath. Now tell me everything, slowly.",無事に戻ってきたか…よし。\nスプラウト、一息つけ。それでは、ゆっくりと全部話してくれ。
PROPQUEST_INC_155017,Rescue Sprout and escort him back to the portal.,スプラウトを救出し、ポータルまで護衛する
PROPQUEST_INC_155018,"Noises, Nightmares, and a Bad Hunch",物音、悪夢、そして嫌な予感
PROPQUEST_INC_155019,"I've heard enough. Strange noises at night, farmers too afraid to sleep and now they're seeing crops that move and attack.",もう十分聞いた。夜の奇妙な物音、怖くて眠れない農民たち、そして今度は動いて襲ってくる作物を見たという話だ。
PROPQUEST_INC_155020,This isn't a coincidence. Something is stirring out there.,これは偶然じゃない。何かがあそこで蠢いているんだ。
PROPQUEST_INC_155021,"I need facts, not panic.\nCheck the nearby fields and woods. Listen. Observe.\nWe gathered everyone who worked there except two: Thorn and the doctor.\nThorn's strong. If anyone's still holding out against those mutations, it's him.\nFind him, and help if you can.",必要なのはパニックではなく事実だ。\n近くの畑と森を調べてくれ。耳を澄まし、よく観察するんだ。\nそこで働いていた者たちは、ソーンと医者の二人を除いて全員集めた。\nソーンは頑丈な男だ。もしあの変異に今も抗っている者がいるとすれば、奴だろう。\n奴を見つけて、できることがあれば助けてやってくれ。
PROPQUEST_INC_155022,"I won't push you.\nBut if we ignore this, the next scream might come from inside the village.",無理強いはしない。\nだが、これを放っておけば、次の悲鳴は村の中から聞こえてくるかもしれない。
PROPQUEST_INC_155023,Don't rush in blindly.\nPay attention to what you hear and see and find Thorn. He won't stay quiet if something's wrong.,むやみに突っ込まないでくれ。\n見聞きすることに注意を払い、ソーンを見つけてくれ。何かおかしければ、あいつは黙っていないはずだ。
PROPQUEST_INC_155024,"So the guard finally noticed, huh.\nTook you long enough. If you want answers, you'd better be ready to hear them.",守衛もようやく気づいたか。\n随分と時間がかかったな。答えが欲しいなら、それを聞く覚悟をしておくことだ。
PROPQUEST_INC_155025,Find Thorn in the fields.,畑でソーンを見つける
PROPQUEST_INC_155026,Thorn Is Angry for a Reason,ソーンが怒るのも無理はない
PROPQUEST_INC_155027,"You. Good.\nIf the guard wants a report, they'll get one but I'm not walking back alone.\nSomething out there is watching the fields... and I'm not letting it touch my people.",お前か。よし。\n守衛が報告を欲しがっているなら、くれてやる。だが一人では戻らないぞ。\nあそこで何かが畑を見張っている…俺の仲間には指一本触れさせない。
PROPQUEST_INC_155028,"Doctor is still out there! Hrr... Alright. Stay sharp and stay close.\nWe're heading to the portal. If anything moves that shouldn't, you put it down.\nAnd if I start yelling, don't take it personal-just keep walking.",医者はまだあそこにいるんだ！ぐっ…分かった。気を抜くな、そばを離れるな。\nポータルへ向かう。動くはずのないものが動いたら、叩き伏せろ。\nそれと、俺が怒鳴り始めても気にするな——とにかく歩き続けろ。
PROPQUEST_INC_155029,"Tch. Typical.\nFine. I'll go myself. If I don't make it back, tell Baron he can be angry at a grave.",チッ。相変わらずだな。\nいい、俺一人で行く。もし戻らなかったら、バロンには墓に向かって怒ればいいと伝えてくれ。
PROPQUEST_INC_155030,"Stop staring and start moving.\nThe portal's not going to walk to us and neither are the monsters, if we're lucky.",ぼさっと見てないで動け。\nポータルは自分から来てくれないし、運が良ければモンスターもそうだ。
PROPQUEST_INC_155031,"You brought Thorn back safely. Good work.\nThorn, tell me what you know. One person is still out there, and we need to bring her back.\nI need information.",ソーンを無事に連れ帰ったか。よくやった。\nソーン、知っていることを話してくれ。まだ一人あそこに残っている、彼女を連れ戻さなければならない。\n情報が必要なんだ。
PROPQUEST_INC_155032,Rescue Thorn and escort him back to the portal.,ソーンを救出し、ポータルまで護衛する
PROPQUEST_INC_155033,Rotten Crops and Rotter Truths,腐った作物と、もっと腐った真実
PROPQUEST_INC_155034,"Damn it... this just keeps getting worse.\nLike I said to Baron, the doctor Root went deeper into the fields to check the crops and hasn't come back yet.",くそ…事態は悪化する一方だ。\nバロンにも言った通り、医者のルートが作物を調べに畑の奥へ入って、まだ戻ってきていないんだ。
PROPQUEST_INC_155035,"She's stubborn, but not careless.\nIf she's still out there, something's holding her up. Go find her and please bring her back-before this gets uglier.",頑固な女だが、無謀じゃない。\nまだあそこにいるなら、何かに引き留められているはずだ。彼女を見つけて、事態がもっと酷くなる前に連れ戻してくれ。
PROPQUEST_INC_155036,"Tch... figures.\nIf the doctor gets hurt out there, that's on all of us.",チッ…案の定か。\nもしあそこで医者が怪我をしたら、それは俺たち全員の責任だ。
PROPQUEST_INC_155037,"Don't waste time.\nIf Root's still digging around in that mess, she's walking straight into trouble.",時間を無駄にするな。\nルートがまだあの混乱の中を掘り返しているなら、まっすぐ厄介事に飛び込んでいるようなものだ。
PROPQUEST_INC_155038,"Ah, so the guards in town finally noticed something...\nFascinating, isn't it? The crops here aren't simply rotting-they're changing.\nNow that you're here, we should report this immediately.",ああ、町の守衛たちもようやく何かに気づいたか…\n興味深いだろう？ここの作物は、ただ腐っているんじゃない——変化しているんだ。\nお前が来たからには、すぐにこれを報告すべきだな。
PROPQUEST_INC_155039,"Find Dr. Root, who has been studying the plant mutations.",植物の変異を研究しているルート博士を見つける
PROPQUEST_INC_155040,"Digging Too Deep, Literally",掘り下げすぎた、文字通り
PROPQUEST_INC_155041,...This is unexpected.\nSomething beneath the soil is actively reacting to your presence.\nI need time to observe it. This may be the key to restoring everything to peace.,……これは予想外だ。\n土の下で何かが、お前の存在に積極的に反応している。\n観察する時間が必要だ。これが全てを平穏に戻す鍵になるかもしれない。
PROPQUEST_INC_155042,"I'll remain here and focus on the readings.\nFor three minutes, do not let anything interrupt me. If these creatures get too close, the data will be compromised.",私はここに残って観測に集中する。\n3分間、何にも邪魔をさせないでくれ。これらの生物が近づきすぎれば、データが台無しになってしまう。
PROPQUEST_INC_155043,"I understand.\nHowever, this opportunity may not present itself again. That would be... unfortunate.",分かった。\nだが、この機会は二度と訪れないかもしれない。それは……残念なことだな。
PROPQUEST_INC_155044,"Please stay alert.\nThe closer I get to the source, the more aggressive the surrounding organisms become.",警戒を怠らないでくれ。\n発生源に近づけば近づくほど、周囲の生物はより攻撃的になっている。
PROPQUEST_INC_155045,...That's enough. I've seen what I needed to see.\nThis isn't a natural mutation. Something is deliberately altering these plants.\nWe can't stay here any longer. We need to move-now.,……もう十分だ。見るべきものは見た。\nこれは自然な変異ではない。何者かが意図的にこれらの植物を変化させているんだ。\nこれ以上ここにはいられない。今すぐ移動しなければ。
PROPQUEST_INC_155046,Protect Dr. Root for 3 minutes while she collects data.,ルート博士がデータを収集する間、3分間護衛する
PROPQUEST_INC_155047,Escort the Evidence,証拠を護送せよ
PROPQUEST_INC_155048,"Like I just said, we should not stay here any longer.\nThe activity beneath the soil is escalating faster than expected.\nWe need to relocate before it becomes impossible.",今言った通り、これ以上ここにはいられない。\n土の下の活動が、予想より速く激化している。\n手遅れになる前に移動する必要がある。
PROPQUEST_INC_155049,"Good. I'll follow your lead.\nIf anything approaches us, remove it quickly. I can't afford another interruption.",よし。お前についていこう。\n何か近づいてきたら、素早く排除してくれ。もう邪魔されるわけにはいかないんだ。
PROPQUEST_INC_155050,...I see.\nThen I'll wait here a little longer. Just be aware every minute increases the risk.,……なるほど。\nならもう少しここで待つとしよう。ただ、一分ごとに危険が増すことは承知しておいてくれ。
PROPQUEST_INC_155051,"Don't slow down for me.\nThese creatures are reacting to the information I'm carrying, not to you.",私に気を遣って速度を落とさないでくれ。\nこれらの生物は、お前ではなく私が持っている情報に反応しているんだ。
PROPQUEST_INC_155052,"You made it out alive and with the doctor. Good.\nDr. Root, start from the beginning. If this is what I think it is, we don't have much time.",生きて戻ったか、しかも医者も一緒に。よし。\nルート博士、最初から話してくれ。もしこれが私の思っている通りなら、あまり時間がない。
PROPQUEST_INC_155053,Escort Dr. Root safely through the portal.,ルート博士を無事にポータルまで護衛する
PROPQUEST_INC_155054,Shiny Bits from Very Angry Things,怒れる者たちの光る欠片
PROPQUEST_INC_155055,"So it's confirmed. Those things aren't just wild animals anymore.\nIf they're changing this fast, we need proof of what is in charge of all this and we need it now.",これで確定だ。あれらはもう、ただの野生動物じゃない。\nこれほど急速に変化しているなら、この裏に何がいるのか証拠が必要だ、それも今すぐに。
PROPQUEST_INC_155056,"Please take down the creatures deep inside the fields and bring back whatever's left of them.\nI don't care how ugly it looks. If it moved, it matters.",畑の奥深くにいる生物を討伐して、残ったものを何でも持ち帰ってきてくれ。\nどれほど酷い見た目でも構わない。動いていたなら、それは重要なんだ。
PROPQUEST_INC_155057,...I won't force you.\nBut please understand this every one of those things left alive puts the village at risk.,……無理強いはしない。\nだが理解してほしい、あれらが一体でも生き残っていれば、村は危険にさらされるということを。
PROPQUEST_INC_155058,"Don't hesitate.\nThe longer they roam free, the bolder they'll get.",躊躇うな。\n奴らが自由に動き回るほど、大胆になっていく。
PROPQUEST_INC_155059,...So this is what we're dealing with.\nThat's no ordinary monster tissue. This confirms it we're facing something unnatural.,……つまり、これが相手にしているものというわけか。\nただのモンスターの組織じゃない。これで確定だ、我々は自然ではない何かに直面している。
PROPQUEST_INC_155060,Hunt 30 Nightmyst and collect 5 Mutated Vine Cores.,ナイトミストを30体討伐し、変異したツルの核を5個収集する
PROPQUEST_INC_155061,That Smell Is Definitely Not Normal,その匂いは絶対に普通じゃない
PROPQUEST_INC_155062,I don't know how to put this... but something's wrong.\nThere's a smell coming from deeper inside. Not rot something sharper.,どう言えばいいのか分からないが…何かがおかしい。\n奥の方から匂いがしてくるんだ。腐敗臭じゃない、もっと鋭い何かだ。
PROPQUEST_INC_155063,"I can't be sure what it is, but I've smelled it before.\nWhen something isn't meant to exist.\nGo to Elder Silar. If anyone can make sense of this, it's him.",何なのか確信はないが、以前にも嗅いだことがある匂いだ。\n本来存在してはならないものの匂いだ。\n長老サイラーのもとへ行ってくれ。これを理解できる者がいるとすれば、彼だろう。
PROPQUEST_INC_155064,...Very well.\nJust remember this isn't just about a bad smell. Someone will have to face it sooner or later.,……よかろう。\nただ、これはただの悪臭の話ではないということを忘れるな。誰かが遅かれ早かれ、これに向き合わねばならなくなる。
PROPQUEST_INC_155065,Don't ignore it.\nThat stench isn't natural and it's getting stronger.,無視するな。\nあの悪臭は自然のものではないし、しかも強まっている。
PROPQUEST_INC_155066,"...The stench of beasts fills the air.\nThis is no ordinary decay. Something is being twisted by force.\nIf we are to understand it, we'll need more samples.",……獣の悪臭が辺りに満ちている。\nこれはただの腐敗ではない。何かが力によって歪められているんだ。\nこれを理解するには、もっとサンプルが必要だ。
PROPQUEST_INC_155068,Meet Elder Silar and hand over the Mutated Vine Cores.,長老サイラーに会い、変異したツルの核を渡す
PROPQUEST_INC_155069,Research Requires Excessive Violence,研究には過剰な暴力が必要だ
PROPQUEST_INC_155070,The truth won't reveal itself willingly.\nWe'll have to force it out.,真実は自ら姿を現しはしない。\n力ずくで引きずり出すしかない。
PROPQUEST_INC_155071,Bring me samples from the creatures inside.\nTwenty should suffice. Only then can I determine what we are truly facing.,中にいる生物からサンプルを持ってきてくれ。\n20個あれば十分だろう。それがあって初めて、我々が本当に何と対峙しているのか判断できる。
PROPQUEST_INC_155072,I see.\nThen we remain in the dark and darkness is rarely merciful.,そうか。\nならば我々は暗闇の中に留まることになる、そして闇はめったに慈悲深くない。
PROPQUEST_INC_155073,Do not hesitate.\nThese creatures are no longer part of the natural order.,躊躇うな。\nこれらの生物は、もはや自然の摂理の一部ではない。
PROPQUEST_INC_155074,"...So this confirms it.\nThe corruption is spreading, but it is being guided drawn toward something.\nIf this continues, it will reach the heart of the farm, then flood into village.",……これで確定だ。\n汚染は広がっているが、何かに導かれるように引き寄せられている。\nこのまま続けば、農場の中心に達し、やがて村へと流れ込むだろう。
PROPQUEST_INC_155075,"Collect 20 booty items each from Mushbro, Blossom, Oldroot, Minimusha, Lady Bloom, and Nightmyst.",マッシュブロ、ブロッサム、オールドルート、ミニムシャ、レディブルーム、ナイトミストからそれぞれ戦利品を20個収集する
PROPQUEST_INC_155076,Drop Everything and Move,全てを投げ出して動け
PROPQUEST_INC_155077,This is beyond research now.\nWhatever is causing this is gathering strength and it's doing so quickly.,もはや研究の域を超えている。\nこれを引き起こしている何かは力を蓄えつつあり、しかもその速度は速い。
PROPQUEST_INC_155078,"You must inform Captain Baron immediately.\nIf we delay any longer, the village itself will be at risk.",すぐに隊長バロンに知らせなければならない。\nこれ以上遅れれば、村そのものが危険にさらされる。
PROPQUEST_INC_155079,...Then we will lose the little time we have left.\nI strongly advise against hesitation.,……ならば、残されたわずかな時間を失うことになる。\n躊躇うことは強く勧めない。
PROPQUEST_INC_155080,Go.\nEvery moment we waste gives it more time to grow.,行け。\n無駄にする一瞬一瞬が、あれに成長する時間を与えてしまう。
PROPQUEST_INC_155081,"...So it's reached that point.\nThen we don't wait. We move now.\nAll units, prepare yourselves. This ends today.",……ついにそこまで来たか。\nならば待たない。今すぐ動く。\n全部隊、準備をしろ。今日で終わらせる。
PROPQUEST_INC_155082,Report Elder Silar's findings to Captain Baron at his post.,長老サイラーの調査結果を、持ち場にいる隊長バロンに報告する
PROPQUEST_INC_155083,One Last Favor Before Total Disaster,完全な破滅の前に、最後の頼み
PROPQUEST_INC_155084,This is it.\nEverything we've seen leads here.,ここが正念場だ。\n我々が見てきた全てが、ここへと繋がっている。
PROPQUEST_INC_155085,"No more waiting. No more guesses.\nYou go in, find the source, and end it.\nWe'll hold the line out here.",もう待つのも、推測するのも終わりだ。\nお前は中に入り、発生源を見つけて終わらせろ。\n我々はここで持ちこたえる。
PROPQUEST_INC_155086,"...I won't push you.\nBut once you step back, there may not be another chance.",……無理強いはしない。\nだが一度引けば、次の機会はないかもしれない。
PROPQUEST_INC_155087,"The entrance is unstable.\nOnce you go in, don't expect an easy way out.",入り口は不安定だ。\n一度入れば、簡単には出てこられないと思ってくれ。
PROPQUEST_INC_155088,So... it's over. At least for now.\nYou did well. Whatever was nesting in there won't threaten us again.,そう…終わったのか。少なくとも今のところは。\nよくやってくれた。あそこに巣くっていたものが、二度と我々を脅かすことはないだろう。
PROPQUEST_INC_155089,"...But the fields are still ruined.\nNo crops, no food-this problem won't solve itself.",……だが畑は依然として荒れ果てたままだ。\n作物もなければ食料もない——この問題は自然には解決しないぞ。
PROPQUEST_INC_155090,"We'll have to adapt. Find new ingredients, new methods... maybe even new recipes to cook what we have.\nWhen the time comes, I'll need your help again.",我々は適応するしかない。新しい食材、新しい方法…あるものを調理する新しいレシピすら必要になるかもしれない。\nその時が来たら、また力を貸してもらうことになるだろう。
PROPQUEST_INC_155091,Hunt [Queen of Thorns] Entaness inside the dungeon.,ダンジョン内で[棘の女王]エンタネスを討伐する
PROPQUEST_INC_155092,Escorting the Nervous Farmer,怯える農夫の護衛
PROPQUEST_INC_155093,"O-oh… it’s you again. I-I know I should be used to this by now, b-but I really don’t like walking alone…",お、おお…また君か。も、もう慣れているはずなのに、で、でも一人で歩くのは本当に苦手なんです…
PROPQUEST_INC_155094,"Y-you’ll walk with me, r-right? Th-thank you… j-just don’t leave me behind, okay?",い、一緒に来てくれますよね？あ、ありがとうございます…お、置いていかないでくださいね？
PROPQUEST_INC_155095,O-oh… I s-see… I-I guess I’ll wait here a bit longer… maybe it’ll be safer later…,そ、そうですか…な、なら、もう少しここで待つことにします…あ、後の方が安全かもしれませんし…
PROPQUEST_INC_155096,Aah! D-don't leave me here! I-I knew this was a mistake... I-I'm going back to hide in the village b-before something eats me!,ああっ！お、置いていかないで！や、やっぱりこれは間違いだった…な、何かに食べられる前に、む、村に戻って隠れます！
PROPQUEST_INC_155097,"Sprout made it back safely. Good. He’s shaken, but unharmed—that’s what matters. You’ve done your part. The village appreciates it.",スプラウトは無事に戻ってきた。よし。怯えてはいるが、怪我はない——それが一番大事なことだ。お前は役目を果たしてくれた。村を代表して感謝する。
PROPQUEST_INC_155098,Escort Sprout safely to Baron.,スプラウトを無事にバロンのもとへ護衛する
PROPQUEST_INC_155099,Walking with a Short Fuse,短気な男との道行き
PROPQUEST_INC_155100,"Great. Just the person I was hoping to see. I need to get back, and I’m not in the mood to deal with trouble alone.",ちょうどいい。会いたかった相手だ。戻らなきゃならないんだが、一人で厄介事に対処する気分じゃないんでね。
PROPQUEST_INC_155101,"Alright. Stay sharp. If something jumps out, I’ll handle the front—you watch my back.",よし。気を抜くな。何か飛び出してきたら、前は俺が引き受ける——お前は背後を頼む。
PROPQUEST_INC_155102,Tch. Figures. Fine. I’ll make the walk myself. Wouldn’t be the first time.,チッ。相変わらずだな。いい、一人で歩くさ。初めてってわけでもない。
PROPQUEST_INC_155103,Tch. I knew I couldn't count on the guard. You're just dead weight. I'll make it back myself and don't expect me to be quiet about this.,チッ。守衛なんて当てにならないと分かってたよ。お前はただの足手まといだ。自分で戻るからな、この件について黙っているとは思うなよ。
PROPQUEST_INC_155104,"You’re back and Thorn too, in one piece. That’s no small feat. I’ll consider this route secured for now.",戻ってきたか、ソーンも無事とはな。大したものだ。この経路は、ひとまず安全と見なしておこう。
PROPQUEST_INC_155105,Escort Thorn safely to Baron.,ソーンを無事にバロンのもとへ護衛する
PROPQUEST_INC_155106,Escorting the Mind Behind the Research,研究の頭脳を護衛する
PROPQUEST_INC_155107,I was just about to return. Your timing is convenient these paths are rarely quiet anymore.,ちょうど戻ろうとしていたところだ。良いタイミングだな——最近、この道は静かなことがめったにない。
PROPQUEST_INC_155108,"Good. I’ll proceed at my own pace. If anything interferes, remove it. I’d rather not lose my train of thought.",よし。私は自分のペースで進む。何かが邪魔をしたら、排除してくれ。思考の糸を切らしたくないんでね。
PROPQUEST_INC_155109,"I understand. Then I’ll wait. Though waiting, in this environment, carries its own risks.",分かった。では待つとしよう。もっとも、この環境で待つこと自体にもリスクが伴うがな。
PROPQUEST_INC_155110,An unfortunate tactical error. The environmental risk has exceeded my safety parameters... I must abort this extraction to prevent further data loss.,不運な戦術上の誤算だ。環境リスクが私の安全基準を超えてしまった……これ以上のデータ損失を防ぐため、この採取任務を中断せざるを得ない。
PROPQUEST_INC_155111,"Doctor, you’re back safely. Good work. Keeping minds like yours protected is just as important as guarding the walls. You’ve earned today’s reward.",博士、無事に戻ったか。よくやった。お前のような頭脳を守ることは、城壁を守るのと同じくらい重要なことだ。今日の報酬は受け取るに値するぞ。
PROPQUEST_INC_155112,Escort Dr. Root safely to Baron.,ルート博士を無事にバロンのもとへ護衛する
PROPQUEST_INC_155113,The $QUEST_END_KILL_NAME$ has been spotted on the eighth floor of the Forsaken Tower.,忘却の塔8階で$QUEST_END_KILL_NAME$が目撃された。
PROPQUEST_INC_155114,The $QUEST_END_KILL_NAME$ has been spotted on the ninth floor of the Forsaken Tower.,忘却の塔9階で$QUEST_END_KILL_NAME$が目撃された。
PROPQUEST_INC_155115,The $QUEST_END_KILL_NAME$ has been spotted on the tenth floor of the Forsaken Tower.,忘却の塔10階で$QUEST_END_KILL_NAME$が目撃された。
PROPQUEST_INC_155116,Save the Forgotten Soul of the Drifters,漂流者たちの忘れられた魂を救え
PROPQUEST_INC_155117,Save the Forgotten Soul of the Drifters (2),漂流者たちの忘れられた魂を救え（2）
PROPQUEST_INC_155118,The Shattered Soul of the Maidens,乙女たちの砕けた魂
PROPQUEST_INC_155119,The Shattered Soul of the Maidens (2),乙女たちの砕けた魂（2）
PROPQUEST_INC_155120,Spirit Shards of the Fallen,倒れし者たちの魂の欠片
PROPQUEST_INC_155121,Spirit Shards of the Fallen (2),倒れし者たちの魂の欠片（2）
PROPQUEST_INC_155122,Soul Fragments of the Forsaken,見捨てられし者たちの魂の断片
PROPQUEST_INC_155123,Soul Fragments of the Forsaken (2),見捨てられし者たちの魂の断片（2）
PROPQUEST_INC_155124,The Scattered Essence,散らばりし精髄
PROPQUEST_INC_155125,The Scattered Essence (2),散らばりし精髄（2）
PROPQUEST_INC_155126,Gathering the Lost Essence,失われし精髄を集めて
PROPQUEST_INC_155127,Gathering the Lost Essence (2),失われし精髄を集めて（2）
