Key,English,Japanese
PROPQUEST_SCENARIO_INC_000299,Prologue,～序章～
PROPQUEST_SCENARIO_INC_000304,Questioning,隠された歴史の謎
PROPQUEST_SCENARIO_INC_000305,"Hmm... What should I do? Hey, can you help me?",うーん、これは一体どういうことなのかしら…。あら！あなたはいつからそこにいたの？考え事をしていて全然気が付かなかったわ、ごめんなさい。
PROPQUEST_SCENARIO_INC_000306,"I have been worried for so long, I know I must look a mess. It is good to have a friendly ear to turn to.",最近、悩み事だらけで・・・悩みすぎて肌が荒れてきちゃったくらいです。ふふふ。ちょうどよかった、ちょっと手伝ってもらいたいことがあるのですが、よろしいでしょうか？
PROPQUEST_SCENARIO_INC_000307,"I am studying recent history, but it is really hard. So would you please help me? Please?",私は新しい歴史の研究をしている歴史学者なのですが、これが本当に大変な作業なんです。そこであなたにお願いしたいことがあるんです。力を貸してくださいませんか？
PROPQUEST_SCENARIO_INC_000308,Really? Wow! Thanks a lot! Please go to the office and deliver my application for a scholarship. Thank you.,ありがとうございます。では今からシティホールに行って＜研究費用の申請書＞を作成したら、それを市長に渡してください。お願いしますね。
PROPQUEST_SCENARIO_INC_000309,What? Awww I knew it was too good to be true.,あら…お忙しいようですね、残念です。簡単な頼みごとですので、お手伝いしてくださる時間ができたら、また来てくださいな。
PROPQUEST_SCENARIO_INC_000310,"Oh, it seems like Martinyc is too busy to deliver her own applications.",申請書ですか？マルティニークもずいぶん忙しいようですね、冒険者の方にお願いするなんて。はい、わかりました。研究費用はすぐ支給されるはずです、とお伝えください。宜しくお願いします。
PROPQUEST_SCENARIO_INC_000311,May I help you? You want to fill out an application? The form is on the right side of the office.,何かご用でしょうか？はい、申請書ですね。それならシティホールの右側に置いてありますよ。
PROPQUEST_SCENARIO_INC_000312,Go to the office and deliver a scholarship application to the Mayor.,シティホールに行って＜研究費用の申請書＞を作成し、それを市長に渡しにいこう。
PROPQUEST_SCENARIO_INC_000314,Cracked Continent,暗殺者の影
PROPQUEST_SCENARIO_INC_000315,"Thank you very much for your help! I received plenty of money to study history thanks to you. Listen, it looks like all of the data about Madrigal is distorted.",研究費はちゃんといただきました、ありがとう。これで安心して研究が進められます。あの…まだ、誰にも話してないことですが…ええ、信じてくださらない方もいるでしょうけど…。実は、今のマドリガルの歴史に関する資料は、全て歪曲されているのです。
PROPQUEST_SCENARIO_INC_000316,I have been studying Madrigal history apart from the History Society and it seems that they do not want to correct the distorted history in these books.,マドリガルの歴史を詳しく調べると、おかしなところがたくさんあるんです。でも、マドリガル歴史協会は矛盾点を知っているにも関わらず、修正しようとしないのです。私はそれが何だか気になって…それで一人でいろいろ調べてみたのです。
PROPQUEST_SCENARIO_INC_000317,The other day I was almost killed by renegade Blades but I cannot stop now. No matter what the History Society wants.,調査を始めて少し経った頃でしょうか…恐ろしいことに、ある日私は何者かによって命を狙われそうになりました。何となくそれが、私の調べている歴史の事に関係しているような気がしてならないのです。何か私の知らない大きな力が動いているような…
PROPQUEST_SCENARIO_INC_000318,"I will find out the true history of Madrigal, I have to. Would you please help me? The danger for you could be great however.",マドリガルの真の歴史を必ず突き止めなければなりません。手伝ってもらえますか？ただし、あなたにとって大きな危険が伴うかもしれません。
PROPQUEST_SCENARIO_INC_000319,Will you help me regardless of the danger?,マドリガルの真実を知るため、そして正義のために。どうかお願いします。
PROPQUEST_SCENARIO_INC_000320,"I knew you would! First, bring me 5 rocks from each of the 3 inhabited continents. Each continent has an Altar, bring me the rocks from each of these.",ありがとうございます、とても心強いです。さて、マドリガルに存在する３つの大陸には古代のものと思われる、奇妙で神秘的な祭壇があります。そこにある＜岩石の欠片＞を5個づつ集めてきてくれませんか？それぞれの大陸ごとに、5個づつです。宜しくお願いしますね。
PROPQUEST_SCENARIO_INC_000321,Thanks for listening to me anyway. I understand if you are unwilling to risk your life.,そうですか。命をかけるほどの問題ではない、ということですね？ご理解いただけないのは仕方ないです。話だけでも聞いてくれてありがとう。
PROPQUEST_SCENARIO_INC_000322,Hmm... This is exactly what I expected. I will study these some more but before you go please...,なるほど。やはり私の考えと一致しているようです。もっと多くの調査を行わないと、詳しいことはわかりませんが…。どうもありがとうございます。あ！それと…
PROPQUEST_SCENARIO_INC_000323,"...you should be very, very careful. I am almost sure that the assassins that tried to kill me will come after you.",これからは気をつけてください。何をって？私を狙っていた暗殺者が今度はあなたを狙うかもしれませんから。あなたのような強い人なら、心配するようなことはないかもしれませんが。どうぞ、お気をつけて。
PROPQUEST_SCENARIO_INC_000324,"Please bring me 5 rocks from each continent - Flaris, Darkon, and Saint Morning. Good luck!",フラリス、ダーコン、セイントモーニング、それぞれ3つの大陸に散らばる＜岩石の欠片＞を各5個づつ集めてきてください。お願いします。
PROPQUEST_SCENARIO_INC_000325,There are ancient altars on each continent. Please bring me 5 rocks from each contient.,フラリス、ダーコン、セイントモーニングの3大陸に散らばる＜岩石の欠片＞を各5個づつ集めてこよう。それらは祭壇と呼ばれる場所の近くで見つかるそうだ。
PROPQUEST_SCENARIO_INC_000327,Plot Begins,隠された秘密を追って
PROPQUEST_SCENARIO_INC_000328,"This is evidence that the continents were once one land mass. I am trusting you with this information because, well...",これは集めてきてくれた資料から分かったことをまとめて作成したレポートです。このレポートには、マドリガル大陸の分裂に関する証拠が書かれていますが、これはまだ誰にも知られてはいけない、トップシークレットなのです。これをあなたに見せた理由は…
PROPQUEST_SCENARIO_INC_000329,...we are in the same boat now. We are in danger together. Would you go through with me to the end?,あなたはもう、私と同じ船に乗ったわけですから。ふふふ！最後まで私と一緒に、歴史の謎を解いてくれますよね？
PROPQUEST_SCENARIO_INC_000330,Okay. Now please deliver this to Gothante. He is the chairman of the History Society in Saint City. Do not forget to be aware of the assasins.,そうこなくっちゃ！あなたは本当に素敵な人だわ！では、このレポートをセイントモーニングにいるマドリガル歴史協会のゴダンテ会長に渡してください。お願いします。道々、どうか気をつけて。
PROPQUEST_SCENARIO_INC_000331,"I do not want to force you, but never forget that you are in danger.",あなたが嫌なら、強要はしません。でも、あなたはすでに私と同じ船に乗ってしまった…。あなたも危険な目に遭うかもしれないということを忘れないでくださいね。
PROPQUEST_SCENARIO_INC_000332,This... This is... Bubble protect us. Martinyc has finally crossed the line. It is about time.,こ、これは…！なんと、マルティニークはついに、手がかりをつきとめたのか…ふむ。
PROPQUEST_SCENARIO_INC_000333,Thank you very much. Take this letter of recommendation and visit Hachal in Darkon 1.,レポートを届けてくれてご苦労だったね。これから私が推薦状を書いてあげるから、これを持ってキプラ（ダーコン第1地区）に住んでいる＜ハカル＞のもとに行ってくれ。
PROPQUEST_SCENARIO_INC_000334,I am sure he can help you. Take care!,歴史学に造詣の深い＜ハカル＞なら、きっと君の力になれると思う。では、気をつけて行ってきてくれ。
PROPQUEST_SCENARIO_INC_000335,Do you want to know about the true history of Madrigal? Then I am the man to talk to.,マドリガルの歴史を詳しく知りたいと？おやまあ、感心な若者だ。ハハハ。
PROPQUEST_SCENARIO_INC_000336,"Deliver this to Gothante, he is the Chairman of the History Society in Saint City.",マルティニークのレポートをセイントモーニングにいるマドリガル国立歴史協会の＜ゴダンテ＞会長に渡しにいこう。
PROPQUEST_SCENARIO_INC_000338,Chapter 1 The Field of Bubble,バブルの平原にまつわる謎
PROPQUEST_SCENARIO_INC_000339,Hmm? Did Gothante tell you to visit me? Why?,おや、見たことのない顔だが、君は誰だ？
PROPQUEST_SCENARIO_INC_000340,"Oh, I see. Iblis watch over me, what is this information!? Who could have dug up this much of the past? Only one person?",その封筒がどうかしたのか？おや、これは確かに＜ゴダンテの推薦状＞に間違いない。ん、この資料は？…ふむ。おお、これは！
PROPQUEST_SCENARIO_INC_000341,Martinyc of course. She has finally done what we all knew she would. She does not fear death like she should. The young are too fearless these days.,マルティニーク…ここまでつきとめたとは、ずいぶん勇敢な子だよ！無鉄砲といえばいいのかね。命が何個あっても足りないな、最近の若者は。ハハッ。
PROPQUEST_SCENARIO_INC_000342,Aw well we all knew that the true history of Madrigal would be discovered eventually. And we all knew that Martinyc would be the one to uncover it.,まったくたいしたもんだよ。ひょっとすると、これで隠されていたマドリガルの歴史が明らかになるかもしれないぞ。
PROPQUEST_SCENARIO_INC_000343,By the way... Are you going to continue with this?,君はまだ、この先を確かめるつもりなのかい？いやはや...。ところで君、＜バブルの平原＞は知ってるかい？
PROPQUEST_SCENARIO_INC_000344,Good. We will go to the Field of Bubble. There is more evidence to be found there. Hurry.,このレポートを読んでピンときたが、そこに行けば何か手がかりが見つかると思う。調べたいことがあるから、私はこれからそこへ向かうつもりだ。良かったら、君も一緒に来るといい。
PROPQUEST_SCENARIO_INC_000345,"What? No, you cannot stop now. You have come so far.",なんと、もうこの話には興味がないと？言いにくいが、君はもう危険な船に片足をつっこんでしまったんだよ。ここで降りるのは…少し考え直した方がいいと思うがね。
PROPQUEST_SCENARIO_INC_000346,Ahhh you are here finally. Give me the data and letter of recommendation.,おお、もう到着したのかね？早かったな！
PROPQUEST_SCENARIO_INC_000347,This place is very strange... Hmm... Field of Bubble... What do you think about it?,＜バブルの平原＞は、多くの謎に包まれたところなんだ。その謎については、はっきりとしたことはまだ解明されていないがね。
PROPQUEST_SCENARIO_INC_000348,"You know the Field of Bubble, right? I think we can find some evidence there. Lets go! Hurry up!",ハカルを追って＜バブルの平原＞へいこう。そこでハカルが次の指示を教えてくれるはずだ。
PROPQUEST_SCENARIO_INC_000350,Chapter 1: Field of Bubble: The Strange Pattern,怪しい文様が意味するもの
PROPQUEST_SCENARIO_INC_000351,Before you showed up I took a look around and found something strange to the North. The ground was dug up and...,君が来るのを待っていたよ。君がここに着く前に、このあたりをあちこち調べてみたんだが…。あそこの北の方で地面が怪しく光っている、奇妙な場所を発見したんだよ。
PROPQUEST_SCENARIO_INC_000352,...it looked like some kind of pattern. I could get a close look at it because it was surrounded .,その場所は、何か不思議な文様の形をしていた。詳しくは分からないが確かに何かの模様だった。なんで詳しく見てこなかったのかって？それは…
PROPQUEST_SCENARIO_INC_000353,Strange fellows were hanging around there. I think they were defending something. There was no way I could have fought them off.,何だか変な奴らがそこを見張っていたのさ。まるでそこを守るかのようにな。もし、そいつらに見つかったところで、私は非力だし、あいつらと戦えるはずもないさ。
PROPQUEST_SCENARIO_INC_000354,Would you check? I am sure they are no match for you.,君なら、あいつらと戦っても十分相手にできそうだが…。私の代わりに調べてきてはくれないか？
PROPQUEST_SCENARIO_INC_000355,Great! I am sure that there is something to that pattern. Check it closely and bring me what you find.,ありがとう。本当に君は勇敢な若者だな。おそらくあの場所とその文様からは、歴史の謎を解く手がかりが見つかる気がするのだ。では、気をつけて行ってきてくれたまえ！
PROPQUEST_SCENARIO_INC_000356,Are you really ready to give up? I cannot force you but think about the future.,本当にやめるつもりか？せっかくここまで調べたのに、乗りかけた船を降りてしまうなんて。
PROPQUEST_SCENARIO_INC_000357,Oh! This! The legend is... Martinyc was right! Oh... What should we do now... Iblis watch over me!,む！むむ、これは…！！あの伝説が…マルティニークのレポートは真実だったということか、驚いたぞ。しかし、これはいったい何を意味しているのか…。ふむ、また新たな謎が出てきたな。
PROPQUEST_SCENARIO_INC_000358,Were those fellows too strong for you? Bring more people with you and continue checking. I am not strong enough to help you with them.,あの場所にいた変なやつらのことだが、それ相応の屈強な奴らに見えたぞ。気をつけてくれ。一人では手強いと思ったら、パーティーを組んでみるのも手だろう。
PROPQUEST_SCENARIO_INC_000359,I am sure we can find out something by checking the pattern. Please check it carefully and bring me whatever you get.,平原で見つかった不思議な文様の近くには、歴史の謎を解く手がかりがあるという。もういちどその場所に向かい、手がかりを見つけよう。
PROPQUEST_SCENARIO_INC_000361,Chapter 1: Field of Bubble: The Violet Magician Troupe,謎の魔術師を追え
PROPQUEST_SCENARIO_INC_000362,Hmm... I checked the cloth piece you brought me. It seems like the pattern on the cloth piece is the same as the one I saw on the ground.,君が持って来てくれたこの布切れを調べたら、これはある文様の一切れだったことが分かったぞ。大変重要な手がかりだ。そして、君が調べてきてくれた話と照合すると、マドリガルの遺跡などからよく発見される古代文様とは違う、何か特殊な文様のようなんだ。
PROPQUEST_SCENARIO_INC_000363,"However, there is a mystrious power in this cloth piece. I will check it out some more. By the way, have you ever heard of the Magic Troupe in Purple? I found out about them by chance.",この布切れには不思議な力が宿っているらしい。どんな力かは、これから調べてみるつもりだがね。あと、この布切れの模様について調べているうち、偶然つきとめた手がかりなんだが…君、＜バイオレットシャドウ・マジシャンズ＞という名前を聞いたことがあるかね？
PROPQUEST_SCENARIO_INC_000364,"I do not know the details, but I know that this group has something to do with the secrets of Madrigal.",私も詳しくはわからないのだが、マドリガルの隠された秘密と何か深い関わりのある集団らしいということだけはわかっている。
PROPQUEST_SCENARIO_INC_000365,I think we need more information about this Troupe. How about helping me once more? Would you do that for me?,この謎の集団について、もっと詳しく調べてみたいのだが。君の勇敢な腕を見込んでだが、また手伝ってくれないかね？
PROPQUEST_SCENARIO_INC_000366,Great! Please gather information about the Troupe and its members. You will have to fight them to get any information out of them.,君なら首尾良くやってくれると信じているよ。では＜バイオレットシャドウ・マジシャンズ＞と、リーダーの情報を調べてきてくれ。あいつらと実際に戦えば情報はわかるだろう。私は一足先にダーコンに帰って調査を始める。情報を仕入れたらダーコンまで来てくれ。頼んだぞ。
PROPQUEST_SCENARIO_INC_000367,You are afraid of them? I can hardly believe that. Ha ha ha.,得体の知れない集団を相手にするのは気が引けるのか？見かけによらず臆病なんだなあ。
PROPQUEST_SCENARIO_INC_000368,Hmm... That was exactly what I thought... Now go back and take a rest. But please visit me again later. Thank you very much.,おお、戻ってきたね。そうか…やはり私の調べた情報に間違いはなかったな。よくやってくれた、感謝するよ。疲れただろう、今日は帰ってゆっくり休みなさい。十分に体を休めたら、また訪ねてくれたまえ。
PROPQUEST_SCENARIO_INC_000369,Was it too much for you? Ah...but we need information about them.,ご苦労様。謎の集団について調べるのはだいぶ骨が折れただろう？しかしやつらの秘密を解かない限りは、調査が進められない。
PROPQUEST_SCENARIO_INC_000370,Fight them to get information from them. I will meet you in Darken.,＜バイオレットシャドウ・マジシャンズ＞と、そのリーダーの情報を調べよう。彼らと実際に戦えば情報はわかるという。彼らを倒したら、情報を＜ハカル＞に報告するためにダーコンへ戻ろう。
PROPQUEST_SCENARIO_INC_000372,Chapter 2 Hill of Shade,謎の文様と手がかり
PROPQUEST_SCENARIO_INC_000373,Hey! Great timing! I have just found out about something very interesting.,おや、来てくれたね。君を待っていたよ。また新しいことがひとつわかったんだ、とても興味深いことがね。
PROPQUEST_SCENARIO_INC_000374,"Do you know what this is? Well, I am sure you do not but I will tell you.",これこれ。このまえ、君が私に持ってきてくれた布切れを覚えてるだろう？　
PROPQUEST_SCENARIO_INC_000375,This is an entire picture of the pattern we found. I found it in one of my books but it was the only picture I could find.,これが、あの布切れに書いてあった文様の全体図だ。随分古いものだからところどころ薄くはなっているがね。古い文献を片っ端から調べていたら発見したのさ。残念なことに、この絵だけしか手がかりは見つからなかったが。
PROPQUEST_SCENARIO_INC_000376,I need your help once again. Would you do ma a favor?,もっと詳細な調査をするために資料がほしいんだが、それもまた君に頼みたいと思っている。どうだ？やってくれないか？
PROPQUEST_SCENARIO_INC_000377,Take this picture. Please deliver it to Rovanett in the National Library in Saint City. You can find her at Saint Hall.,さあ、この絵を受け取って、セイントシティーの国立図書館で働いている＜ロバネット＞に渡してくれ。＜ロバネット＞はセイントホールにいるはずだ。
PROPQUEST_SCENARIO_INC_000378,Hey we are in this together. We are all in the same boat. You would do better to help me You know that.,ちょっと助けてよ！どうせ同じ船に乗った仲間じゃないか！ 
PROPQUEST_SCENARIO_INC_000379,Hmm... Is this what Hachal said? Good job. Thank you very much. Let me check.,こんにちは。詳しいことはハカル氏から連絡を受けています。なるほど、これがハカル氏の言っていた絵ですね、お預かりします。これから調べてみますので、もう一度いらっしゃってください。
PROPQUEST_SCENARIO_INC_000380,History is always more interesting than current events but this is especially mysterious.,古代マドリガルの書物に書かれている記述はとても神秘的で謎に満ちています。ですので、現在のわたしたちの知識では理解できないことが多くあるのです。興味深いでしょう？
PROPQUEST_SCENARIO_INC_000381,Here. Take this picture. Please deliver it to Rovanett who is working in the National Library in Saint City. You can find her in Saint Hall.,この絵を受け取って、セイントシティーの国立図書館で働いている＜ロバネット＞に渡してくれ。＜ロバネット＞はセイントホールにいるはずだ。
PROPQUEST_SCENARIO_INC_000383,Chapter 2 Hill of Shade: The Great Troupe Leader.,シェードの丘にまつわる謎
PROPQUEST_SCENARIO_INC_000384,Oh your story about the pattern reminds me of something I read in one of the ancient texts.,この文様については心当たりがあります。以前、わたしが古文書などを整理しているときに発見しました。
PROPQUEST_SCENARIO_INC_000385,Do you know the Hill of Shade? I found it in one of my books but have only dared to venture there once.,私も古文書で読んで何度か訪れたことがあるのですが、実は＜シェードの丘＞を訪れた時に、＜バブルの平原＞で見つかった文様と非常に良く似た文様を見かけた記憶があるのです。
PROPQUEST_SCENARIO_INC_000386,There is a pattern similar to the one that you saw in the Field of Bubble. Or maybe it was exactly the same. If those two patterns are the same...,私が思うに、＜シェードの丘＞にも＜バブルの平原＞と何か共通した秘密が隠されているように感じるのです。
PROPQUEST_SCENARIO_INC_000387,...maybe you can also find a cloth piece over there. Would you please go and check?,おそらくそこにも、あなたが＜バブルの平原＞で探してきたものと同じ布切れがあるはず。一度、調査をしてきていただけませんか？
PROPQUEST_SCENARIO_INC_000388,Thank you. Please check around for the pattern in the Hill of Shade. Oh! Please be careful because there is something very fierce over there!,ありがとうございます。では＜シェードの丘＞にある文様の周辺を調査してきてください。ひとつ言い忘れていましたが、あそこはとても凶悪なモンスターがうろついていますので、十分に気をつけてくださいね。
PROPQUEST_SCENARIO_INC_000389,I understand but if you ever get the chance would you please check?,そうですか、わかりました。お急ぎの用事があるようでしたら、あとでも構いませんので。またいらっしゃってください。
PROPQUEST_SCENARIO_INC_000390,"Iblis above, you look terrible. I appreciate your hard work. You did exceptional work. Let me compare the two cloth pieces.",調べてきていただけたようですね、お疲れさまでした。やはり布切れも見つかったようですね、早速、調査いたします。ありがとうございます！
PROPQUEST_SCENARIO_INC_000391,Maybe the monster I mentioned earlier was too much for you to handle? You can try again if you wish or not up to you.,＜シェードの丘＞にたむろする凶悪なモンスターは、いくら屈強な冒険者の方といえど、一人では無理かもしれません。その場合はパーティーを組んで倒すのもひとつの方法でしょう。ご無事を祈ります。
PROPQUEST_SCENARIO_INC_000392,Please check around for the pattern in the Hill of Shade. Oh! Please be careful because there is something very fierce over there!,＜シェードの丘＞にある不思議な文様の周辺を調査し、手がかりとなるものを探そう。
PROPQUEST_SCENARIO_INC_000394,Chapter 2 Hill of Shade: History of Hardship,紐解けはじめた謎
PROPQUEST_SCENARIO_INC_000395,I finished checking the data that Hachal provided. Please deliver this to Hachal.,ご協力おつかれさまでした。要請のあった資料の調査が終わりましたので、この調査書をハカル氏に渡してくださいね。
PROPQUEST_SCENARIO_INC_000396,I hope you will continue to be as lucky as you have been.,勇気ある冒険者の方、ご協力ありがとうございました。あなたのおかげでマドリガルの歴史について非常に有意義な事実が発見されることでしょう。感謝いたします。
PROPQUEST_SCENARIO_INC_000397,If not you then who? No one can take this job!,ええ？渡してくれないのですか？そんなことおっしゃらずに、お願いします。
PROPQUEST_SCENARIO_INC_000398,Hmm... History of Hardship. So did he give this to you? Excellent. If he says this will be useful then I am sure it will.,おお、戻ってきたな。ロバネットからの資料、たしかに受け取ったよ。古文書の知識においてはマドリガル一だろうと言われる博識な彼女が作成した調査書だから、興味深い情報が書かれているだろう。さっそく読ませてもらうよ。
PROPQUEST_SCENARIO_INC_000399,See you later. Take care.,君はとても素晴らしい冒険者だ。感謝しているよ。
PROPQUEST_SCENARIO_INC_000400,Did Rovanett say anything? That makes no sense. Please visit her again. She must have something to say to you.,ロバネットは、何も答えなかったのか？そんなはずはない、もう一度会ってみてくれ。きっと彼女から何か話があるだろうから。
PROPQUEST_SCENARIO_INC_000401,I finished checking the data which Hachal requested. Please deliver this to Hachal.,ロバネットから受け取った調査書を＜ハカル＞に渡しにいこう。
PROPQUEST_SCENARIO_INC_000403,Chapter 3 Purple Magician,伝説のブラックマジシャン
PROPQUEST_SCENARIO_INC_000404,Hey. It seems like the altar and Magic Troupe have something to do with...,君が以前調べてきてくれた＜バイオレットシャドウ・マジシャンズ＞は、＜苦難の歴史＞という古代書に明示されている、、　
PROPQUEST_SCENARIO_INC_000405,...the Purple Magician in this book. History of Hardship. Only it says that the Black Magician and the Magician in Purple are the same person. The same person that fought alongside the heroes in the Hero Wars. That does not make sense.,＜苦難の歴史＞によると、＜紫闇の魔導師＞とは、英雄戦争の時代に、偉大な魔力をもって英雄たちを支え、この世を救ったといわれる＜ブラックマジシャン＞と同一人物だそうだ。
PROPQUEST_SCENARIO_INC_000406,"It is something really unbelievable, but it is also something we should believe.",これだけの証拠で、謎の魔導師と伝説上のブラックマジシャンが繋がるとは確定できないが、十分に信憑性がある。そしてこの大陸のどこかに＜紫闇の祭壇＞と呼ばれる場所があるらしい。
PROPQUEST_SCENARIO_INC_000407,I think this is the best I can do for now but I will never stop looking for the truth.,いずれにせよ今、私がわかっているのはここまでが限界だ。しかし、もう後戻りはできない…こんな事実を知った以上は。
PROPQUEST_SCENARIO_INC_000408,You! I want you to show this to someone. Can you do that right now?,そこでだ。大至急、この資料を持って会ってほしい人物がいるんだが、今すぐ頼めるかね？
PROPQUEST_SCENARIO_INC_000409,Yes! Please deliver this to Gothante in Saint City. He is he head of the History Society.,これはロバネットの資料を元に、わたしの調べたことを書き加えて完成させたものだ。これをセイントシティーにいる＜マドリガル国立歴史協会会長＞のゴダンテに渡してくれないか？
PROPQUEST_SCENARIO_INC_000410,I understand that you have other things to do. But this is very important. Come back soon.,そうか、何か急用があるようだね。早く終わらせて、またきてくれ。
PROPQUEST_SCENARIO_INC_000411,Hey! Long time no see! Did you meet Hachal? What is this?,おや、君かね。久しぶりだな。ハカルとは無事に会えたかね？おや？これは？
PROPQUEST_SCENARIO_INC_000412,Oh... Bubble protect us! Is this true? Oh... Oh... This is too big to deal with alone.,ほう、ハカルの調査書か。興味深いな、読ませてもらおう。…おや…おやおや、なんとこの内容は！ただごとではない領域まで調べてしまったな。これはマドリガルの歴史を覆すかもしれんくらいの重大なことだぞ。
PROPQUEST_SCENARIO_INC_000413,"I am really glad to see you again, but did Hachal tell you to meet me? For what?",おや、君かね。久しぶりだな。ハカルとは無事に会えたかね？私に何か用か？
PROPQUEST_SCENARIO_INC_000414,Please deliver this to Gothante in Saint City.,ハカルの調査書を、セイントシティーにいる＜マドリガル国立歴史協会会長＞のゴダンテに渡しにいこう。
PROPQUEST_SCENARIO_INC_000416,Chapter 3 Purple Magician: The Secret of the Altar,異端の祭壇
PROPQUEST_SCENARIO_INC_000417,Hmm... I have some good theories but we are going to need more information about the altar and the Magic Troupe.,ふむ、調査書はすみずみまで読ませてもらったよ。しかし、ここに書かれている＜バイオレットシャドウ・マジシャンズ＞と＜紫闇の祭壇＞に関するもっと詳細な情報が欲しい。残念だがこれだけでは、裏付けにはならない。
PROPQUEST_SCENARIO_INC_000418,I think there is something in the altar. I have a strong feeling that we could find something there if we look closely enough.,おそらく＜紫闇の祭壇＞という場所に隠された秘密がありそうだ。きっとそこに行けば、何かしら手がかりがみつかるだろう。
PROPQUEST_SCENARIO_INC_000419,Listen. This is very important. Just stick with this until the end. Would you?,これは大変重要な問題だ。せっかくここまで調べあげたのだから、君の協力を仰ぎたいのだ。頼む。
PROPQUEST_SCENARIO_INC_000420,Please check the altar until you can find some evidence.,＜紫闇の祭壇＞を探し出し、調べてくれ。＜紫闇の祭壇＞の近辺で、おそらく手がかりになるものがみつかるだろう。
PROPQUEST_SCENARIO_INC_000421,"What could be more important than this? Oh fine, just go.",ふむ、何か急用があるのか。では、速やかに終わらせて戻ってきてくれ。待ってるよ。
PROPQUEST_SCENARIO_INC_000422,Hmm... Everything is written in an ancient language. But we can translate it. Thanks.,おお、これは！手がかりを見つけてきてくれたか、ありがとう。装丁から見ても、重要な内容が書かれた書物のようだな。ふむ…たしかに全て古代語で記述されている。よし、さっそく解釈にとりかかろう。
PROPQUEST_SCENARIO_INC_000423,Please come back to me after the translation is over. Let me bring this book to the translator.,申し訳ないが古代語の翻訳は難解なので、少し時間がかかりそうだ。　しばらくしたら、また来てくれないか。
PROPQUEST_SCENARIO_INC_000424,"You can check all of the 3 altars, bring any evidence you find at any of them.",残念だが＜紫闇の祭壇＞の詳しい場所はわからない。手間はかかるが、各大陸のどこかにあるという3つの祭壇を全て調べてくれ。もし3つの祭壇のどこかで手がかりをみつけたら、そこが＜紫闇の祭壇＞だ。それを手に入れたら他の祭壇へ行く必要はない。
PROPQUEST_SCENARIO_INC_000425,Please check the altar until you find out something of importance.,大陸のどこかにあるという＜紫闇の祭壇＞を探し出し、手がかりを見つけよう。
PROPQUEST_SCENARIO_INC_000427,Chapter 3 Purple Magician: A Mysterious Bead.,超越的な存在
PROPQUEST_SCENARIO_INC_000428,I have finished translating the book. The Purple Magician and the Black Magician are the same person! Just as Hachal said!,やっと本の翻訳が終わったぞ。ハカルの調査書の記述通り＜ブラックマジシャン＞と＜紫闇の魔導師＞は同一人物だった。
PROPQUEST_SCENARIO_INC_000429,It looks like the purple altar was made by the Magician in Purple for some kind of religious service.,この古文書の翻訳中に気になる記述を発見したんだ。＜紫闇の魔導師＞が作らせたとされる＜紫闇の祭壇＞は、＜誰か＞を祀るための祭壇、と記録されている。
PROPQUEST_SCENARIO_INC_000430,It seems that they were attempting to transcend to a better existence but how?,以前にマルティニークからもらった資料とあわせると、＜誰か＞の部分は明らかにされず、＜超越的な存在＞という表現で記述されているのだ。普通、誰かを祀るために作られたものなら、その名前が記されてもいいものだがな…。
PROPQUEST_SCENARIO_INC_000431,"As always, I have a few good theories but I need more data. Always more data! I want answers now!",その謎めいた＜超越的な存在＞が、この祭祀の対象であることはわかったが…現時点では、その存在については何も分からない。
PROPQUEST_SCENARIO_INC_000432,"Would you help me again? I can see the curiosity in your eyes, same as mine. Am I right?",そこで、もう一度調査を頼みたいのだが。君もきっと、結果が知りたいだろう？
PROPQUEST_SCENARIO_INC_000433,Very well! Then please check the Field of Bubble and the Hill of Shade more carefully. I am really sure there is something over there!,では、君が布切れを拾ってきた＜バブルの平原＞と＜シェードの丘＞を、もう一度調べてきてくれないか？恐らくあの場所にはまだ、鍵となるものが隠されていると思うんだ。
PROPQUEST_SCENARIO_INC_000434,"Fine, return to me when you get the time.",何か急ぎの用ではないのなら、私の頼みを先に聞いてほしいのだが。どうかお願いするよ。
PROPQUEST_SCENARIO_INC_000435,Oh... What a strong magical power this bead has... Oh... What a surprise!,こ、このオーブは…！こんなに強い魔力を発するオーブがあるとは。これはこれは…驚くことばかりだ。
PROPQUEST_SCENARIO_INC_000436,"Good job...But something like this is completely out of my range. Let me think for a moment. Yes, I have it!",手がかりを見つけてきてくれてありがとう、ごくろう。しかし…これはもう、わたしが手におえる問題ではなくなってしまったかもしれない…。
PROPQUEST_SCENARIO_INC_000437,Please deliver this to the Great Magician Laola in Darkon 3.,これを至急、エンシェントナイトにいる大魔導師＜ラオラ＞というマジシャンに渡してくれ。ラオラ様なら何かを知っているだろう。頼んだよ。
PROPQUEST_SCENARIO_INC_000438,I have a bad feeling about this. I have never been wrong about anything. I hope I am this time.,ふむ、いくら探しても見つからないと？諦めず、根気よく探してみてくれ。必ず、手がかりになる証拠があるはずだ。頼んだよ。
PROPQUEST_SCENARIO_INC_000439,"Please, once more, check the Field of Bubble and the Hill of Shade. I am sure that there is more to be found!",＜バブルの平原＞と＜シェードの丘＞をもう一度調べてみよう。まだ、鍵となるものが隠されているらしい。見つけたら、ゴダンテのところに戻ろう。
PROPQUEST_SCENARIO_INC_000441,Chapter 3 Purple Magician: The Great Magician Laola,大魔導師ラオラ
PROPQUEST_SCENARIO_INC_000442,"Oh, you are here finally. I cannot say that your arrival is entirely a surprise. I am Laola the Great Magician *cough* *cough*.",やっと着いたようね。あなたが来るのをずっと待っていたのよ。私が大魔導師＜ラオラ＞よ。
PROPQUEST_SCENARIO_INC_000443,"I can see in your face that you do not believe me. I guess, looking at myself, I do not look like such a Great Magician.",フフ、信用できないといった顔つきをしているわね。まあ、こんな姿ではとても＜大魔導師＞には見えないかもしれないわね。まあいい、まずはあなたにお話したいことがあるから、よく聞いて。
PROPQUEST_SCENARIO_INC_000444,Magic always has a high cost and I used some terrible magic back then.,私はかつて高名なマジシャンでした。様々な魔法を使いこなし、私に勝る腕前の魔術師はいないと言われていた。フフ、今となっては遠い昔の話だけど。しかし…その頃私が身につけていた高位魔法の中に、禁断の魔法と呼ばれている魔法があったのです。
PROPQUEST_SCENARIO_INC_000445,"But never mind that, show me the bead you brought, I can feel its power from here.",それはあまりに邪悪な魔法だったため、使うことを固く禁じられていた。だけど私は自分の純粋な好奇心と探究心に負け、その魔法を使ってしまった・・・その罪としてこんな姿に変えられてしまったの。まあ私の昔話はさておき…持ってきた物を見せて。それはオーブでしょう？
PROPQUEST_SCENARIO_INC_000446,"Yes, this is it. I have to check this first, so please come back to me in a minute.",ありがとう。のちほどまた、私の所に来てくれない？これをもっと調べておくから。
PROPQUEST_SCENARIO_INC_000447,"*cough* *cough* Hey, do not be too greedy. Something that powerful could corrupt you to your core. *cough* *cough*",オーブを渡せない？ではいったいここに何しにきたの？
PROPQUEST_SCENARIO_INC_000448,"Hmmm I did not know he could make something like this, but I cannot say that I am surprised.",あら、あなた。ちょうどいいところにきてくれたわ。今、オーブのことが分かったばかりよ。
PROPQUEST_SCENARIO_INC_000449,"It is no secret why I am called the Great Magician. Though, I have learned that being a great magician, does not make you a great person. *cough*",どうして私が＜大魔導師＞と呼ばれるようになったのかって？それはいずれゆっくり時間のあるときに話してあげましょう。なにせ短い時間では語りつくせないからな。今は、やるべきことが先でしょう。
PROPQUEST_SCENARIO_INC_000450,"This is it. I have to check this first, so please come back to me in a minute.",ラオラは、今からこの不吉なオーブを調べるらしい。少し経ってからもういちど、彼女のもとを訪れてみよう。
PROPQUEST_SCENARIO_INC_000452,Chapter 3 Purple Magician: Identity of the Purple Magician,(Chapter 3) バイオレット・マジシャンズの正体
PROPQUEST_SCENARIO_INC_000453,"*cough* *cough* This bead, with all of its power, was crafted by the only pupil I ever had, Lapranche. *cough*",このオーブについてだけど…大変なことが起きたわ。この２つのオーブは、私のかつての一番弟子だった＜ラプランチェ＞が作ったものよ。
PROPQUEST_SCENARIO_INC_000454,She is the Black Magician. I was also the Black Magician at one point. We have often been confused for each other throughout history. *Sigh* It seems that Lapranche found out about them.,彼女はブラックマジシャンです。私はある時点で黒魔術師でもありました。私たちは歴史を通してしばしばお互いを混乱させてきました。*ため息*ラプランシュがそれらを知ったようです。
PROPQUEST_SCENARIO_INC_000455,"You believe in them now right? If you are looking to me for answers about what they were, you are wasting your time. All I know is that they created all of Madrigal and that they were once agents of Rhisis.",私が禁断の魔術を使ってこんな姿にされたのは、彼らの一員になることを拒否したからなの。彼らについて私が知っている情報は＜超越的な存在＞の指示のもとに、異端の魔術を使う恐るべき集団…。さらに＜超越的な存在＞はリシス神によって創造されたということ…。
PROPQUEST_SCENARIO_INC_000456,"Yes Lapranche found out about them and attempted to bring them back to this world with the Purple Magic, the same magic that drained me of so much.",＜ラプランチェ＞は＜バイオレットシャドウ・マジシャンズ＞の存在を知り、禁断の魔法に手を出したのだと思うわ。…恐ろしいことに繋がらなければいいのだけど…
PROPQUEST_SCENARIO_INC_000457,Do me a favor would you?,ところで、あなたに一つ頼みたいのだけど…
PROPQUEST_SCENARIO_INC_000459,You are afraid. I am not surprised. The world hangs in the balance. Who would not be scared? Go on. Get out of here.,聞きもしないで断るなんて。よっぽど臆病なの？
PROPQUEST_SCENARIO_INC_000460,What a terrible... Where did they come from? Did you see them? Renegade Blades seemingly hired to kill me. It would appear that I know too much. What is that you have there?,おお、戻ってきたね。君が大魔導師＜ラオラ＞様のもとに出かけた後、大変なことが起きてな。得体の知れない何者かに急に襲われたんだ。必死で逃げてきたんだが、何とか命があってよかった。さて、ラオラ様からは情報をもらえたのか？
PROPQUEST_SCENARIO_INC_000461,"Oh, this! Is this the book that Laola wrote? Amazing",これは！ラオラ様が直接書いた著書ではないか。ほう、これは相当な価値があるぞ。
PROPQUEST_SCENARIO_INC_000462,"Fine. Now we can begin the real reconstruction of the history of our world. Thank you. Oh, I may need you later on. See you then.",ようやくこれで本格的な研究ができるようになった、ありがとう。また君の助けを借りるときが来るかもしれない。そのときはよろしくな。
PROPQUEST_SCENARIO_INC_000463,You could not find Loala? It is not like he is hiding or anything. Please try again.,大魔導師＜ラオラ＞様には会えたか？エンシェントナイトは確かに広い地域だが、ラオラ様は隠れて暮らしてるわけではないから見つけることはできるだろう。くまなく探してみてくれ。
PROPQUEST_SCENARIO_INC_000464,Please deliver this book to Gothante. This may not be enough to save the world but it should be useful. Thank you and good luck.,ラオラから貰った本を、ゴダンテに渡しにいこう。
PROPQUEST_SCENARIO_INC_000466,Chapter 4 Their Shadow,忌まわしき闇の力
PROPQUEST_SCENARIO_INC_000467,"Oh, nice to see you again. I have found something based on the data you gave me. You know more than most about the Clowns at this point.",あ、君か。ちょうど良いところに来た。このまえ君から届けてもらった資料からわかったことがある。君は＜いにしえのピエロ＞について聞いたことがあるだろう？
PROPQUEST_SCENARIO_INC_000468,"People have been talking about them for some time now. They are known as three devils that created our continents on accident and are bent on destroying them. During the Hero War, they were said to stand against the heroes of our land.",人々の間では恐ろしい悪魔として古くから言い伝えられているからな。しかしその存在については、決め手となる証拠がなかった。フラリス地方にいくつか伝説に絡む名残があったが、歴史的観点からは名ばかりの伝説として考えられていた。
PROPQUEST_SCENARIO_INC_000469,"Lapranche was there, at the end of the Hero War, she was made the slave of One of the three Clown Gods. Shade, Goddess of Evil. Shade, marrying her Godly presence to the great power of Laola, attempted to destroy Bubble, God of Good, while Iblis, God of Neutrality, watched unmoved. Bubble rallied the heroes of Madrigal and stood against Shade with the strongest army our world has ever know at her back.",ロアラはそこにいました、英雄戦争の終わりに、彼女は3つのピエロの神のうちの1人の奴隷にされました。 シェード、悪の女神。 シェードは、彼女の敬虔な存在をラオラの大国と結婚させ、善の神であるバブルを破壊しようとしましたが、中立の神であるイブリスは動かずに見守っていました。 バブルはマドリガルの英雄を結集し、私たちの世界がこれまでに知っていた最強の軍隊を背負ってシェードに立ち向かいました。
PROPQUEST_SCENARIO_INC_000470,"Poor Lapranche, the things she must have gone through And all this history has been distorted by the History Society. Curse them!",＜バイオレットシャドウ・マジシャンズ＞は、その忌まわしき存在の手下として動いている異端の魔法結社だったのだ。今まで明らかにされなかった真実が姿を現してきたぞ…
PROPQUEST_SCENARIO_INC_000471,*sigh* Would you help me return this to Martinyc. She deserves to know what she helped uncover.,とりあえずはマルティニークが調査結果を首を長くして待っているだろう。君、これをマルティニークに届けてもらえないか？
PROPQUEST_SCENARIO_INC_000473,"I see, you have something important to do. Would you come back to me after finishing that?",おや、何か急用があるようだね。では、その用事が済んだら、また来てくれ。
PROPQUEST_SCENARIO_INC_000474,Long time no see! Are you coming back to let me know that I was right?,お久しぶり！ようやく戻ってきましたね、待ってましたよ。私の調査が真実だったというニュースを持ってきてくれましたか？
PROPQUEST_SCENARIO_INC_000475,"Yeah! I knew it! By the way, what is that?",わあ！やっぱり、やっぱりわたしの見解は真実だったのですね！ようやく人に信じてもらえることができたわ！嬉しい！
PROPQUEST_SCENARIO_INC_000476,"Oh, now I wish I had been wrong! Thank you for bringing this to me. We will see each other again. Goodbye.",あら？これは？これまでの調査をまとめたゴダンテ会長の調書ですね、さっそく読んでみます！本当にありがとう！
PROPQUEST_SCENARIO_INC_000477,Have you brought something from the History Society? No? Then are you coming back just to talk to me? I am too shy for that.,歴史協会から何か返事を貰ってきてくれましたか？あら、まだなのですね。ひょっとして、私に会いにきたとか？うふふ。
PROPQUEST_SCENARIO_INC_000478,Here is all the data I have. Please deliver this to Martinyc.,ゴダンテが今までの調査をまとめて書き綴った巻物を、マルティニークへ届けに行こう。
PROPQUEST_SCENARIO_INC_000480,Journal of an Adventurer,ある冒険者の手記
PROPQUEST_SCENARIO_INC_000482,Journal of an Adventurer (1),冒険者の日記（1）
PROPQUEST_SCENARIO_INC_000483,"Hello Adventurer. Although you don't know me, I must ask a favor of you. I have found something… incredible. Bring it to the Mayor of Darkon right away.",そこの君！急で申し訳ないが、１つ頼まれてくれないか？ダーコン市長が依頼していた書物をやっと手に入れたんだが、オイラは店を空ける事ができないんだ。オイラの代わりに君がこの本を渡してくれないか？
PROPQUEST_SCENARIO_INC_000484,"Thank you, I am in your debt.",おお！頼んだぞ！
PROPQUEST_SCENARIO_INC_000485,You can not understand the implications of this quest… He needs this book!,ダメか…仕方ないな…そう…ダメなら…な…
PROPQUEST_SCENARIO_INC_000486,"You seem to have something important to say, what is it?",あら、あなた。何か用かしら？
PROPQUEST_SCENARIO_INC_000487,OH MY! I can't believe this! The diary of the adventurer Bartholomew Hunt…,あ！これは…さすがタンディね。いくら彼でも、今回ばかりはもっと時間がかかると思ってたのに…。あなた、持ってきてくれてありがと！
PROPQUEST_SCENARIO_INC_000488,Deliver the Diary to the Mayor of Darkon.,ダーコン市長に頼まれていた本を手に入れたが、忙しくて動けない。代わりに書物を渡してください。
PROPQUEST_SCENARIO_INC_000490,Journal of an Adventurer (2),ある冒険家の日記　2章
PROPQUEST_SCENARIO_INC_000491,"You should hear this. This is the diary of the adventurer Bartholomew Hunt. My grand father knew of him, he was a legend at one time…",ちょっと聞いてくれ。実は、これはハーモニンという探検家が書いた日記なのだ。私の祖父が彼と友達で、幼い頃私にいつも冒険談を聞かせてくれたことを今でも覚えているよ。
PROPQUEST_SCENARIO_INC_000492,HA! Look at this… he is claiming that he discovered a new continent. New continent? How absurd!,その冒険談の中で新しい大陸を発見したという嘘みたいな話もしてくれた。新しい大陸？そんなバカな！と思ったものだよ。
PROPQUEST_SCENARIO_INC_000493,"I can't read the writing here, it appears to be a code of some sort. Maybe the Sage Radion can figure out what this writing is. Please bring him the diary.",この日記を見たまえ。この文字は何かの暗号のようだが…｢大賢者｣ラディオンなら読むことができるかもしれない。君、この日記を｢大賢者｣ラディオンに渡してくれないか？
PROPQUEST_SCENARIO_INC_000494,"Sage Radion is is in the Northern Leren Mountains, near the Fountain of Dead Person.",助かるわ。｢大賢者｣ラディオンはフラリスのどこかにいるそうですわよ。
PROPQUEST_SCENARIO_INC_000495,You are to busy? If this information is accurate do you know what this could mean?,そうか…忙しいなら仕方がないな。
PROPQUEST_SCENARIO_INC_000496,What brings you to see me?,私に何か用か？
PROPQUEST_SCENARIO_INC_000497,"If the Mayor of Darkon sent you, it must be important. Let me see the Diary.",ふむ、ダーコン市長から頼みがあったのじゃな？よし、解読してみるから、おぬしはそこで目を瞑っておれ。
PROPQUEST_SCENARIO_INC_000498,Find the Sage Radion to decode the writing in the Diary.,暗号の解読のため、冒険者の手記を｢大賢者｣ラディオンに渡そう。
PROPQUEST_SCENARIO_INC_000501,Journal of an Adventurer (3),ある冒険家の日記　第3章
PROPQUEST_SCENARIO_INC_000502,"Why, this is not a code… Amazing! The language of the Ancient Tribe. This Bartholomew Hunt must have really known his stuff. Maybe there is more to this…",よし、もう目を開けてよいぞ。しかし…ハーモニンという者は想像以上に博識な人物だったようじゃな。このような古代文字を知っていたとはのう。
PROPQUEST_SCENARIO_INC_000503,"I have translated the Ancient language. Bring this Translated Document to the Mayor of Darkon. Keep it safe, this is truly a special thing!",これはの、新大陸の場所を示している貴重な情報じゃ。これは解読した内容を記した文書じゃからダーコン市長に渡しておくれ。手記は私がもっと調べてから、直接渡すとしよう。
PROPQUEST_SCENARIO_INC_000504,You are playing an important role in historic events.,これは歴史的大発見になるのぉ。
PROPQUEST_SCENARIO_INC_000505,I can't believe it! The possibility of a new land and you are not interested?,おぬし、歴史の一部に触れてみる気はないのかね？
PROPQUEST_SCENARIO_INC_000506,You can't imagine how eagerly I've been waiting for you to return. Have you met the Sage Radion? Is there news?,おお、君が来るのを待っていたよ。それで、｢大賢者｣ラディオンには会えたのかい？
PROPQUEST_SCENARIO_INC_000507,He was able to translate it? Wonderful. Now we can see if this is real or just a wild goose chase… Give me a moment to read through this.,これが、解読した文書なんだね？ありがとう。これはお礼です。少ないけれど受け取ってほしい。君には本当に感謝している。たまにはダーコンにも遊びに来るといい。君とは色々な意味で仲良くなれる気がするよ。はっはっはっ。
PROPQUEST_SCENARIO_INC_000508,Bring the translated document to the Mayor of Darkon.,解読した内容を記した文書をダーコン市長に渡そう。
PROPQUEST_SCENARIO_INC_000741,Chain,シナリオ
PROPQUEST_SCENARIO_INC_000742,General,一般
PROPQUEST_SCENARIO_INC_000743,Office,依頼所
PROPQUEST_SCENARIO_INC_000744,Event,イベント
PROPQUEST_SCENARIO_INC_000785,"Don’t worry about the pay. So, please hurry up.",報酬もたくさん渡すので、急いでくれ！
PROPQUEST_SCENARIO_INC_000786,"It is very important, so you'd better hurry!",重要な事なので急いでください。
PROPQUEST_SCENARIO_INC_000787,The Mayor of Darkon is waiting for you. Hurry!,ダーコン市長が待ってるので急いでください。
PROPQUEST_SCENARIO_INC_001245,Chapter 1 The Emerging Darkness,第1章：マドリガル崩壊の兆し
PROPQUEST_SCENARIO_INC_001965,Chapter 2 Finding Lost Memory,第2章：創世戦争の記録
PROPQUEST_SCENARIO_INC_001966,Chapter 3 Return of Scattered Heroes,第3章：過去の英雄達
PROPQUEST_SCENARIO_INC_001246,Initiation of Champions,厄介なラーウルフ
PROPQUEST_SCENARIO_INC_001247,"Hmm, I sense an aura of greatness from you young warrior, yet a mind clouded with uncertainty and doubt.",ふむ、お前さんからは英雄の兆しを感じるな。どうだい、お前さんも私のような英雄になりたくないか？
PROPQUEST_SCENARIO_INC_001248,"I intend to help you realize your true inner potential. Though I am but a stranger to you, I need you to trust in me. My true identity will be revealed soon enough.",いい返事だ。まだまだお前さんじゃ力不足かもしれないが、私の言うとおりに進めればきっと英雄に近づけるぞ。
PROPQUEST_SCENARIO_INC_001250,Apparently I was correct in choosing you. Well then! Please eliminate 10 Lawolfs & 5 Grownup Lawolfs residing in Northern Flaris.,どうやら私はあなたを選んで正解だったようですね。 では、 北フラリスに生息している10体のラーウルフと5体のグロウアップ・ラーウルフを倒してください。
PROPQUEST_SCENARIO_INC_001251,"Hmm, apparently I made a mistake. I believed you to be the champion I was searching for.",うーん…私は人を間違って見たのですが。 だから私は一人が惜しいので、他の救い主を探しに行くべきです。
PROPQUEST_SCENARIO_INC_001252,The citizens grow ever more fearful of this situation! Please get rid of 10 Lawolfs & 5 Grownup Lawolfs.,人々はこの状況をとても怖がっています！ 10体のラーウルフと5体のグロウアップ・ラーウルフを倒してください。
PROPQUEST_SCENARIO_INC_001253,Kill 10 Lawolfs & 5 Grownup Lawolfs and go back to Reonan.,ラーウルフ10体とグロウアップ・ラーウルフ5体を倒し、レオナンを再び尋ねる。
PROPQUEST_SCENARIO_INC_001254,Ah! I admire your courage. It appears you could very well be the champion I have sought.,お、すべて倒してきたか。まずはお前さんの功績を讃えよう！
PROPQUEST_SCENARIO_INC_001256,Bridge to Terror-bithia,チャネルの恐怖
PROPQUEST_SCENARIO_INC_001257,"But, let us not be too hasty as arrogance may lead to an early grave. Though vicious, slaying a few lawolves is just the beginning…",ふむ、しかしラーウルフ程度で満足してはいかんな。その程度で英雄になれるくらいならフラリスは英雄だらけになるだろう。
PROPQUEST_SCENARIO_INC_001258,"Here is your next task. Rumors have it, numerous villagers have been attacked by a monstrous Lord Demian just outside of Flaris. Please defeat him and return to me",次の任務だ。噂によると、フラリスのすぐ外で怪物のようなロード・デミアンに多くの村人が襲われているらしい。奴を倒して、私のところへ戻ってきてくれ
PROPQUEST_SCENARIO_INC_001259,The Lord Demian has been seen wandering nearby the Madren Town recently so search for him there.,最近、ロード・デミアンがマッドランタウン付近をうろついているのが目撃されている。そこを探してみてくれ。
PROPQUEST_SCENARIO_INC_001260,"What? I know I ask much of you, but I never thought you would turn down a chance to prove your worth.",そうか、この程度で怖気づくようじゃとても英雄は目指せんな。
PROPQUEST_SCENARIO_INC_001261,The Lord Demian can be found nearby Madren Town amongst the other Demians.,ロード・デミアンは、マッドランタウン付近の他のデミアンたちに紛れて見つかる。
PROPQUEST_SCENARIO_INC_001262,Get rid of the Lord Demian and return to Reonan.,ロード・デミアンを倒し、レオナンの元へ戻る。
PROPQUEST_SCENARIO_INC_001263,"Finally, the villagers may rest assured that the Lord Demian shall no longer terrorize them. You have much potential.",これでようやく、村人たちもロード・デミアンに怯えずに済む。お前には大きな可能性があるな。
PROPQUEST_SCENARIO_INC_001265,Weed Whacked!,凶暴化した植物
PROPQUEST_SCENARIO_INC_001266,I now have another favor to ask of you. A mysterious curse has turned the once docile Fefern into foul beasts which are ravaging the land. Will you defeat them?,さて、いまのお前さんならこの依頼も余裕だろう。フラリスの北に生息していた植物が凶暴化し人々を襲っているようだ。こいつらを退治してきてくれないか。
PROPQUEST_SCENARIO_INC_001267,Fefern can be found in the Northwest region of Flaris. Please kill 10 Fefern & 5 2nd Class Fefern and come back.,フェフェルンは橋を渡って道沿いを北にいくと発見できるはずだ。フェフェルン10匹、２クラス・フェフェルン10匹だけ倒して来てくれ。
PROPQUEST_SCENARIO_INC_001268,"So that’s it? You eliminate a giant Rogue, yet tremble at the sight of some mere weeds?",何？　ひょっとしてお前さん野菜嫌いか？
PROPQUEST_SCENARIO_INC_001269,"If you cross the bridge located in Northern Flaris, you will find the Fefern.",フェフェルンはフラリスの北橋を渡ると見つけることができるぞ。
PROPQUEST_SCENARIO_INC_001270,"It's as I've come to expect. The villagers are rejoicing of your heroic deeds. You my friend, have earned yourself quite a reputation around here.",ふむ、お前さんはやはり私の見込んだ通りだな。既に村中にお前さんの活躍は広まっているぞ。
PROPQUEST_SCENARIO_INC_001271,Kill 10 Fefern & 5 2nd Class Fefern and go back to Reonan.,フェフェルン10匹　2クラスフェフェルン5匹を倒しレオナンに帰ろう。
PROPQUEST_SCENARIO_INC_001273,The Mayor's Aid,フラリス市長からの依頼
PROPQUEST_SCENARIO_INC_001274,It appears that word of your selfless exploits has reached the Mayor of Flarine. I believe he has something important about which to speak with you. Please speak with him,お前さんの噂を市長が聞きつけたようだ。どうだ？　市長に話に行ってみないか？
PROPQUEST_SCENARIO_INC_001275,The Mayor of Flarine can be found in Central Flarine. Please see what it is he requires of you.,フラリスの中心に市長はいるぞ。急ぎの用らしいから早めにな。
PROPQUEST_SCENARIO_INC_001276,"Well, not that I can blame you. I have no time to meddle with politicians.",何と断ると申すか。こういう機会はなかなかないのだぞ？
PROPQUEST_SCENARIO_INC_001277,It is with a warm heart that I welcome you to our humble town young adventurer! The citizens of this town speak highly of all you.,おお、貴方は最近フラリスのモンスターを退治して下さっている方ですね。
PROPQUEST_SCENARIO_INC_001278,You haven't met Mayor of Flarine yet?,おや、まだ市長には会っていないのか？
PROPQUEST_SCENARIO_INC_001279,Go speak with the Mayor of Flarine.,フラリスの市長に会え。
PROPQUEST_SCENARIO_INC_001281,The Furry Menace,脅威的な存在
PROPQUEST_SCENARIO_INC_001282,"I wanted to meet you personally to thank you for all you have done for us. I don't wish to impose, but I hoped you could again call upon your courage.",いつもありがとうございます。市民を代表して御礼申し上げます。
PROPQUEST_SCENARIO_INC_001283,"Our town guard was once sizeable enough to fend off most of Shade's masquerpets. Now, with each passing day their numbers and power increases, while ours dwindles.",以前から自警団の手によってフラリスは守られていたのですが、最近急激にモンスターが増え始めました。
PROPQUEST_SCENARIO_INC_001284,"With that said, could you please help us to exterminate a particularly vicious group of Nyangnyang roaming the lands?",大変恐縮ですが猫の手も借りたい状態なのです。もしよければニャングニャング討伐を手伝って頂けませんか？
PROPQUEST_SCENARIO_INC_001285,"Nyangnyang can be found in Northern Flaris, right after crossing the bridge. Killing 10 Cute Nyangnyang & 5 Nyangnyang should be sufficient to aid us.",ニャングニャングらは北のフラリス橋を渡ってすぐのところにいます。スモール・ニャングニャングは5匹、ニャングニャングを10匹ほど倒してきていただけますか。
PROPQUEST_SCENARIO_INC_001286,"I understand your apprehension, but I do hope you will reconsider your decision.",そうですか。いえ、残念ですが貴方もご予定があるのでしょう。
PROPQUEST_SCENARIO_INC_001287,"Hah! It is as the citizens have said, you ARE truly a great warrior.",おお、やはり噂通りの実力ですね。ありがとうございます。
PROPQUEST_SCENARIO_INC_001288,The Nyangnyang roam the lands right across the bridge of Northern Flaris. Please help us to decrease their numbers!,ニャングニャングは見た目の可愛らしさとは裏腹に残忍な性格をしています。このままでは村人が危険ですのでどうかよろしくお願いします。
PROPQUEST_SCENARIO_INC_001289,Kill 10 Cute Nyangnyang & 5 Nyangnyang and return to the Mayor of Flarine.,キュート・ニャングニャング10匹、ニャングニャング5匹を倒して、フラリス市長に報告せよ。
PROPQUEST_SCENARIO_INC_001291,Stomping Grounds,脅威的な存在（2）
PROPQUEST_SCENARIO_INC_001292,"Given your prior victory, I have another favor to ask. An unwieldy group of bangs have really shaken things up in Northern Flaris. Can we count on you to take care of them?",もう一つお願いがあります。ニャングニャングよりもさらに奥地にヴァンというモンスターがいるのですが、これも最近勢力を拡大し始めています。
PROPQUEST_SCENARIO_INC_001293,"Bangs can be found in North side of Flaris, near by Nyangnyang. Go kill 10 Bang & 5 Captain Bang and come back.",ヴァンはフラリスの北橋を渡ったところで、ニャングニャングと仲良く生息している。 ヴァン10匹、キャプテン・ヴァン5匹だけ倒して来てくれるか。
PROPQUEST_SCENARIO_INC_001294,Your prior deeds for us are enough to earn my gratitude.,非常に助かりました。
PROPQUEST_SCENARIO_INC_001295,You've taken care of the issue already!? Astonishing! Now our mining operations in the mountains of Flaris may resume!,おお、もう問題が解決できたのですね！ありがとうございます これで、フラリスの山での採掘作業が再開できます。
PROPQUEST_SCENARIO_INC_001296,Bangs can be found in Northern Flaris near the Nyangnyangs. Removing at least 10 Bangs and 5 Captain Bangs should resolve any issues.,ヴァンはニャングニャングよりもさらに奥地に生息しています。バン10匹、キャプテンバン5匹を倒してください！
PROPQUEST_SCENARIO_INC_001297,Kill 10 Bang & 5 Captain Bang and return to the Mayor of Flarine.,バン10匹、キャプテンバン5匹を倒して、フラリスの市長に報告せよ。
PROPQUEST_SCENARIO_INC_001299,A Hero Emerges!,フラリスの英雄
PROPQUEST_SCENARIO_INC_001300,"Know that I, as well as the citizens of Flaris, are forever in your debt. If you are ever in need of assistance, do not hesitate to ask!",貴方はフラリスの英雄です！　もし私がお手伝いできることがありましたらいつでも教えて下さい。
PROPQUEST_SCENARIO_INC_001301,"Carry on now young adventurer! I can tell you will accomplish great things. Oh, I believe Reonan was looking for you as well. Won't you speak with him?",冒険家を続けてください！ 私はあなたが素晴らしいことができると思います。そうそう、レオナンが貴方のことを探しているようですよ。
PROPQUEST_SCENARIO_INC_001302,"Before you leave, please tell Reonan thanks for bringing you to my attention. He, as well, has my gratitude.",レオナンにも感謝の言葉をお伝え下さい。貴方のような立派な冒険者を紹介して頂けるなんていくら感謝してもしきれません。
PROPQUEST_SCENARIO_INC_001303,"Well, I don't mind if you stay here. Who knows, perhaps you might even be the Mayor of Flarine one day! Haha!",まあ、ここで我々フラリスの為に仕事してくれるのも悪くないな。私の補佐官として働いてみるか？ハッハッハ！
PROPQUEST_SCENARIO_INC_001304,"A safe return I see? You no doubt have completed the mayor's request. Oh and his gratitude? Can't say I've ever trusted the word of a politician, but I will take it! Hah!",お、無事に帰ってきたようだな。市長の依頼をこなせるくらいだ。ずいぶん成長したぞ。
PROPQUEST_SCENARIO_INC_001305,Reonan is looking for you.,レオナンが貴方のことを探しているようですよ。
PROPQUEST_SCENARIO_INC_001306,Go meet with Reonan.,レオナンに報告せよ。
PROPQUEST_SCENARIO_INC_001308,Dispatch to Saint City,セイントモーニングへの派遣
PROPQUEST_SCENARIO_INC_001309,"Nonetheless, because of your work, it appears peace has finally been restored to Flarine. Alas, Madrigal is a world ripe with distress.",あなたのおかげで、平和なフラリーヌになりました。今、マドリガルは苦痛に満ちた世界です。
PROPQUEST_SCENARIO_INC_001310,I have received word from a contact in Saint City that masquerpet attacks are steadily on the rise. It also seems that the concerns of the towns people go unheeded.,セントシティからの連絡で、マスカペット攻撃が増加しているとの連絡がありました。 また、町の人々の懸念が高まっています。
PROPQUEST_SCENARIO_INC_001311,It looks like this could once again be your chance to prove your true worth. Make haste to Saint City and meet my contact Leann!,セイントモーニングの広場にルアンという案内人がいる。まずはルアンに話を聞いてみてくれないか？
PROPQUEST_SCENARIO_INC_001312,"You can reach Saint City by flying west from this location using an Airship from Central Flarine or your own Flying device. You may also purchase a blinkwing of Saint Morning from Marche, the resident magician.",セントラルフラリーヌからの飛行船またはあなた自身の飛行装置を使用して、この場所から西に飛ぶことによって聖都市に到達することができます。 レジデントマジシャンのマルシェから聖朝の瞬きを購入することもできます。
PROPQUEST_SCENARIO_INC_001313,"Hmm, I guess this worlds call for heroes is currently falling upon deaf ears.",そうか、英雄とは人々のためにその力を発揮してこそ英雄だぞ。
PROPQUEST_SCENARIO_INC_001314,Where is the savior that Reonan was talking about? I don't have time to talk to you. This is not a good time for me to guide you around!! Traveler!!.,ふう……レオナン様の仰っていた冒険者はいつ来て下さるのでしょう。ん？　貴方は……
PROPQUEST_SCENARIO_INC_001315,"My contact's name is Leann. You can meet her in the Saint Morning square, in front of the Cathedral.",セイントモーニングの案内人ルアンだ。頼んだぞ！
PROPQUEST_SCENARIO_INC_001316,Meet Leann in front of the Cathedral in Saint City.,セイントモーニングのルアンと会え。
PROPQUEST_SCENARIO_INC_001318,A Warm Reception?,セイントモーニングの問題
PROPQUEST_SCENARIO_INC_001319,"Sorry, I'm busy looking for someone so hurry… What did you say? YOU are the hero Reonan spoke of!? I imagined you to look, oh… a tad more heroic?",あら？　貴方が噂の冒険者様ですか。むむ……思ったよりも華奢な方なんですね。
PROPQUEST_SCENARIO_INC_001320,"Well, where are my manners? Heh. Welcome to Saint City, the biggest town of Madrigal, supplier of airships and… oh sorry, you probably don't care about any of this!",改めまして、ようこそ！　セイントモーニングへ！　この街はフラリスと比べて広大でしょう？　それだけ問題も多いんですよ。
PROPQUEST_SCENARIO_INC_001321,"Reonan DID send you here for more than listening to me ramble about our town, but hey! I'm a tour guide, it's what I do! Anyway! The mayor requests your presence. Please speak with him.",そうだ、ここで与太話している暇なんてなかったんです。すぐそちらに市長がおります。何やら貴方に依頼したいことがあるようですよ。
PROPQUEST_SCENARIO_INC_001322,The Mayor of Saint City is standing behind me. He'll inform you more of the situation at hand!,ああ……最近、市長はあまりにお悩みのせいか白髪も増えてしまいまして……どうか力になってあげて下さい。
PROPQUEST_SCENARIO_INC_001323,Don't feel like it? Just don't expect me to babysit you all day long! I'm a busy gal ya know!,そうですか……やはり私の待っている方は貴方ではなかったようですね。冷やかしはお断りですよ。
PROPQUEST_SCENARIO_INC_001324,Ah! So you must be the famed hero of Flaris I've heard so much about? I guess I owe you my thanks already for making the trip to Saint City.,おお！　貴方はフラリスで噂の冒険者様ですね。
PROPQUEST_SCENARIO_INC_001325,What? Lost? The Mayor is right behind me. Apparently your vision is as bad as Reonan's choice in heroes.,市長は真っ黒な肌と白髪が特徴です。広場のすぐそばにおりますよ。
PROPQUEST_SCENARIO_INC_001326,Meet Mayor of Saint City.,セイントモーニングの市長に会え。
PROPQUEST_SCENARIO_INC_001328,Corrupted Cabbage Patch,ワッグサック討伐
PROPQUEST_SCENARIO_INC_001329,Leann and Reonan have informed me of your imminent arrival. Word of your deeds has also spread amongst our citizens. You must be quite an outstanding person for someone your age.,レオナンより貴方の活躍は耳にしています。彼が褒めるくらいですからよほどの実力なのでしょう。
PROPQUEST_SCENARIO_INC_001330,"Oh? You want to know about Reonan? He's even sort of a mystery to me. Some say he can slay a Meteonyker with his bare hands. Tall tales aside, I have a request for you…",え。彼の正体ですか？　私も詳しくは知りませんが、マドリガル各地の問題を解決してまわった英雄だとは聞いています。
PROPQUEST_SCENARIO_INC_001331,An army of ravenous plants are emerging and threatening the safety of our citizens. They seem to be the result of some mysterious dark magic.,そうそう、私からのお願いですが、最近植物による被害が増えているようです。どうやら周辺の植物がモンスター化してしまったようです。
PROPQUEST_SCENARIO_INC_001332,"Known as Wagsaac, these plants eat everything standing in their way. Please head south of Saint City and defeat 10 Small Wagsaac & 5 Wagsaac.",私達はあいつらをワッグサックと呼んでいます。石も噛み砕くほどの力があるよう手に負えないのです。どうか何匹かで構いませんので退治してくれませんか。
PROPQUEST_SCENARIO_INC_001333,"Hmm, it appears that the stories of your selfless heroism were a little exaggerated.",うーん、あなたのヒロイズムの話はちょっと大げさだと思います。
PROPQUEST_SCENARIO_INC_001334,"It appears that the tales of your deeds are true! With the Wagsaac threat contained, our guards can once again focus on the defense of Saint City!",あなたの物語は真実ですね！ ワッグサックの脅威が封じ込められたので、私たちの警備員は再びセイントシティーに集中することができます！
PROPQUEST_SCENARIO_INC_001335,Please defeat 10 Small Wagsaac & 5 Wagsaac South of the Town. Our guards are already at working trying to eliminate this menace and could use assistance!,町の南にある小さなワグザック10個とワグザックを5個倒してください。私達の警備員もすでに戦ってます。
PROPQUEST_SCENARIO_INC_001336,Kill 10 Small Wagsaac & 5 Wagsaac and return to the Mayor of Saint City.,スモール・ワグザック10匹とワグザック5匹を倒してセイントモーニング市長に報告せよ。
PROPQUEST_SCENARIO_INC_001338,Pint Sized Hero,迷子探し
PROPQUEST_SCENARIO_INC_001339,"It appears as if I must again call upon you for a favor. We have reports of a missing child, but unfortunately our guards are too occupied to help.",実はもう一つお願いがあります。最近自警団はモンスターの討伐ばかりでなかなか住民の依頼を聞くことができないのです。
PROPQUEST_SCENARIO_INC_001340,"The boy, named Nerco, apparently left a note to his mother saying he wanted to defeat monsters just like the Hero of Flaris! For his sake, please find and protect him!",村の悪ガキ……おほん。ネルコという子が森で迷子になってしまったようです。母親から捜索依頼が届いているのですがなかなか人手が割けない状態でして
PROPQUEST_SCENARIO_INC_001341,"His mother believes him to be in Southern Saint Morning, attempting to take on the Mia by himself. Please protect him by defeating 10 Small Mia & 5 Mia.",母親の証言では、鬼の子を捕まえると言ってナイフを片手に森に行ったそうです。スモールミーア10個とミーア5個を倒して彼を守ってください。
PROPQUEST_SCENARIO_INC_001342,What? Why am I asking you to find just a KID? Kids are the future of Madrigal. You have a bad mental attitude.,そうですか……こんな依頼は英雄の貴方には失礼でしたね。
PROPQUEST_SCENARIO_INC_001343,"Tremble ghosts, for I am the mightiest warrior in the… wait, who are you? You are interrupting my ghost slaying!",この！　鬼の子め、かかってこい！ちょっと、私の邪魔をしている、あなたは誰ですか？
PROPQUEST_SCENARIO_INC_001344,Hurry and find Nerco before the Mia get to him!,おそらく怖くて震えているネルコを探してください。
PROPQUEST_SCENARIO_INC_001345,Kill 10 Small Mia & 5 Mia and locate Nerco.,スモールミーアを10体とミーアを5体倒し、ネルコと会え。
PROPQUEST_SCENARIO_INC_001347,A Mother's Fury,鬼の母親
PROPQUEST_SCENARIO_INC_001348,"What? You came here to find me? You must have me confused with someone else. I'm not a lost child, I'm a mighty warrior!!!",ん？　僕が行方不明だって？　ふふん。ネルコ様がそんな簡単に迷子になったりするもんかい！
PROPQUEST_SCENARIO_INC_001349,"Ok, so maybe I did get just a little lost. WHAT!? My mom already reported me missing!? Oh am I in trouble. Mom is gonna take my upgraded wooden sword!!!",ちょっと道がわからなくなっただけさ。ふ、ふん。もう帰るつもりだったから心配ないよ。え？　お母さんが迷子捜索を依頼したの？　う～ん……
PROPQUEST_SCENARIO_INC_001350,"Hey... um... YOU!! I need a favor. Please go and tell my mom I'm at a friend's house and will be home for dinner! If not, I am going to throw such a tantrum.",ねえ、ちょっとお願いだけど、先に僕のお母さんにあって、すぐに帰ると伝えてくれないかな？いまもう少しで鬼の子の正体が突き止められそうなんだよね。
PROPQUEST_SCENARIO_INC_001351,"Hehe, I knew you would accept my request. Please tell my mom everything is fine. Don't worry about me, I will go back soon enough!",へへ、ありがとう！お母さんには夕飯までには帰るから心配しないよう伝えてよ！
PROPQUEST_SCENARIO_INC_001352,No! No! I won't go! I won't go! I won't go! You can't make me!,え～どうしても連れて帰るつもり？　ふん、僕はここを梃子でも動かないぞ！
PROPQUEST_SCENARIO_INC_001353,"What? At a friend's house? Oh that Nerco is such a little lying !@#!&@ When he comes back, I will kick his ~!#@$!#&#!@#!...",はぁ！？なんだって？　あの子ったらまた人様に迷惑かけて！　帰ってきたらもう*********にしてやるわ！（言葉にできないほど怖い表現のようだ）
PROPQUEST_SCENARIO_INC_001355,Tell Lusina Nerco's words.,ルジナにネルコの話を伝えて。
PROPQUEST_SCENARIO_INC_001357,Like finding a Hair band in a Pumpkin Patch,パンプキンパッチでヘアバンドを見つけるよう
PROPQUEST_SCENARIO_INC_001358,"Hey you... It's no use talking to my mommy right now. When she gets angry, she gets ANGRY.*giggle* Give her some time!",あのね..！今私のママと話しても意味ないよ！ ママが怒ると周りが見えなくなるの。ほっといた方がいいの！
PROPQUEST_SCENARIO_INC_001359,"Since you aren't busy now, I know you would looooooove to do me a favor! *giggle* A few days ago I lost my favorite Marble Hair band outside of the town. Please please find it?",よかったら、その間に私のお願いを聞いてくれないかな？　ほら、この耳あてなんだけど、古くなってぼろぼろになっちゃったの。新しいのがほしいなぁ…
PROPQUEST_SCENARIO_INC_001360,"Yay! Thank you so much! You are super awesome. If I remember right, I lost it playing hide and seek with Nerco near the Pumpkin Village.",ほんと！？　ありがとう！　前ね、お兄ちゃんと一緒にカボチャ男爵のいるところで、失くしたと思うの！
PROPQUEST_SCENARIO_INC_001361,"But but but, it was my favoritest… my daddy bought it for me!!!",それは私のお気に入りでした…私のパパは私のためにそれを買ってくれたもの!!!
PROPQUEST_SCENARIO_INC_001362,You found my hair band!? Yay! You are the bestest ever!!! You are a real hero!,私のヘアーバンドを探してくれたの？すごい！本当に英雄だわ！
PROPQUEST_SCENARIO_INC_001363,"Be careful! Pumpkin Village has lots of scary Mr.Pumpkins. When I saw one, I ran as fast as I could and lost my scrunchie!",気をつけて！ カボチャ村には怖いカボチャさんがたくさんいます。 私は怖くて急いで逃げたのですが、ヘアーバンドを失くしてしまいました。
PROPQUEST_SCENARIO_INC_001364,Find Marble Hair band from Pumpkin village and go back to Nersha.,カボチャ男爵の住処で＜マーブルの可愛い耳あて＞を見つけて報告せよ。
PROPQUEST_SCENARIO_INC_001366,A Mother's Embrace,母の抱擁
PROPQUEST_SCENARIO_INC_001367,"Oh, also! My mommy is looking for you... Go talk to her. Don't worry, she is cooled down now.",あ、そうだ。お兄ちゃんを探しているって言ってたよね？そろそろお母さんの怒りも収まるだろうし話してみたら？
PROPQUEST_SCENARIO_INC_001368,I think she wants to thank you for helping me!,母もきっと私を助けてくれて感謝していると思います！
PROPQUEST_SCENARIO_INC_001369,"Hmm... If you go back to Mayor, this mission will fail...",このまま市長の所に戻ったら、任務は失敗なんだけどね。
PROPQUEST_SCENARIO_INC_001370,"Good to see you again. Sorry for earlier, it's just that Nerco makes me so angry sometimes. Anyway, I heard you found something for my daughter.",あら、この間はごめんなさいね。取り乱してしまって… とにかく、あなたが私の娘のために何かを見つけてくれたと聞きました。
PROPQUEST_SCENARIO_INC_001371,Please go talk with my mommy!,お母さんはもう怒ってないと思う。話しかけてみてね。
PROPQUEST_SCENARIO_INC_001372,Speak with Lusina.,ルジナと話せ。
PROPQUEST_SCENARIO_INC_001374,Nothing Like a Home Cooked Meal,料理はありません
PROPQUEST_SCENARIO_INC_001375,Thank you! You found my son and also helped my daughter. Now I can momentarily feel relieved. Let me treat you to a home cooked meal! Hold on...,バカ息子だけじゃなく娘のお願いまで聞いて頂けたようで本当にありがとうございます。そうだ。よかったら何か御馳走させて頂きたいのですが、ちょっと待って下さいね。
PROPQUEST_SCENARIO_INC_001376,"Ah!!! All of my kitchen knives got rusty. I just wanted to treat you a good meal to show my appreciation... Now, I can't even feed my children!",あら……どうしましょう。料理でも振舞おうと思ったのですが、包丁が……このままだとせっかくの料理が作れないわ……
PROPQUEST_SCENARIO_INC_001377,"You've helped our family so much already, but can I ask you for a favor also?",君はすでに私の家族のお願いを色々と聞いて頂きました、、でも、また、、お願いしても良いですか？
PROPQUEST_SCENARIO_INC_001378,"If I had some Sharp Edge pieces, I could make a knife and once again be a fit mother! Would you please gather some for me?",レッドマンティスを倒して刃をとってきて頂けませんか？そうすれば、ナイフを作って、料理もできます！ 集めてくれませんか？！
PROPQUEST_SCENARIO_INC_001379,"You are really too kind! You can collect Sharp Edge pieces by killing some Red Mantis… and pulling off their legs. Yes, yes, so it sounds a little vicious. It's ok, you will get over it! Haha!",ありがとうございます！　やはり噂通り親切なお方ですね。レッドマンティスはこの大陸の南の外れに生息していますよ。
PROPQUEST_SCENARIO_INC_001380,Oh dear! Now my children shall surely starve! Children's services will take them away and I will be all alone…,そんな！私の子供たちはお腹を空かせます！ お願いを聞いて頂けないでしょうか。
PROPQUEST_SCENARIO_INC_001381,How very kind of you! Hope this task wasn't too much of a burden for you. Rest a little now!,ありがとうございます！やっぱり助けてくださった！さすがは英雄と呼ばれた方ですね！
PROPQUEST_SCENARIO_INC_001382,"Unfortunately, you won't be able to pull the legs off all the Red Mantis. Some of them are attached too tightly. Just keep killing them and you will eventually succeed!",全てのレッドマンティスの刃が鋭いわけではないので、何匹か倒して見比べてみて下さいね。
PROPQUEST_SCENARIO_INC_001383,Bring 3 Sharp Edge to Lusina by killing Red Mantis.,レッドマンティスを倒して、鋭い刃3個を求めよ。
PROPQUEST_SCENARIO_INC_001385,Soups On!,ご飯ですよ
PROPQUEST_SCENARIO_INC_001386,"Well, I should hurry and get dinner going. Would you please fetch Nerco for me? I'm sure if I saw him right now, I'd kick his little butt from here to Darkon!",さあ、腕をふるって料理を作らないと。あ、そうだ。ネルコったらまだ森で遊んでいるのかしら？　よかったら料理ができるまでの間に迎えに行ってもらえませんか？
PROPQUEST_SCENARIO_INC_001387,Thank you so much! I'm sure that crafty little liar is still where you last saw him!,あの子のことだからずっと同じ所で遊んでいると思います。お願いしますね。
PROPQUEST_SCENARIO_INC_001388,"Well, looks like someone is going to bed on an empty stomach then!",まさか、うちの子を放っておくわけではありませんよね？
PROPQUEST_SCENARIO_INC_001389,You again? I said I would be home soon enough! Don't tell me my mother sent you!?,お、ちょうどよかった！　みてくれよ！　ついに鬼の子を倒したんだよ！
PROPQUEST_SCENARIO_INC_001390,Please go tell Nerco to come home for dinner!,ネルコに早く帰ってくるよう伝えて下さいね。
PROPQUEST_SCENARIO_INC_001391,Tell Lusina's words to Nerco.,ネルコにルジナの伝言を伝えよ。
PROPQUEST_SCENARIO_INC_001393,The Rusty Shackle,ミーアの鎖
PROPQUEST_SCENARIO_INC_001394,What? My mother told me to come and eat? Awww but I’m just getting started!,う～ん、お母さんがご飯だって？　ご飯なんて食べなくても英雄はへっちゃらなんだ。これからもう一匹鬼の子を倒してから帰ると伝えてよ。
PROPQUEST_SCENARIO_INC_001395,"What? She's mad at me? If you show Mia's Shackles to her, I know she will be proud! Please take this to my mother.",お母さんが怒るって？　ううむ……。そうだ！　これを持っていきなよ。ミーアを倒した証拠があればきっと心配しないはずさ。
PROPQUEST_SCENARIO_INC_001396,Awesome! Now I can get back to killing more monsters!,さぁ、まだまだ僕は鬼の子を倒すぞ～！　
PROPQUEST_SCENARIO_INC_001397,"It's ok, I understand that you are just jealous! Mwahaha!",むむ、どうしても連れて帰ろうとするのかい？　ふふん、僕が英雄になったらと思って焦ってるんだろう。
PROPQUEST_SCENARIO_INC_001398,What's this? Some old shackle? What? Nerco told you that he isn't coming back?,あら？　なんです、その鎖は……まあ、あの子ったらそんなことを……
PROPQUEST_SCENARIO_INC_001399,"Hurry up and take Mia's Shackles to my mother, so she can see how great I am!",急いでミアのシャックルを母のところに持って行ってください。そうすれば、母は私も喜ぶはず！
PROPQUEST_SCENARIO_INC_001400,Give Mia's Shackles to Lusina.,ルジナにミーアの鎖を渡せ。
PROPQUEST_SCENARIO_INC_001402,No Rest for the Wicked,市長からの緊急招集
PROPQUEST_SCENARIO_INC_001403,"Oh that little brat! He is out of his mind! That’s it, when I find him he is getting a spanking more terrifying than Shade's fury!!!",あの子ったらいつのまに大人になって……オロロロロロロロ（ルジナはとても号泣している
PROPQUEST_SCENARIO_INC_001404,"Oh, by the way! The Mayor of Saint City is looking for you in hurry. I really should go find my son now. I still owe you a meal sometime so come back and see us!",あら、いやだ。私ったら親バカみたいね。そうだ。貴方のことを市長が探していたわよ。
PROPQUEST_SCENARIO_INC_001405,Go see the Mayor of Saint City. I gotta go now. See you!,ほら、早く市長に会いに行ってみなさい！　ほらほら！　（料理のことは忘れ去られたようだ
PROPQUEST_SCENARIO_INC_001406,"Well, that’s up to you! Either way, I have to rush off now!",そう。まあ気が向いたら寄ってあげてね。何か大事な話があるみたいよ。
PROPQUEST_SCENARIO_INC_001407,Oh! There you are! I've been waiting for you!. We are in great need of your abilities!,おお、お待ちしておりましたぞ。貴方の活躍はこの街でも幅広く知れ渡って参りました。実は緊急な依頼がありまして、パーティーを組んだ状態でまたお越し願えませんか。
PROPQUEST_SCENARIO_INC_001408,"Hmm, what to spank him with? OH! You are still here? The mayor is looking for you. Please go see him!",さて、私もこうしてはいられないわ。あら、まだいらしたの？　市長が探していましたよ。
PROPQUEST_SCENARIO_INC_001409,Meet the Mayor of Saint City.,セイントモーニングの市長を訪ねよ。
PROPQUEST_SCENARIO_INC_001411,Power in Numbers,精霊バクロウ
PROPQUEST_SCENARIO_INC_001412,"Do you know about the Bucrow? They are protectors of the natural order that have existed long before man. They have since grown malicious, and attack our citizens.",バクロウはわかりますか？　セイントモーニングができる遥か昔、この地の精霊として讃えられていた存在です。最近になってこの精霊が凶暴化してしまったようです。
PROPQUEST_SCENARIO_INC_001413,"I believe the sudden increase in the amount of monsters is to blame. Bucrow are very in tune with the balance of nature, and have become enraged with its disintegration",各地でモンスターの凶暴化が進んでいます。これは何かの予兆なのかもしれません。私も不穏なオーラを常に感じています。
PROPQUEST_SCENARIO_INC_001414,"I must warn you though. Bucrow are very strong, which is why I've asked you to unite with other champions in this task. Please, will you help us to defeat them?",モンスターの生態系が崩れたことにより精霊も何か影響があったのかもしれません。このバクロウはとても強力で警備兵が束になっても敵いません。
PROPQUEST_SCENARIO_INC_001415,You and your band of allies must travel to Saint Morning's southernmost region known as the Fantasy Desert. This is where the Bucrow primarily reside.,一人ではとても危険です。パーティーを組み、このバクロウを倒して貰えませんか？
PROPQUEST_SCENARIO_INC_001416,"I might not know with any certainty how the Bucrow first began to become so vicious, but what I do know is that we must do something about them soon!",どうしてこのようなことに……このままではセイントモーニングは壊滅してしまうでしょう。
PROPQUEST_SCENARIO_INC_001417,"Done already!? My thanks go out to you and your allies. Sometimes companionship is the key to victory! As soon as you reach level 30, please return to me as I have another request.",おお、やはり貴方は私の見込んだ通りの英雄ですね。よい仲間にも恵まれているようです。これからも多くの仲間と共に冒険をされるとよいでしょう。
PROPQUEST_SCENARIO_INC_001418,Please you must all hurry! We cannot sit idly by in such a dire situation.,このままではセイントモーニングが壊滅してしまうかもしれません。よろしくお願いします。
PROPQUEST_SCENARIO_INC_001419,Kill 8 Small Bucrow & 4 Bucrow while in a party and return to the Mayor of Saint City.,パーティーを組んでスモールバクロウを8体、バクロウを4体倒して、セイントモーニング市長に報告せよ。
PROPQUEST_SCENARIO_INC_001421,Hero of Saint City,セイントモーニングの英雄
PROPQUEST_SCENARIO_INC_001422,"Hah, you have become quite the celebrity around here! Yes, there is still evil afoot in Saint Morning, but nothing that we can't now contain thanks to your aid!",既に貴方の名声はセイントモーニング中に知れ渡っています。さすがレオナンの紹介ですね。まだまだモンスターは生息していますが当面は大丈夫でしょう。
PROPQUEST_SCENARIO_INC_001423,I do wish to ask you one last favor. Will you hear me out in my final request?,最後に、これは失礼な話かもしれませんが、一つだけ貴方を試してみたいのです。
PROPQUEST_SCENARIO_INC_001424,"You have my thanks. Word has it, a group of dangerous escaped convicts from Saint City Prison are planning their revenge. Please defeat the Hobo and take his sword as proof!",さすがですね。貴方でしたら挑戦されると信じていました。この大陸の最南端にホボーという監獄から脱獄をした集団が生息しています。彼らのキャプテンを倒し、その証を持ってきて下さい。
PROPQUEST_SCENARIO_INC_001425,Hmm…just unfortunate considering how far you have come!,そうですか。さすがに内容を聞かずに受けるほど無謀ではないというわけですね。
PROPQUEST_SCENARIO_INC_001426,"I knew it all along. Reonan was right. There is truly greatness within you. I, and the people of Saint City, wish to bestow you with this gift of elemental cards. Use them wisely!",まさしくこれはホボーの大剣！　もはや貴方はこの辺りのモンスターなど赤子の手をひねるようなものなのでしょうね。色々と依頼を聞いて頂きありがとうございました。これを差し上げましょう。
PROPQUEST_SCENARIO_INC_001427,The Hobo should be in the Western Fantasy Desert. Please eliminate this threat!,ホボーの中でもキャプテンと名のつくホボーですよ。彼らは集団で生息しているのでどうぞお気をつけて。
PROPQUEST_SCENARIO_INC_001428,Kill Hobo and get the Hobo Sword.,キャプテン・ホボーを倒してホボーの大剣を入手し報告せよ。
PROPQUEST_SCENARIO_INC_001453,"Huh? You want me to show you the most powerful skill of mine? Hmm... If you want to see it, I can show you. Here! Put those pieces into my mouth. ah~~",うん？世界で最も偉大な私の能力を一度見せてくれって？ふうんー君がそう言えば見せてあげるのも悪くはないぞ。さあ！私の口にその破片を入れて。あーん
PROPQUEST_SCENARIO_INC_001455,Mysterious Bounty Hunter,闇の放浪者
PROPQUEST_SCENARIO_INC_001456,"Level 40 eh? You've really grown since our last meeting! Hmm, have you heard of a man named ""Ghost"" Hael? He is one of Madrigal's best known bounty hunters.",ずいぶんとたくましく成長したようだな。そろそろ次の任務もこなせそうだ。お前さん、隠密のハエルは知っているかい？　マドリガルを蔭ながら支えてくれている同士だ。
PROPQUEST_SCENARIO_INC_001457,"His cold and mysterious demeanor have earned him the title ""Ghost"". I've heard from sources that he might be traveling through Flaris today.",彼はなかなかこういった街中には立ち寄らないんだが、どうもいまレルエン山脈のふもとにいるらしくてね。これからは彼の力が必要なんだ。よければ自己紹介も兼ねて会ってみないか？
PROPQUEST_SCENARIO_INC_001458,"Would you perhaps seek him out for me? If you tell him my name, perhaps it will jog his memory…",私の名前を出せばすぐにわかってくれると思う。頼んだぞ！
PROPQUEST_SCENARIO_INC_001459,Appreciate it! He will be appearing at Fountain of Dead Person in the Northern part of Flaris. Please find him.,レルエン山脈の麓の湖だ。ぜひ彼の話も聞いてやってほしい。
PROPQUEST_SCENARIO_INC_001460,"What are you scared? I mean, he's not REALLY a ghost.",ふむ、まだまだお前さんは世界を救う気構えに欠けるようだな。
PROPQUEST_SCENARIO_INC_001461,Sure is awfully hard to concentrate with you standing right there. What do you want?,む……お主何者だ？
PROPQUEST_SCENARIO_INC_001462,You haven't met Hael yet? He should be at the Fountain of Dead Person.,ハエルは見つかったかい？　レルエン山脈の麓の湖だぞ。
PROPQUEST_SCENARIO_INC_001463,Meet Hael and mention Reonan's name.,ハエルに会え。
PROPQUEST_SCENARIO_INC_001465,Time is Money,洞窟の奥に潜む魔物
PROPQUEST_SCENARIO_INC_001466,Wha? Someone named Reonan is looking for me? Sounds familiar but… UGH! I've got way too bad of a headache to be thinking about things right now.,レオナン……どこかで聞いたことが……うっ、頭が……頭が……
PROPQUEST_SCENARIO_INC_001467,"Reonan... It's the first time hearing that name, but it is familiar... He said its time? Time for what, I wonder…",むう……初めて聞く名前だがどこか懐かしいような気がする……。うう、思い出そうとすると頭が割れそうだ。
PROPQUEST_SCENARIO_INC_001468,Regardless! I have my own goals and limited time so move along! There is a foul demon lurking in the Mars Mine with a bounty on its head JUST waiting to be claimed *sneer*,すまないが私はいま任務中でね。フラリスダンジョン奥に生息するヴァイスヴェデュークを倒さねばならないのだ。
PROPQUEST_SCENARIO_INC_001469,"UGH! Headache…getting…worse! OK look, here's the deal. You take out that Vice Veduque, give me the reward and I will meet your Reonan. Deal?",うう……頭が割れそうだ。君は私に用があると言ったね。すまないが、私の代わりにヴァイスヴェデュークを倒してくれないか。その間には頭痛も少しは回復するだろう。
PROPQUEST_SCENARIO_INC_001470,"Well, never expected you to accept THAT offer? Well anyway, go kill 10 Vice Veduque in Mars Mine then return to me!",ありがとう。フラリスダンジョンの奥地まで行くのは大変だろうが頼んだぞ。
PROPQUEST_SCENARIO_INC_001471,"No skin off my back! Planned to do it myself anyway. Just gotta, ya know, rest a minute or two…or three…",そうか……仕方がない。やはり私がやらなければならないか。
PROPQUEST_SCENARIO_INC_001472,"Hmpf killed them huh? Well aren't we proud of ourselves. Anyway, while you were in Mars Mine, I thought again about this here… Reonan, or whatever his name is.",約束通り、倒してきてくれたようだね。君を待っている間にレオナンという名前について思い返してみたよ。
PROPQUEST_SCENARIO_INC_001473,"*snores* huh!? What!? I was awake, just resting my eyes!",うう……なぜこんなにも頭痛がするのだ。
PROPQUEST_SCENARIO_INC_001474,Kill 10 Vice Veduque and meet Hael.,ヴァイスヴェデュークを倒してハエルに報告せよ。
PROPQUEST_SCENARIO_INC_001476,Seeing Through to the Past,ハエルの過去
PROPQUEST_SCENARIO_INC_001477,"Still not ringing any bells. Though, the name is familiar… Maybe Master Radeon can tell you something about the name. He took me in over 20 years ago and has been my mentor since.",なぜだろう。記憶の片隅には残っているようだが思い出せない……。おそらく私の師ラディオン様なら何かわかるのではないだろうか。
PROPQUEST_SCENARIO_INC_001478,I can hardly remember what I had for breakfast. Go talk with Master Radeon alright? I'm sure he might know something…,すまない、ラディオン様にこのことを報告してくれないか。師はすぐそばにいるのだが、私は頭痛がひどく動けそうにないのだ。
PROPQUEST_SCENARIO_INC_001479,"Wow, seems like my headache is already lifting knowing I got you out of my hair. Master Radeon is on the other side of the Fountain of the Dead. Go see him!",ひょっとするとこの頭痛の原因もわかるかもしれない。すまないが、頼んだぞ。
PROPQUEST_SCENARIO_INC_001480,You don’t want to do it? Alright...,そうか……
PROPQUEST_SCENARIO_INC_001481,Hmm? So Reonan is inquiring of Hael? It appears that it is time…,何と、ハエルがそのように申しておるのか。ふむ……
PROPQUEST_SCENARIO_INC_001483,Find Master Radeon and ask about the Hael's past.,ハエルの過去を大賢者ラディオンに尋ねよ。
PROPQUEST_SCENARIO_INC_001485,Shards of Memory,記憶のかけら
PROPQUEST_SCENARIO_INC_001486,"I have known Hael many years. When I first discovered him, he was laying there unconscious. I was able to nurse him back to health, but still he had no recollection of his memory. There is a way to recover it though…",そう……ハエルはワシがこの地に連れてきたのじゃ。どのような理由かはわからんが、記憶を失っておった。
PROPQUEST_SCENARIO_INC_001487,I feel there might be something important lost in his past. The only way to recover it would be by using a Memory Shard. This should allow Hael to uncover his past.,フラリスの北東にある祭壇に記憶のかけらという石がある。ただし、これだけでは足りぬぞ。記憶を戻すにはさらにひと手間必要じゃ。
PROPQUEST_SCENARIO_INC_001488,"First, you will need to purify the shard by bringing it to the Magic Box Ancimys. Will you retrieve the purified Memory shard and bring it to Hael?",記憶のかけらを手に入れることができたら、魔法の箱アンシミスに持っていくとよい。そうすれば石の不純物を浄化し使えるようになるじゃろう。
PROPQUEST_SCENARIO_INC_001489,Please locate the Memory Shard which should be somewhere around the Altar of Violet in Northern Flaris. There are Violet Magician Troupe patrolling the area.,いつかハエルの記憶を取り戻そうとする者にこの方法は伝えようと思っていたのじゃ。頼むぞ。
PROPQUEST_SCENARIO_INC_001490,"If you wish Hael's assistance, this might be the only chance you have…",ふむ……。苦しむハエルを何とかしてあげたいとは思わんのかのう。
PROPQUEST_SCENARIO_INC_001491,Hey! You act like you haven't seen a man trapped in a treasure chest before. Oh you come bearing Memory Shards to be purified?,ケラケラケラ。人間があたしに何の用だい？　ん？　この記憶の欠片を浄化させてほしいだって？　ケラケラケラ。
PROPQUEST_SCENARIO_INC_001492,"Please acquire the Memory Shard located at the Altar of Violet, and bring it to Ancimys for purification.",北東の祭壇にある記憶のかけらをもって、アンシミスの元を訪ねるのじゃぞ。
PROPQUEST_SCENARIO_INC_001493,Locate the Memory shard in Northern Flaris and bring it to Ancimys,記憶のかけらを入手し魔法の箱アンシミスを訪ねよ。
PROPQUEST_SCENARIO_INC_001495,A Chest full of Memories,過去の記憶
PROPQUEST_SCENARIO_INC_001496,"I will purify the Memory Shards sure, but first a joke!",ケラケラ。むしゃむしゃ。ペッペ！　ほら、できたよ。これで浄化されたはず。何？　汚いだって？　ふん、そんなに言うならもう協力してあげないぞ！
PROPQUEST_SCENARIO_INC_001497,"Haha, well since you were so kind to listen here is your crystal. Now go ahead and take it!",そうそう、素直なことは大事だよね。ケラケラ。私のつばにはロイヤルゼリーがたっぷり含まれてるんだよ。ケラケラ
PROPQUEST_SCENARIO_INC_001498,Thanks again for listening. The Pukepukes around here don't have a very good sense of humor! Haha!,ふん、そんなことを言うならもう協力してあげないよ～だ！
PROPQUEST_SCENARIO_INC_001499,"What's the deal with this weird looking stone? Oh, for helping me to recall my lost thoughts you say? Oh well, worth a shot!",む、なんだ……このべたついた石は……
PROPQUEST_SCENARIO_INC_001500,"Oh back so soon? Don't worry I have plenty more jokes! So what do you get when you cross an Aibatt with... Er wait, I forgot how it goes...",すぐ戻りましたね！それで、あなたがアイバットを横切るとき、あなたは何を得られますか？、、ちょっと忘れてしまいました。
PROPQUEST_SCENARIO_INC_001501,Bring the purified Memory Shard to Hael.,浄化された記憶の欠片をハエルに渡せ。
PROPQUEST_SCENARIO_INC_001503,The First Pendant,最初のペンダント
PROPQUEST_SCENARIO_INC_001504,"Woahhhh now, everything is finally clear. Hah...Hah... I finally remember... I can't believe this... I recall Reonan now...",ううっ！　頭が…！　うううう……。
PROPQUEST_SCENARIO_INC_001505,We were once good friends who stood together against a great threat… only at that time… we went by different names… I'm sure you will understand in time.,ああ……何ということだ。ようやく思い出したぞ。そうだ……レオナン。私はかつての友人のことを忘れてしまっていたなんて……。
PROPQUEST_SCENARIO_INC_001506,"Here, take this to Reonan. It's a pendant once shared amongst several old comrades… He'll understand when he sees it…",さあ、このペンダントをレオナンに渡してくれ。私はまだやらねばならないことがある。しかし、レオナンならこの意味がわかるはずだ。
PROPQUEST_SCENARIO_INC_001507,"As for now, I have business to attend to. I will catch up with you guys later. Try not to miss me too much and stuff *sneer*",いつか私達は共に闘うだろう。その時は君も一緒に闘えるとよいな。
PROPQUEST_SCENARIO_INC_001508,"Well, I'm in no real hurry. Just take the pendant to Reonan whenever you have the chance.",そうか……せっかく君の力になれると思ったのだが……。
PROPQUEST_SCENARIO_INC_001509,This pendant… It was a symbol of the trust that I once shared with Hael. I've been hoping to find him for awhile now to no avail…,おお……これは、私達が共に闘う時に身に着けていたペンダントだ。
PROPQUEST_SCENARIO_INC_001510,Take the pendant to Reonan soon. I didn't give it to you as a keepsake.,レオナンはフラリスにいるのか。久しぶりに会いたいものだ。
PROPQUEST_SCENARIO_INC_001511,Bring the pendant from Hael to Reonan.,レオナンにハエルのペンダントを渡せ。
PROPQUEST_SCENARIO_INC_001513,Quest for Truth,真実の探求者
PROPQUEST_SCENARIO_INC_001514,Lost memory you say? Must have been hard for him wandering around so aimlessly with no true identity. We will give him time to gather his thoughts…,ハエルが記憶を失っていたのか。ふむ……記憶を失いながら活動を続けるのは大変なことだっただろうな。
PROPQUEST_SCENARIO_INC_001515,"In the meantime, are you aware of the Garden of Rhisis? It is the landmass Northeast of Saint Morning. My friend Handel is currently conducting research there.",ところで、ちょうどよいところに来てくれた。リシスの庭は知っているか？私の同胞ヘンデルがそこで探索活動をしている。
PROPQUEST_SCENARIO_INC_001516,Her work takes much time and the constant threat of masquerpet attacks doesn't help the process. Will you please go and assist her?,一人では手が足りないようでな。もしよければ君が彼女を手伝ってくれないか。
PROPQUEST_SCENARIO_INC_001517,You can reach the Garden of Rhisis by flying Northeast from the continent of Saint Morning. Please go there and meet up with Handel,リシスの庭はセイントモーニングよりさらに東にある空中庭園だ。ヘンデルは島のどこかにいると思う。
PROPQUEST_SCENARIO_INC_001518,"Hah, I see! After using all those town blinkwings, you've already forgotten how to fly.",なるほど！ あなたはすでに飛ぶ方法を忘れているのですね。
PROPQUEST_SCENARIO_INC_001519,Welcome to the Garden of Rhisis. I have been expecting you. Do you understand the nature of my research?,リシスの庭へようこそ。 私はあなたを期待してきました。 私の研究の本質を理解していますか？
PROPQUEST_SCENARIO_INC_001520,Handel is in the Northern part of the Garden of Rhisis. Please go locate her!,ヘンデルはリシスの庭の北側で調査をしているはずだ。お願い！
PROPQUEST_SCENARIO_INC_001521,Go find Handel in the Garden of Rhisis.,リシスの庭のヘンデルを訪ねよ。
PROPQUEST_SCENARIO_INC_001523,Slaves to Shade,庭園の奴隷
PROPQUEST_SCENARIO_INC_001524,"You know where these monsters come from right? According to the records, they were the creation of Shade. Angered by her inability to destroy all of Roika, she plagued the lands with these foul beasts.",私はここでモンスターの研究をしています。貴方は私達が闘っているモンスターがどのように創造されたかご存知ですか？昔、リシスと争ったイブリスが創ったおもちゃだそうです。
PROPQUEST_SCENARIO_INC_001525,"Shade and her monsters succeeded in taking over all of Madrigal. She was subsequently defeated by 8 brave heroes who all rose to the challenge, restoring peace to the land.",シェードと彼女のモンスターはマドリガルのすべてを引き継ぐことに成功しました。 彼女はその後、8人の勇敢な英雄に敗れ、再び平和な場所になりました。
PROPQUEST_SCENARIO_INC_001526,"Shade is now dead, but monsters that she created still exist. In fact, they seem to be growing stronger and greater in number. I'm here in the hopes of uncovering some sort of answer.",シェードは死にましたが、彼女が作ったモンスターはまだ存在しています。 実際、それらはますます強くなり、数が増えているようです。
PROPQUEST_SCENARIO_INC_001527,Research is difficult with the constant threat of Tombstone Bearers around. Will you please help buy me some time by defeating them?,ただ…ここにきて調査は行き詰っています。周囲のモンスターがあまりにも増えすぎてしまい身動きが取れなくなってしまいました。どうか手伝って頂けませんか？
PROPQUEST_SCENARIO_INC_001528,Thank you for your assistance. Killing 15 Tombstone Bearers should allow me ample time to complete my research.,ありがとうございます。私は調査を続けておりますので、この周囲にいるトムストンベアーを15匹倒して下さい。
PROPQUEST_SCENARIO_INC_001529,"For the sake of truth, please do not pass up my request!",真実のために、私のお願いを聞いてください！
PROPQUEST_SCENARIO_INC_001530,"I've done it!! Because of your bravery, I've found an important piece of information.",お帰りなさい！貴方のおかげで重要な形跡を発見することができました。
PROPQUEST_SCENARIO_INC_001531,I'm still in the process of research. Please go and defeat 15 Small Tombstone Bearers & 7 Tombstone Bearers while I complete my work!,スモール・トムストンベアラーが特に邪魔をするんです。15匹倒してください！どうかお願いします。
PROPQUEST_SCENARIO_INC_001532,Defeat 15 Small Tombstone Bearers & 7 Tombstone Bearers.,スモール・トムストンベアラーを15匹、トムストンベアラー7匹退治しヘンデルに報告してくだい。
PROPQUEST_SCENARIO_INC_001534,Endless Loop,終わりの無いループ
PROPQUEST_SCENARIO_INC_001535,"While conducting my research, I found something of interest about the pillars carried by the Tombstone Bearers. It looks similar to those of Shade's temple.",調査をしたところ、偶然貴方が倒したトムストンベアラーの遺体から特異な点を見つけました。それは、彼らが持っている巨大な柱です。その柱の模様がイブリス寺院の柱と同じでした。
PROPQUEST_SCENARIO_INC_001536,"Upon looking further into the information, I found that Tombstone Bearers were actually slaves of Shade that built her temple. But why would they be here in the Garden of Rhisis?",どうやら彼らはイブリス寺院を建築する際に奴隷として働かされていたようです。しかし、イブリス神殿の奴隷がなぜこのような場所にまで来ているのでしょうか。
PROPQUEST_SCENARIO_INC_001537,I need to acquire more data! Would you help me further by acquiring an Ancient Inscription? This might provide the insight I'm looking for!,もう少し調査が必要なようです。何度も申し訳ありませんが、彼らの長、キャプテンを倒してさらに調査させて頂けませんか？
PROPQUEST_SCENARIO_INC_001538,I knew you would have accepted. You too yearn to discover the truth! You can find a Ancient Inscription by defeating any of the Tombstone Bearers,ありがとうございます。トムストンベアラーの中でもキャプテンと冠名されているモンスターをお願いします。
PROPQUEST_SCENARIO_INC_001539,How could you decline? This could potentially reveal so much to us about Shade's masquerpets and their growing strength!,そうですか……ちっ（この程度で断るようじゃ使えないわね
PROPQUEST_SCENARIO_INC_001540,You got it!! Please hand it over quickly for me to analyze!,おお、持ってきて下さったのですね。早速これを元に分析してみましょう！
PROPQUEST_SCENARIO_INC_001541,"Even if you don't initially receive an Ancient Inscription, keep defeating them! I'm sure one of these Tombstone Bearers is bound to have the Ancient Inscription!",キャプテンと冠名されているモンスターですよ。お願いしますね。
PROPQUEST_SCENARIO_INC_001542,Acquire an Ancient Inscription from one of the Tombstone Bearers.,キャプテン・トムストンベアラーを倒して奴隷の証を入手し報告せよ。
PROPQUEST_SCENARIO_INC_001544,Essence of the Gods,リシスの痕跡
PROPQUEST_SCENARIO_INC_001545,It's of no use… The stamp is just too damaged to gather much significant information. It did allude to the War of the Gods though…,残念ながら奴隷の証からは全てを把握することはできませんでした。ただ、イブリスが消滅したにも関わらず、この地に新たな危機が迫っているようです。
PROPQUEST_SCENARIO_INC_001546,"I know from lore that, during this time, Bubble decided to take action against Shade and her masquerpet army. A battle occurred between the gods at this very location.",全ては神々の戦争に起因しているようです。マドリガルの不均衡はリシスとイブリスの衝突により発生しましたから。どうやら他のモンスターも調査する必要があるようですね。
PROPQUEST_SCENARIO_INC_001547,It is rumored that the essence of both gods remains in this garden till this day. Could you please find the Bubble Trace for me?,これは私一人では難しい問題ですね。この地にボウラーという人物がおります。彼なら何かわかるかもしれません。バスキューを倒しリシスの痕跡を見つけてもらえませんか？
PROPQUEST_SCENARIO_INC_001548,"Please defeat the Basques in the North and acquire the Bubble Trace. Once you have this, take it to Bowler. He knows much more ancient lore than myself.",ボウラーは古来よりこの庭園を管理していた一族の子孫です。彼なら何かわかるかもしれません。
PROPQUEST_SCENARIO_INC_001549,You don't want to help me? Oh well... Then I will go myself...,そうですか……ちっ（普通ここまできて断る？　意味分かんないわ
PROPQUEST_SCENARIO_INC_001550,"Hmm? Yes I am Bowler, last keeper of the lore of this continent. WHAT!? You come bearing the Bubble Trace!?",ん？　この庭園について調査していると……う～ん、これは確かにリシス様の力を感じるな。
PROPQUEST_SCENARIO_INC_001551,"Please kill 15 Basques, acquire the Bubble Trace and take it to Bowler.",バスキューというモンスターを倒してリシスの痕跡を集め、ボウラーに調査を依頼してみて下さい。お願いします。
PROPQUEST_SCENARIO_INC_001552,Kill 15 Phantom Basques & 7 Basques and find the Bubble Trace and bring it to Bowler.,ファントム・バスキュー15匹、バスキュー7匹を倒せ。そして、いずれかのバスキューからリシスの痕跡を入手した後、ボウラーを訪ねよ。
PROPQUEST_SCENARIO_INC_001554,Essence of the Gods (2),神々の本質（2）
PROPQUEST_SCENARIO_INC_001555,"According to my ancestors, this region was once a primary location for a massive conflict between Bubble and Shade. Lets put it this way, Madrigal was once all one continent before this war…",ふむ……。そういえばこんな話があるよ。創世戦争、神々の闘いの発端となったのはこのリシスの庭だそうだ。
PROPQUEST_SCENARIO_INC_001556,"We must also acquire the Shade trace. It's rumored to be held by the Pranksters, the last remnants of the followers of Shade. As you can see, I'm a tad too short to confront them. Could you get it for me?",そうか、リシスの痕跡があるということはイブリスの何かも見つかるかもしれないね。イブリス信者を調査すれば何かわかるかもしれない。
PROPQUEST_SCENARIO_INC_001557,I appreciate the assistance. Please go Kill 15 Small Mage Pranksters & 7 Pranksters and acquire the Shade trace.,スモールメイジのいたずら者といたずら者は狂信的なイブリスの崇拝者だ。彼らを倒せば何かわかるかもしれないよ。
PROPQUEST_SCENARIO_INC_001558,What? Expect a poor little Dwarpet such as myself to take on an army of Pranksters?,君はあまりこういう話には興味がないのかな。残念だよ。
PROPQUEST_SCENARIO_INC_001559,"So according to Bowler, this was the site of the battle between Bubble and Shade? The essence of each that you contain is definitive proof of this.",なるほど……やはりこの地は創世戦争の発端となった場所だったのですね。
PROPQUEST_SCENARIO_INC_001560,"Kill 15 Small Mage Pranksters & 7 Pranksters, find the Shade Trace and bring it to Handel.",スモールメイジいたずら者といたずら者を倒せば何かイブリスの痕跡があるかもしれない。やってみる価値はあると思うよ。
PROPQUEST_SCENARIO_INC_001561,"Kill 15 Small Mage Pranksters & 7 Pranksters, acquire the Shade Trace and bring it to Handel.",スモールメイジいたずら者といたずら者を倒してイブリスの痕跡を入手した後、ヘンデルに報告せよ。
PROPQUEST_SCENARIO_INC_001563,Guardians of the Temple,イブリス 神殿
PROPQUEST_SCENARIO_INC_001564,"This essence of Shade is concerning… After the 8 Heroes had defeated Shade, all remnants of her existence were to be purged to prevent her return.",8人の英雄がシェードを倒した後、彼女の存在のすべての残党は彼女の復帰を防ぐために一掃されることになっていた。
PROPQUEST_SCENARIO_INC_001565,"If her essence remains, this is very bad… Stored in the Temple of Iblis is the Parchment of War. Please head there and retrieve it for me.",彼女の本質が残っているとしたら、これは非常に悪いことです…イブリスの神殿に保管されているイブリスの記録を手に入れて頂けませんか？
PROPQUEST_SCENARIO_INC_001566,The Temple of Iblis is in the Southern most region of Saint Morning. The records are guarded by both Iblis Crashers and an Iblis Guardian so please defeat them to obtain it!,イブリスの記録は聖朝の最南端にあります。記録はイブル・ドロイゼンやイブル・プレジャーが持っていると思います。何匹か倒せればわかるかもしれません。
PROPQUEST_SCENARIO_INC_001567,We've come too far to just quit now! Please reconsider!!,遠すぎて今すぐやめられません！ 考え直してください!!
PROPQUEST_SCENARIO_INC_001568,You've made it back with the Parchment!,お待ちしておりました！本当にイブリスの記録を持ち帰って下さったのですね！
PROPQUEST_SCENARIO_INC_001569,Please bring the Parchment of War after defeating 10 Iblis Crashers and an Iblis Guardian.,イブリスの記録はイブル・クラッシャーを10体、イブル・ガーディアンを1体倒して羊皮紙を持ってきてください。
PROPQUEST_SCENARIO_INC_001570,Bring Handel the Parchment of War after defeating 10 Iblis Crashers and an Iblis Guardian.,イブル・クラッシャーを10体、イブル・ガーディアンを1体倒した後、ヘンデルに戦争の羊皮紙へ渡せ。
PROPQUEST_SCENARIO_INC_001572,Before He's Road kill…,彼が殺される前に
PROPQUEST_SCENARIO_INC_001573,Please you must quickly hurry to Bowler! It seems the Wheelems near him have grown increasingly aggressive and he has grown quite fearful!,私はこれからこの記録を解析しようと思います。先ほどボウラーがここに来ていたのですが、どうやら悩みがあるようでした。
PROPQUEST_SCENARIO_INC_001574,"Will you hurry to his aid? In the meanwhile, I will attempt to decrypt these records. I know they contain something worthwhile!!",彼を急いで助けてくれませんか？ その間、私はこれらの記録の復号化を試みます。
PROPQUEST_SCENARIO_INC_001575,Your assistance is truly appreciated! Hurry and defeat 20 Rough Wheelems & 10 Wheelems then report to Bowler!,本当にありがたいです！ 急いで20個のラフウィーレムと10個のウィーレムを倒し、ボウラーに報告してください！
PROPQUEST_SCENARIO_INC_001576,Oh no!! You must help him! Bowler doesn't stand a chance against those vicious Wheelems!,あなたは彼を助けなければなりません！ ボウラーはきっと耐えられません！
PROPQUEST_SCENARIO_INC_001577,"That was too close of a call! The Wheelems generally left me alone. For whatever reason, they suddenly grew violent and attempted to attack me while I was out near their territory.",近すぎた！ ホイールいつも私を攻撃しなかったが、突然暴力的になり、私を攻撃しようとしました。
PROPQUEST_SCENARIO_INC_001578,Hurry! Kill 20 Rough Wheelems & 10 Wheelems before they can reach Bowler!,急いで！ ボウラーに到達する前に、ラフ・ホイールを20体とホイールを10体を倒して！
PROPQUEST_SCENARIO_INC_001579,Kill 20 Rough Wheelems & 10 Wheelems and report to Bowler.,ラフ・ホイール20体と、ホイール10体を倒し、ボウラーを訪ねよ。
PROPQUEST_SCENARIO_INC_001581,The Moment of Truth,ボウラーのお願い(2)
PROPQUEST_SCENARIO_INC_001582,"The number of Wheelems has increased so much since I last remember. If it weren't for you, I would have been Dwarpet road kill…",最近、急にモンスターが増えてね。ホイールにも手を焼いていたんだ。助かったよ！
PROPQUEST_SCENARIO_INC_001583,Has Handel finished her research? Oh! She is currently decrypting the Parchment of War? Will you hurry back to her and find if she has finished?,ヘンデルは研究が終わったの？  彼女はいま解析中なのか？ 急いで、彼女が終わったかどうか調べてくれませんか？
PROPQUEST_SCENARIO_INC_001584,"Tell Handel that I said thanks for her concern… If she need my help, feel free to find me at anytime!",ヘンデルにもありがとうと伝えてね。私も何か役に立てることがあればいつでも手伝うよ。
PROPQUEST_SCENARIO_INC_001585,"Look I know I'm great and you would love to spend time with me, but this is sort of important!",私は素晴らしいと思います。あなたは私と一緒に過ごしたいと思っていますか？
PROPQUEST_SCENARIO_INC_001586,I'm glad to see you… I have to finish decrypting the Parchment,あ…ちょうどよいところに。解析がいま終わったところです。
PROPQUEST_SCENARIO_INC_001587,Go see Handel. She should be done with decrypting the parchment.,ヘンデルを見に行きます。今頃、記録の解読が終わっていると思う。
PROPQUEST_SCENARIO_INC_001588,Return to Handel and see if she has decrypted the Parchment.,冒険家は解読を終えたヘンデルに戻ってください。
PROPQUEST_SCENARIO_INC_001590,Revelation,啓示
PROPQUEST_SCENARIO_INC_001591,Why am I looking so distraught after analyzing the text you ask? Well… I guess the results are not what I would have wanted…,解読を終えたのになぜこんなに暗い表情なのですかって？　ふう……実は私の想像とは異なる結果だったのです。
PROPQUEST_SCENARIO_INC_001592,"The records indicate that despite the efforts made by the 8 heroes to expunge any trace of Shade's existence, her essence still persists throughout this world.",記録によると、シェードの存在の痕跡を消すために8人の英雄が努力したにもかかわらず、彼女の本質はこの世界全体に残っています。
PROPQUEST_SCENARIO_INC_001593,"When the time is right, she will regain her physical form and return anew to command her masquerpet army. It is her intention to reclaim the known world as her own…",時が来れば、彼女は体の形を取り戻し、新たに戻ってマスカペット軍を指揮します。 既知の世界を自分のものにすることが彼女の目的です。
PROPQUEST_SCENARIO_INC_001594,You must go and talk to Reonan as soon as possible. We no longer have time to waste. Please find him!,レオナンにこの事実を伝えて下さい。一刻も早く英雄を見つけなければ再び戦争になるかもしれません。
PROPQUEST_SCENARIO_INC_001595,Reonan still hasn't explained to you the exact nature of the 8 heroes has he? I feel you are ready to know the truth and the role you play in this all…,え、まだ、8人の英雄を集めていることについて何も聞かされていなかったのですか。ふうん……まあ、それもレオナンと話せばわかると思いますよ。
PROPQUEST_SCENARIO_INC_001596,I'm sorry if you feel uncertain about this all. Take some time to think it over…,不確かな点がありましたらごめんなさい。 考えてみてください…
PROPQUEST_SCENARIO_INC_001597,Greetings again! Ohhh…so this is what Handel has brought to light.,お、戻ったか。ヘンデルの調査は進んだかい？　……ふむ、そんなことがあったのか。
PROPQUEST_SCENARIO_INC_001598,Please hurry back to Reonan. I'm sure he will explain everything!,レオナンはまだフラリスにいると思います。急いでお願いしますね。
PROPQUEST_SCENARIO_INC_001599,Return to Reonan with the results of Handel's research.,レオナンに戻りヘンデルからの調査結果を報告せよ。
PROPQUEST_SCENARIO_INC_001601,Darkon: The Mysterious Continent,未知の大陸：ダーコン
PROPQUEST_SCENARIO_INC_001602,"This is more urgent that I thought… I was aware of the impending return of Shade, but this soon? I'm sorry I had to hide so much from you. Here is the truth…",思ったよりも話がおおごとになってきたね。すまない……君をだますつもりはなかったのだが……。
PROPQUEST_SCENARIO_INC_001603,"Handel, Hael and I share a common past. We are all reincarnations of the 8 original heroes to defeat Shade in the War of the Gods. I was the first Knight Hero...",ヘンデル、ハエル、私たちには同じ過去があります。私たちは皆、神々の戦争でシェイドを倒した8人のヒーローの生まれ変わりなのです。その時私は、ナイトのヒーローだったのです......。
PROPQUEST_SCENARIO_INC_001604,"We were all appointed by Bubble as champions of our respective classes, and led the armies of mankind against Shade and her masquerpets.",私たちは皆、バブルによって各職業の賢者として任命され、軍勢を率いてシェイドとイブリスと闘いを繰り広げたのだ。
PROPQUEST_SCENARIO_INC_001605,I feel it is due time for a reunification of the original 8 heroes... I know the other reincarnations are out there. I just hope we will be able to convince the rest of them. We don't have much time…,元の8人のヒーローの再集結の時が来たと感じています...。他の転生者がいるのは知っています。 過去の英雄を一刻も早く集めねばならないですね。 とにかく時間がないのです...。
PROPQUEST_SCENARIO_INC_001606,"It has come to my attention that several of the other heroes are currently residing in a large continent known as Darkon. For Madrigal's sake, would you be able to track them down?",私の知る限り、他のヒーローの何人かは現在、ダーコンと呼ばれる大きな大陸に住んでいるようです。マドリガルのために、彼らを探してきてはもらえないでしょうか？
PROPQUEST_SCENARIO_INC_001607,Make haste to meet the Mayor of Darkon. He sees over the main industrial town located in Darkon 2. Maybe he will have further information about the missing heroes.,ダーコン市長を訪ねてください。 彼はダーコン2にある主要都市にいると思います。たぶん彼は行方不明の英雄についてのなにか情報を持っているはずです。
PROPQUEST_SCENARIO_INC_001608,"I know it is a lot to take in, but you are going to have to trust me on this one. We don't have any time to waste.",色々と分からない事も多いと思うが、これについては私を信頼して欲しい。あまり時間が無いのです。
PROPQUEST_SCENARIO_INC_001609,"Oh! Hello young adventurer. You shouldn't sneak up on a man my age, nearly gave me a heart attack. Hahaha!!",おー！ こんにちは若い冒険家。 私の年齢の男性に忍び寄ってはいけません。心臓発作を起こしそうになりました。 ハハハ！！
PROPQUEST_SCENARIO_INC_001610,"You must locate the heroes of the past, so that Madrigal might have a future. Please speak with the Mayor of Darkon. I guarantee he will know something…",マドリガルに未来の為に、過去の英雄を見つけねばなりません。 まずはダーコン市長を訪ねてください。 彼は何かを知っているはずです。
PROPQUEST_SCENARIO_INC_001611,Go meet the Mayor of Darken located in Darkon 2. Maybe he will have more information on the missing heroes.,ダーコンの市長を訪ねよ。
PROPQUEST_SCENARIO_INC_001613,The Problem with Leyenas,レイーナの問題
PROPQUEST_SCENARIO_INC_001614,"What's this you speak of? Heroes? Can't say I've heard anything about that… But, I believe I know a person who may have…",英雄の転生……ほほう、そういった話は聞いたことがないが、詳しいであろう人物なら心当たりがあるぞ。
PROPQUEST_SCENARIO_INC_001615,Oh you want to know? Of course I will tell you… But first perhaps you could do me a favor?,そう急くな。教える、教えるが……その前に一つやってほしいことがある。
PROPQUEST_SCENARIO_INC_001616,I am frequently in touch with the mayors of both Saint City and Flarine. I have heard of your heroic actions and request your aid. There has been a dramatic increase in Leyena populations.,君は各地の問題を解決してきた英雄だと言うじゃないかね。我が都市も少しばかり困った問題を抱えておるのだ。……東地区にはびこるレイーナを見たかね？ どんどん増えてきておる。まったく…
PROPQUEST_SCENARIO_INC_001617,They have made it awfully hard for our workers to collect a rare ore which is a staple export here in Darken. Please defeat the Leyena and I will give you the information.,私たちの労働者がダーコンで主要な輸出品である珍しい鉱石を集めるのに苦労しています。 レイーナを倒してください！重要な情報を伝えます！
PROPQUEST_SCENARIO_INC_001618,Thank you adventurer! The Leyena can be found in Eastern Darkon. Please decrease their population by killing 20 Small Leyenas and 10 Leyenas.,おぉ、ありがたい！レイーナの居所は判るかね？ レイーナはイースタンダーコンにいます。スモール・レイーナを20体、レイーナを10体倒してくれたまえ。
PROPQUEST_SCENARIO_INC_001619,"Hmm, what was it you needed again? My mind seems to be getting fuzzy... Since you are here, why not do some sightseeing?",うーん、また何か必要？ 頭が回らないなら、観光してみませんか？
PROPQUEST_SCENARIO_INC_001620,Hah! It is just as I have heard. You are truly a problem saver! Now to uphold my end of the bargain!,噂通りの実力じゃないかね！
PROPQUEST_SCENARIO_INC_001621,Well? I'm not getting any younger! The Leyena are found in Eastern Darkon. Please get rid of at least 20 Small Leyenas and 10 Leyenas!,レイーナはダーコンの東側に生息している。20個の小さなレエナと10個のレエナを倒してください。
PROPQUEST_SCENARIO_INC_001622,Kill 20 Small Leyenas and 10 Leyenas.,リトルレイーナを20体、レイーナ10体を倒し、ダーコン市長に報告せよ。
PROPQUEST_SCENARIO_INC_001624,The Great Teacher Inisis,偉大な教師のイニシス
PROPQUEST_SCENARIO_INC_001625,Search out the Great Teacher Inisis. She has a wealth of knowledge on many subjects and has produced many outstanding students. If anyone knows it would be her.,約束通り、貴方に有益な情報を与えられる人を紹介してあげる。ロッテンマイヤーはご存知かしら？
PROPQUEST_SCENARIO_INC_001626,Inisis can be found at the center of Darken. Please go see her! I'm sure she will be of assistance!,ロッテンマイヤーはダーコンの中心にいます。ツンツンしているからすぐにわかると思うわ。でも……
PROPQUEST_SCENARIO_INC_001627,But be patient! Inisis will hardly give you the answers you seek so quickly!,ロッテンマイヤーは頑固者で有名だからね。少しは信頼されないと何も教えてくれないかもしれないわ。
PROPQUEST_SCENARIO_INC_001628,Changed your mind already? Guess the task wasn't that important then.,そう？　まあ、そんなに大事なことじゃなければいいのよ。
PROPQUEST_SCENARIO_INC_001629,Hmm... You are new here aren't you? Have you journeyed all this way to become one of my students?,ん？　君は何者だね？私の生徒になりたいと言うか？
PROPQUEST_SCENARIO_INC_001630,Go see Inisis. She is at the center of Darken.,ロッテンマイヤーはすぐそばにいるわ。ダーコンの中心よ。もう眼と鼻の先よ。
PROPQUEST_SCENARIO_INC_001631,Go meet [Mentor] Inisis.,ロッテンマイヤーを訪ねよ。
PROPQUEST_SCENARIO_INC_001633,Corrupted Hunter,ロッテンマイヤーの無理難題
PROPQUEST_SCENARIO_INC_001634,"8 legendary heroes? Hmm… Maybe… I have a person in my mind… but, I can't tell you so easily. First you must do something to show you are worthy of such information.",8人の英雄の転生について……ふむ。思い当たることはありますが、君は情報をタダで受け取ろうとするのですか？
PROPQUEST_SCENARIO_INC_001635,Foul monsters known as Trangfoma have been reported kidnapping civilians outside of the city. They are lead by a powerful lord Trangfoma. It needs to be defeated.,トランフォマとして知られる邪悪な怪物が、街の外で民間人を誘拐していると報告されている。彼らは強力な領主トランフォマに率いられています。打ち負かす必要があります。
PROPQUEST_SCENARIO_INC_001636,Please kill the Lord Trangfoma located in Eastern Darkon. He won't go down so easily so I would recommend enlisting the help of fellow warriors such as yourself.,東部ダーコンにいる巨大なトランフォーマを倒してきなさい。勇み足で怪我でもしなければよいですがね。まあ、一人で怖ければ大勢でもよいでしょう。倒してくれれば問題ないです。
PROPQUEST_SCENARIO_INC_001637,"If you don't have time for this, I don't have time to give you the information you seek…",ふん、そうですか。まあ私はどっちでもよいのですがね。
PROPQUEST_SCENARIO_INC_001638,hmm… Impressive. You are stronger than you look. I will give you everything you need to know now.,ほう、思ったよりやるではないですか。
PROPQUEST_SCENARIO_INC_001639,Please relieve us of this threat. The Lord Trangfoma should be in Eastern Darkon.,どうか、この脅威から解放されてください。トランフォマ卿は東ダーコンにいるはずだ。
PROPQUEST_SCENARIO_INC_001640,Kill the Lord Trangfoma.,ジャイアント・トランフォーマを倒せ。
PROPQUEST_SCENARIO_INC_001642,Peculiar Creature,未知の獣
PROPQUEST_SCENARIO_INC_001643,"Normally I'd be skeptical of such a claim, but I do recall coming across quite a peculiar sight…",過去の英雄が転生するなんて、普段ならば信じないところですがね。
PROPQUEST_SCENARIO_INC_001644,"While out traveling, I came across a creature most bizarre not too far East of Darken City.",先日、ダーコンの東に正体不明の生物を発見しました。弟子達の修行の付添で偶然発見したのですがね。
PROPQUEST_SCENARIO_INC_001645,"It looked like an animal, yet it seemed to be talking. It seems quite peculiar and might warrant an investigation. I'm not sure if this will actually help you or not…",動物のようですが人間の言葉を話すことができるようでした。さらに彼は創世戦争の時の英雄リルリップの生まれ変わりだと名乗っています。
PROPQUEST_SCENARIO_INC_001646,Please go investigate the nature of this matter. Maybe this creature might know something as well?,調査していただけないでしょうか。いまの名前は……。忘れてしまいました。その生物が何か知っているかもしれません。
PROPQUEST_SCENARIO_INC_001647,"I saw the creature near the Steel Knights, which reside in the Erons Factories. Go look for it there!",エランパークスにいる「スチールナイト」の手前辺りでしょうね。まあ、探してみるとよいですよ。
PROPQUEST_SCENARIO_INC_001648,What? You don't believe me? Not like your story is any more believable!,ふむ、まあこのような突拍子もない話は信じられないかもしれませんね。
PROPQUEST_SCENARIO_INC_001649,Hi! My name is Reodos...Oh come on! It's not like you are all that normal looking either!,む、人間か。私はレオドスだ。この姿になってから好奇心の眼でじろじろ見られるのはあまり好かんのだ。
PROPQUEST_SCENARIO_INC_001650,"A truly mysterious creature indeed… You can find it in the Erons Factories, near the Steel Knights.",獣のくせにどこか気品がありましたね。まあ、実際に話してみればわかるでしょう。エランパークスにいる「スチールナイト」の近くでしょう。
PROPQUEST_SCENARIO_INC_001651,Find the Mysterious Creature.,謎の生物を探し、訪ねよ。
PROPQUEST_SCENARIO_INC_001653,Steel Knight Night!,スチールナイトNight！
PROPQUEST_SCENARIO_INC_001654,"What's that!? A reunification of the 8 heroes! You happen to be looking at one of them! I am Reodos, the mighty Ele…",わ、私はレオナン……何とも懐かしい。彼もこの地に転生したというのか。ふむ……そういうことなら喜んで駆けつけたいところなのだが……
PROPQUEST_SCENARIO_INC_001655,Well… was a mighty Elementor Hero… Shade cursed me. Trapping me in this cute furry little body was apparently the only way to contain all this power! Bwahaha!,見ての通り、私はなぜかこのような姿になってしまってね。エレメンターだったんだが魔法も使うことができない。こんな状態じゃ足手まといになってしまうだろう。
PROPQUEST_SCENARIO_INC_001656,"I will have my vengeance upon Shade, she will scorn the day she ever messed with Reodos! Now I just need to figure a cure for this curse and…",シェイドに復習だ！奴め！　このような呪いをかけて未来永劫苦しめようとするとは何とも恨めしい。ああ、でももっと腹が立つことがあるのだ。
PROPQUEST_SCENARIO_INC_001657,Man! I can hardly hear my own thoughts with these stupid Steel Knights clanking around. Could you please get rid of some of them?,この周囲にスチールナイトという機械がうろついているな。鬱陶しくてこの上ない。人間の姿に戻る方法を画策しているというのに集中できんのだ。処分してきてくれないか。
PROPQUEST_SCENARIO_INC_001658,"Awesome!! I'm trying to research into removing this curse but UGHHH those stupid Steel Knights! Kill like 20 Small Steel Knights & 10 Steel Knights. and I will be one happy unicorn, dog thing…",すまんが、この周囲にいる＜スモール・スチールナイト＞を20体、＜スチールナイト＞を10体掃除してきてくれんか？　レオナンの名を知っているくらいだ。少しは腕も立つのだろう？
PROPQUEST_SCENARIO_INC_001659,You can't do that for me?,そうか、まあその程度もできないようじゃ私の力にもなれんな。
PROPQUEST_SCENARIO_INC_001660,Ah! Now I can collect my thoughts. What? You look at me like you've never met an Elementor before. Er… we are all a little eccentric I guess you could say.,ふう、少しは気が晴れたな。考えをまとめることができそうだ。ありがとう。
PROPQUEST_SCENARIO_INC_001661,"Yes, yes the Steel Knights! Please eradicate 20 Small Steel Knights & 10 Steel Knights!",ガチャガチャ耳障りな音が許せんのだ。スモール・スチールナイト20体、スチールナイトを10体！頼んだぞ。
PROPQUEST_SCENARIO_INC_001662,Kill 20 Small Steel Knights and 10 Steel Knights.,スモール・スチールナイト20匹、スチールナイト10匹を討伐しろ。
PROPQUEST_SCENARIO_INC_001667,Trials and Tribulations,試練と苦難
PROPQUEST_SCENARIO_INC_001668,Oh! This pendant belonged to Reodos! So you found him after all? This is indeed great news!,このペンダントはレオドスのものだったんだ！彼を見つけた！？彼も過去の戦争で活躍した一人だ。
PROPQUEST_SCENARIO_INC_001669,I'm sure we will be able to break his curse and shall all once again be reunited. It is time we began the search for the other 4 heroes.,獣の姿になってしまったとは……他にも転生した英雄の身にはイブリスの呪いが掛けられているのかもしれないな。あと4人の英雄を見つけるしかないな。
PROPQUEST_SCENARIO_INC_001670,"Before this though, it is time you continued your own personal training. It seems you are ready to accept your second job class. This will mark an important step in your path so choose wisely!",まだ、お前さんはマドリガルを救うには力が足りぬな。過去の私達と同じように新しい職業に就く必要があるだろう。
PROPQUEST_SCENARIO_INC_001671,"Please complete your second job quest. Once you have done this, go and meet Reodos again. Hopefully he has broken out of his curse by now.",2次転職を終えてからきてください。その頃にはきっとレオドスの呪いも解けるだろう。
PROPQUEST_SCENARIO_INC_001672,Please go and meet Reodos as soon as you have finished with your quest!,クエストが終えたらレオドスをもう一度訪れるのだ。彼ならさらに何か発見しているかもしれんぞ。
PROPQUEST_SCENARIO_INC_001673,It is imperative that you complete your second job quest. This will mark another step in your journey to becoming a true warrior!,ふむ、まだそこまで修行をする気にはならんというのか。まあ、言わんでもわかるだろうが、先に2次転職を終えることだな。
PROPQUEST_SCENARIO_INC_001674,Oh! I see you have completed your second job change quests!,おお、君はずいぶんと成長したようだな。ん？　何？　なぜまだ私はこのままの姿なのかって？
PROPQUEST_SCENARIO_INC_001675,Best of luck in the completion of the trials that lay before you!,試練をクリアするのは容易ではないかもしれないが、お前さんなら大丈夫さ。
PROPQUEST_SCENARIO_INC_001676,Complete the 2nd job transfer then meet with Reodos.,二次転職をした後、レオドスを訪ねよ。
PROPQUEST_SCENARIO_INC_001678,The Insightful Store Owner,洞察力の優れた店主
PROPQUEST_SCENARIO_INC_001679,"Oh yeah! Hah, about that… for some reason my concoction didn't seem to break the curse. Could just be a delayed effect! Heh, wishful thinking, right?",ふん、それは私が聞きたいくらいだ。私の調合に間違いはないはずなのだが……遅効性なのか！？
PROPQUEST_SCENARIO_INC_001680,Anyway! You came at just the right time! I've heard that a man named Achaben has reported seeing who I believe to be one of the 8 missing heroes. Will you go talk with him?,まあ、その話はいい。それより君は他の英雄を探しているのだろう？雑貨屋を営んでいるアチャベンという男は知っているか？英雄の一人と思われる男を見たらしいんだ。彼と話をしてくれないか？
PROPQUEST_SCENARIO_INC_001681,Achaben is the owner of the General Shop in Darken. Please go meet with him and see what he has to say!,その男の話によると、ダーコンの雑貨屋のアチャベンだそうだ。詳しくは彼に話を聞くといい。
PROPQUEST_SCENARIO_INC_001682,Still 4 more heroes to find! Lets not just call it quits now!,ふむ、君が何を考えているのか私には理解できないな。英雄はあと4人か。
PROPQUEST_SCENARIO_INC_001683,Greetings there! What is it I can do for you?,いらっしゃいませ。本日はどのような御用でしょうか？
PROPQUEST_SCENARIO_INC_001684,Achaben is the owner of Common General Shop in Darken. Go see him. I will just lay low till then!,アチャベンはダーコンの雑貨屋の主人だ。話を聞くだけでも損はないだろう。
PROPQUEST_SCENARIO_INC_001685,Meet Achaben.,ダーコンのアチャベンを訪ねよ。
PROPQUEST_SCENARIO_INC_001688,Oh! Interested in the stories of this so called super hero I see? Can't say I know a whole lot about him.,英雄と呼ばれる人物に興味があると？はいはい、もちろん知ってますよ。最近色々なところで活躍しているようですね。
PROPQUEST_SCENARIO_INC_001689,"There was someone who had more insight into this mysterious man. Oh, what was his name now! Oh I've just got so much on my mind right now its hard to think about anything!",うん？　もっと詳しく知りたいって……（にやり）。教えて差し上げたいのですがちょっと立てこんでおりましてね……。
PROPQUEST_SCENARIO_INC_001690,You want to know what the problem is? I had an important package to deliver but I can't for the life of me remember what I did with it…,何が忙しいのかって？　ふふ、明日までにリマインにドリルを渡さなければいけないのですが、在庫が不足しているのですよ。
PROPQUEST_SCENARIO_INC_001691,The package contained special drills acquired from the Drillers in Darkon. Some of the sturdiest around!! If you could acquire some of these drills for me it would surely help a lot!,ドリラーを誰かが倒してドリルを集めてくれればいいんですけど……い、いいんですけどね～。（ちらっちらっ）
PROPQUEST_SCENARIO_INC_001692,Oh! You will get the drills for me!! You are really great! Drillers can be found Southwest of the Gouthan Mountains. Acquire 10 drills and bring them to Remine the weapon smith.,おお！　あなたがドリルを集めてくれるのですか？　それは願ってもないことです。10個もあれば足りると思いますので、集めたらダーコン武器屋のリマインまでお願いしますね！
PROPQUEST_SCENARIO_INC_001693,Oh no... I'm in trouble now. Who will ever want the business of such a forgetful store owner!,あー、残念だなあ。ドリルがあれば秘話もお伝えできそうなのになぁ。
PROPQUEST_SCENARIO_INC_001694,Achaben sent you here I see! Are these the Hard Drills I ordered?,アチャベンからの使いだって？　ああ、これはあたいが注文した品だね。
PROPQUEST_SCENARIO_INC_001695,Thank you again! Please make haste and acquire the 10 Hard Drills and take them to Remine the Darken weapon smith.,ドリラーから丈夫なドリルを10個集めて武器屋のリマインに渡して下さいね。
PROPQUEST_SCENARIO_INC_001696,Acquire 10 Hard Drill from the Drillers in Darkon and bring them to Remine,ドリラーから丈夫なドリルを10個入手した後、リマインに渡せ。
PROPQUEST_SCENARIO_INC_001698,Customer Satisfaction,取引完了
PROPQUEST_SCENARIO_INC_001699,Just in time! Now I can finally finish my work. Will you tell Achaben thanks for me!,ちょうどいいところに来てくれたよ。アチャベンにもよろしく伝えておいてね。
PROPQUEST_SCENARIO_INC_001700,Tell Achaben I will be doing all my ordering from him in the future!,んじゃ、あたいは忙しいからこれで。アチャベンのことだ。きっと君に代行させたんだろ。ご愁傷さまだねぇ。
PROPQUEST_SCENARIO_INC_001701,Oh? You think I should go tell him myself?,ん？　どうしたんだい？　何か買うかい？
PROPQUEST_SCENARIO_INC_001702,"Did you deliver the package to Remine? *phew* Oh, Thank you. You saved me.",リマインに渡して下さったんですね。ありがとうございます。これで一息つけます。
PROPQUEST_SCENARIO_INC_001703,Did you deliver my greetings to Achaben?,ん？　どうしたんだい？　アチャベンに挨拶をしたかい？
PROPQUEST_SCENARIO_INC_001704,Meet with Achaben.,アチャベンに報告せよ。
PROPQUEST_SCENARIO_INC_001706,In the Shadow of the Mountains,山の影で
PROPQUEST_SCENARIO_INC_001707,"While you were delivering the package, I looked further into this hero that you were inquiring about. A friend of mine, Est, seems to have more information on him.",さて、そういえば貴方はゾロについて探しているんでしたね。実は私はあまり詳しいことは知らないのですが……あ、待って下さい！　怒らないで！
PROPQUEST_SCENARIO_INC_001708,"Est is conducting research in the Gouthan Mountains, but is currently besieged by monsters. If you were to help him, he will tell you what you need.",Dr.エストという人物はご存知ですか？　山奥で研究をしている変わり者ですが、最近ドリルが増えて研究がままならないようです。
PROPQUEST_SCENARIO_INC_001709,Please head to the Gouthan Mountains in Northern Darkon and defeat 10 Small Volt and 10 Captain Driller. Then meet with Est.,Dr.エストはダーコンの最東側で研究をしていると思います。何体かドリルを倒して彼の研究を手伝ってあげれば何か教えてくれると思いますよ。
PROPQUEST_SCENARIO_INC_001710,"Oh well, understandable. I'm not much of a fighter myself.",ゾロをついて調べているのではなかったのですか？
PROPQUEST_SCENARIO_INC_001711,"What!? The Volts and Drillers just suddenly disappeared! Oh, were you responsible for this?",あれ、貴方はこんなところで何をしているのですか？
PROPQUEST_SCENARIO_INC_001712,"Please hurry to the Gouthan Mountains! I'm worried that if we don't act soon, something bad might happen to Est!",ここからは結構距離があります。気をつけて下さいね。
PROPQUEST_SCENARIO_INC_001713,"Kill 10 Small Volt and 15 Captain Driller, then meet with Est",スモール・ボルト10匹とキャプテン・ドリルラー15匹を倒した後、Dr.エストを訪ねよ。
PROPQUEST_SCENARIO_INC_001715,The Jester Hero!,解決ゾロの噂（2）
PROPQUEST_SCENARIO_INC_001716,"I was trapped by the monsters while researching and hid behind these rocks here. Ahh, so you are searching for the super hero?",あ、貴方がドリルを倒してくれたのですね。ありがとうございます。最近ドリルが増えすぎてまともに研究ができなかったのでとても助かりました。
PROPQUEST_SCENARIO_INC_001717,I briefly came across him earlier while high up in the Gouthan Mountains. He was in a hurry to save a young boy trapped in Eastern Darkon. Maybe you could head there?,ところで僕に何か御用ですか？　ふむふむ……英雄を探しているということですね。私も何度かお会いしたことがあります。
PROPQUEST_SCENARIO_INC_001718,So you are going there? You are quite brave! This mysterious hero has to be somewhere near where the boy is in Eastern Darkon,確か監獄に閉じ込められてしまった少年を救うためにその周辺を探ると言っていました。探してみてはいかがですか？
PROPQUEST_SCENARIO_INC_001719,Don't blame you. I prefer to stay out of trouble like that myself anyway!,まあ、確かに雲をつかむような話ではありますけどね。
PROPQUEST_SCENARIO_INC_001720,"Hush! Be very quiet! I, Zoro the Magnificent!.....am in the middle of a very important mission!",む、君は何者だ？　なぜ私がここにいるとわかった？
PROPQUEST_SCENARIO_INC_001721,Look around the prison in which the boy is locked in East Darkon. I'm sure the hero will be there.,少年が閉じ込められているという監獄の周辺が一番怪しいと思います。まずはそこを探してみては？
PROPQUEST_SCENARIO_INC_001722,Find Zoro.,ゾロを探し出せ。
PROPQUEST_SCENARIO_INC_001724,Key to the Prison,監獄の鍵
PROPQUEST_SCENARIO_INC_001725,I apologize but I have no time to talk. I have to figure a way to rescue that boy and I'm afraid the at time is limited.,残念ながら私はいま忙しいのだ。あの監獄に閉じ込められている少年を救い出さねばならないからな。
PROPQUEST_SCENARIO_INC_001726,"At any moment the Steam Walker that put the boy there might return, so I must keep an ever vigilant watch! Maybe you COULD help me?",むむ……君もしつこいな。そんなに私に用があるならまず少年を助けることから手伝ってはくれないか？
PROPQUEST_SCENARIO_INC_001727,"How about this? While I secure the perimeter, you acquire a key to open the prison door. Deal?",私はここで監視を続ける。君はその隙に少年が閉じ込められている監獄の鍵を入手するのだ。できるか？
PROPQUEST_SCENARIO_INC_001728,"Great! While I secure the area, quickly retrieve a key from one of the Steam Walkers!",すごい！私がエリアを確保している間に、スチームウォーカーの1人から鍵をすぐに取り出してください!
PROPQUEST_SCENARIO_INC_001729,If you won't help me then I have no time to deal with you!,ふん、それならどいてくれ。私は忙しいのだ！
PROPQUEST_SCENARIO_INC_001730,Huzzah! Mission accomplished. Good thing I was here. Who knows what might have happened. Anyway! Time for phase 2!,お、本当に見つけてきてくれたのか。ふむ、少しは君もやるようだな。
PROPQUEST_SCENARIO_INC_001731,Quickly! Quickly! Retrieve the prison key from one of the Steam Walkers! We may not have much time!,監獄の鍵は見つかったか？　何？　事は急を要するのだ。頼むぞ！
PROPQUEST_SCENARIO_INC_001732,Find a Prison Key by killing Steam Walkers.,スチームウォーカーを倒して刑務所の鍵を見つける。
PROPQUEST_SCENARIO_INC_001734,A Test of Trust,ゾロの挑戦状
PROPQUEST_SCENARIO_INC_001735,Now we just need to wait for the right moment to open the door! What is your business with me anyway?,さて、この鍵があれば後は少年を助け出すだけだ。その前に君の用件を聞いておこう。
PROPQUEST_SCENARIO_INC_001736,"Gathering the 8 original heroes? Hmph. Been so long I can hardly recall. Only member I've kept in touch with is Elaine… err, forget I said anything. Hah.",創世戦争の頃の英雄を探しているだと……ふむ。確かに私も古の時代、英雄と呼ばれる一人であったが……、レオナンの名を出してもまだ君を完全に信用していないぞ。
PROPQUEST_SCENARIO_INC_001737,I can prove quickly if it was truly Reonan who sent you. Reonan is perceptive when it comes to people and he doesn't choose just any pushover! How about a test of your skill?,ところで君は本当に英雄と肩を並べられる程の実力を持っているのか？
PROPQUEST_SCENARIO_INC_001738,"First, I need to test your skill. Go kill 15 Volts & 15 Captain Volts and come back, Then I will trust you and participate to Reonan's decision.",ふむ、じゃあ少し試してみよう。この辺りに生息しているボルト15匹、キャプテン・ボルト15匹倒してくるのだ。
PROPQUEST_SCENARIO_INC_001739,How about you… mmm… Kill 15 Volts & 15 Captain Volts! BAM! There we go. A true test of skill. Then I will know for sure! You can find them East of this location.,ボルト15匹、キャプテンボルト15匹だ。君が英雄ならそれくらいはたやすいだろう。
PROPQUEST_SCENARIO_INC_001740,This is the only way to earn my trust.,ふん、この程度もできないようじゃたかが知れているぞ。
PROPQUEST_SCENARIO_INC_001741,"Guess I will give credit where it's due. You aren't THAT much of a weakling! Alright, guess I will trust you!",ふむ。思ったよりもやるようだな。よし、もう少し話を聞かせてやろう。
PROPQUEST_SCENARIO_INC_001742,Zoning out the entire time I was giving instructions? Head east of this location and kill 15 Volts & 15 Captain Volts!,まだ15匹ずつ倒していないようだな。この程度で音を上げるのか？
PROPQUEST_SCENARIO_INC_001743,Kill 15 Volts & 15 Captain Volts.,ボルト15匹、キャプテン・ボルト15匹倒した後、ゾロに報告せよ。
PROPQUEST_SCENARIO_INC_001745,The Retired Hero,引退したヒーロー
PROPQUEST_SCENARIO_INC_001746,"Since you have my trust, I will give you another piece of information. There is another hero hiding out here in Darkon. His name is Elaine, Hero Ranger.",英雄を探していると言ったね。この近くの山の中にエルラインという人物が暮らしている。いつだか彼は自分をレンジャーの英雄の生まれ変わりだと言っていた。
PROPQUEST_SCENARIO_INC_001747,"After the war, and our reincarnation, both Elaine and I fled up here to the mountains.",私は彼と古くから付き合いがあってね。君の話を聞くまでは転生した過去の英雄は私達だけだと思っていたよ。
PROPQUEST_SCENARIO_INC_001748,"If Reonan is trying so hard to reach out to us, then I guess it might be time again. You should go to find Elaine.",もし君がレオナンに頼まれて過去の英雄を探しているのであればぜひ会ってみるといい。
PROPQUEST_SCENARIO_INC_001749,"He lives west of this current location. Be warned. Since the war, he has retired his weapons and become a self proclaimed pacifist. I'm not sure how willing he will be to join with the rest…",ただ……彼は昔から平和主義者だからな。闘いのために英雄を集めているとなると協力してくれないかもしれん。私からも一筆書いておこう。
PROPQUEST_SCENARIO_INC_001750,"Well, you know where he is. Whenever you have the time, seek him out.",そうか。まあ、君の好きにするがよいさ。
PROPQUEST_SCENARIO_INC_001751,Greetings stranger! My name is Elaine. What brings you all the way up here?,このようなところで人に会うとは珍しい。貴方はここで何をしているのですか？
PROPQUEST_SCENARIO_INC_001752,Elaine lives just West of this location. Please go and find him!,エルラインとは会えたかい？
PROPQUEST_SCENARIO_INC_001753,Find Elaine.,エルラインを訪ねろ。
PROPQUEST_SCENARIO_INC_001755,Forest Destroyers,森の破壊者
PROPQUEST_SCENARIO_INC_001756,"Ahh, Reonan is looking to reunite the original 8 heroes you say? He was a dear friend, but I don't think I will be able to fulfill his request. You see… things have changed since that time…",レオナンのことですか……もちろん覚えていますよ。彼は常にナイトとして私達の盾となり闘ってくれました。再結成か...。その願いを叶えることはできそうにない。ほら...あの時とは状況が変わってしまったから...。
PROPQUEST_SCENARIO_INC_001757,"I know it is for the sake of Madrigal! But, I've resigned from a life of heroics. All I desire now is to live in peace…",でも、私はもう闘いに参加する気はありません。私はここで農夫として森と共に過ごすことを選んだのです。
PROPQUEST_SCENARIO_INC_001758,"You sure are persistent eh? I'll hear you out if you do something for me. Recently, the ecosystem has been suffering due to deforestation caused by the Elderguards. Defeat them, and I will listen.",どうしても……と申しますか。ふむ……そうですね。では、一つお願いがあります。最近この森を破壊するモンスターがいるのです。
PROPQUEST_SCENARIO_INC_001759,"Kill 20 Small Elderguards & 15 Elderguards, responsible for the devastation to this environment, and you have my undivided attention!",スモール・エルダーガードを20体、エルダーガードを15体倒してきて下さい。そうすれば少しは何か御礼をしましょう。
PROPQUEST_SCENARIO_INC_001760,The forest needs our aid!,そうですか。では、私のこともそっとしておいて下さい。
PROPQUEST_SCENARIO_INC_001761,"Wow, you really accomplished the task! Because of you, I no longer need to concern myself over further deforestation!",本当に倒してきて下さったのですね。ありがとうございます。
PROPQUEST_SCENARIO_INC_001762,Please go kill 20 Small Elderguards & 15 Elderguards before they destroy anymore of this environment!,スモール・エルダーガードを20体、エルダーガードを15体討伐せよ。最近、モンスターが凶暴になっているようです。
PROPQUEST_SCENARIO_INC_001763,Kill 20 Small Elderguards & 15 Elderguards located in the Northwestern region of Darkon 1.,スモール・エルダーガードを20体、エルダーガードを15体倒した後、ダーコン1北西にいるエルラインに報告せよ。
PROPQUEST_SCENARIO_INC_001765,Construction Gone Awry,森の破壊者のその先へ
PROPQUEST_SCENARIO_INC_001766,"Alright, I guess I should uphold my end of the promise!",いいでしょう。もう少し貴方の話を聞いてみる気になりました。
PROPQUEST_SCENARIO_INC_001767,You say Zoro is going to reunite with Reonan? Well... He did always like playing the Hero. What's this? A letter from Zoro?,なるほど。ゾロとも既にお会いになったのですか？彼はいま解決ゾロという名でダーコン中の問題を解決しているようですね。おや、手紙もあるのですか。
PROPQUEST_SCENARIO_INC_001768,"Alright. I will read his letter. While I do that, would it be possible for another favor? Monsters, known as Garbagespiders, have been ravaging the land. Could you please defeat them?",ふむふむ。これは少し時間をかけて読む必要がありそうですね。すみませんが、もう一つお願いがあります。エルダーガードと共にこの森を破壊するスモール・ガーベイジパイダーを倒してきてくれませんか。
PROPQUEST_SCENARIO_INC_001769,Garbagespiders were once used to assist workers in construction. They have since become cursed and are soley bent on destruction. Please defeat 20 Small Garbagespiders & 15 Garbagespiders.,スモール・ガーベイジパイダーを20体、ガーベイジパイダーを15体討伐してください。その間に私はゾロからの手紙の内容についてじっくりと考えてみますね。
PROPQUEST_SCENARIO_INC_001770,Hmm… I would prefer to read the letter without anyone around…,そうですか。では、私のこともそっとしておいて下さい。
PROPQUEST_SCENARIO_INC_001771,Just in time! I have finished reading the letter.,戻られましたか。手紙は読み終えましたよ。
PROPQUEST_SCENARIO_INC_001772,Please go defeat 20 Small Garbagespiders & 15 Garbagespiders in Darkon 1 while I finish reading this letter.,手紙を読み終えるまでにスモール・ガーベイジパイダーを20体、ガーベイジパイダーを15体討伐してください。
PROPQUEST_SCENARIO_INC_001773,Kill 20 Small Garbagespiders & 15 Garbagespiders located near the entrance to Dekane Dungeon.,スモール・ガーベイジパイダーを20体、ガーベイジパイダーを15体討伐せよ。
PROPQUEST_SCENARIO_INC_001775,Elaine's Reply,エルラインからの返事
PROPQUEST_SCENARIO_INC_001776,"Zoro wrote this letter to convince me… but no!! I thought about it and nothing can change my mind. After the war, I promised myself I would never kill again… I intend to uphold that vow…",ゾロの言い分はわかりました。しかし私はたとえモンスターといえども無益な闘いには参加したくありません。
PROPQUEST_SCENARIO_INC_001777,Can you bring this to Zoro? This letter is for him.,ゾロには私から返事をしましょう。……この手紙を渡して頂けますか？
PROPQUEST_SCENARIO_INC_001778,"Thank you. When Zoro reads this letter, he will fully understand my rationale…",ありがとうございます。きっとゾロも私の気持ちを理解してくれると思います。
PROPQUEST_SCENARIO_INC_001779,I hope you will reconsider. I want Zoro to understand my reasons for declining the offer.,そうですか。では、私のこともそっとしておいて下さい。
PROPQUEST_SCENARIO_INC_001780,Have you met with Elaine yet? Hmm? He sent a letter?,お、エルラインには会えたかい？　何？　手紙を渡されたと？
PROPQUEST_SCENARIO_INC_001781,Did you give my letter to Zoro yet?,しばらく私のことはそっといておいて下さい。ゾロに手紙はもう渡したの？
PROPQUEST_SCENARIO_INC_001782,Meet Zoro and give him Elaine's letter.,ゾロにエルラインの手紙を渡せ。
PROPQUEST_SCENARIO_INC_001784,Repressing the Past,エルラインの過去
PROPQUEST_SCENARIO_INC_001785,"*Reading letter* Hmm... I see. There is a reason he refuses to fight. Elaine had a sister, Hannah, for whom he cared very dearly…",ふむ……やはりそうか。エルラインには妹のハンナがいたのだが、戦争の際に病気で寝込んでしまっていてね。
PROPQUEST_SCENARIO_INC_001786,"She was killed during the war… Only, Elaine didn't learn of any of this until after everything was over. He blamed himself for it all…",戦争は知っての通り私達が勝利したが、闘いの最中に妹が亡くなってしまい、彼は死に目に立ち会うことができなかったのだ。
PROPQUEST_SCENARIO_INC_001787,"In a fit of rage, he threw her ring, the last memento he had of her, into the air somewhere in Western Darkon 1. If you could retrieve it maybe he would reconsider?",しかも形見の指輪をモンスターに奪われてしまったようだね。西のダーコン1のどこかで見つけられるかもしれない。せめて指輪は返してあげたい。
PROPQUEST_SCENARIO_INC_001788,I guarantee you a Garbagespider ate the ring. They eat anything and everything! Please head to Western Darkon and defeat Garbagespiders until you can recover the ring!,ハイネルの指輪はガーベイジパイダーに奪われてしまったそうだ。ガーベイジパイダーを倒せば見つかるかもしれない。協力してくれないか？
PROPQUEST_SCENARIO_INC_001789,Oh… I figured you would do this for him…,そうか……私もいまは手が離せないしな……。
PROPQUEST_SCENARIO_INC_001790,Yes! Yes! This is it!,おお、まさにこの指輪だ！よく見つけてくれた！
PROPQUEST_SCENARIO_INC_001791,I'm sure a Garbagespider has the ring! Please go and reclaim it for Elaine's sake!,どのガーベイジパイダーかわからないが、頼んだぞ！
PROPQUEST_SCENARIO_INC_001792,Kill Garbagespiders and reclaim the Promise Ring,ガーベイジパイダーを倒してハイネルの指輪を入手せよ。
PROPQUEST_SCENARIO_INC_001794,The Promise Ring,ハイネルの指輪
PROPQUEST_SCENARIO_INC_001795,"Alright, bring that ring to Elaine. It will be painful for him, but… I feel it's important that it is returned to him. Maybe he will feel something that was lost a long time ago.",そうだ。よければ君からこの指輪をエルラインに渡してくれないか？ 彼にとっては辛いだろうが...。きっと昔を思い出すかもしれない。そっとしてあげてくれ。
PROPQUEST_SCENARIO_INC_001796,"I know he would rather repress all these painful memories, but the time has come to stop hiding and face our individual destinies. Please take this ring to him",彼は一つ大きな勘違いをしている。彼が戦場に行かねば、またハイネルのような犠牲が出てしまうかもしれないんだ。それぞれが自分の運命と向き合うときです。
PROPQUEST_SCENARIO_INC_001797,I'm sure the result will be good. Go! Give that ring to Elaine.,説得は難しいかもしれない。だが、君なら気持ちを伝えることができるんじゃないか？エルラインに渡してきて！
PROPQUEST_SCENARIO_INC_001798,"If you don't want to do it, then I'll do it myself alright?",そうか、私が渡してもよいのだが……今はこの場を離れられなくてね。
PROPQUEST_SCENARIO_INC_001799,Why are you here again? I hope I was clear before about…,また、貴方ですか……。私は話すことなどありませんよ。
PROPQUEST_SCENARIO_INC_001800,Did you return the Promise Ring to Elaine yet? What are you waiting for?,エルラインとは話したかい？
PROPQUEST_SCENARIO_INC_001801,Meet Elaine and give him the Promise Ring,ハイネルの指輪をエルラインに渡せ。
PROPQUEST_SCENARIO_INC_001803,Time to Resign,エルラインの復帰
PROPQUEST_SCENARIO_INC_001804,This ring is... Where did you find this!? Yes... You are right. This ring belong to my sister. This is my only reminder of a past I've since tried to forget…,この指輪は！　どこで見つけたのです？　ええ……この指輪は妹のハイネルのものです。
PROPQUEST_SCENARIO_INC_001805,"I gave this ring to her as promise to always be there for her, but I couldn't fulfill that promise… I will forever blame myself for the events that befell her…",ゾロがそんなことを言っていたのですね……。確かに、このままマドリガルの危機を見過ごしていては新たな悲しみが生まれてしまうかもしれません。
PROPQUEST_SCENARIO_INC_001806,You are right… I can't keep hiding forever. I need to take a stand. I need to prevent a situation like this from ever occurring again.,……わかりました。隠居して暮らすにはまだ早いようです。私も微力ながら貴方達に力をお貸ししましょう。二度と起こらないようにしなければならない。
PROPQUEST_SCENARIO_INC_001807,"I will join alongside Zoro and Reonan. Before this, I need to wrap up some work. Could you please assist me this one last time?",すぐにでも協力をしたいのですが、最後に一つだけお願いがあります。私はダーコンの環境保護団体の会長を兼務していました。
PROPQUEST_SCENARIO_INC_001808,"I oversaw the Darkon Environmental Association. Unfortunately, if I am to prepare for battle, I will no longer be able to fulfill my duties. Could you inform the Mayor of my departure?",これからの闘いを考えるとこの任務は誰かに引き継がねばなりません。市長にその旨を伝えて頂けませんか。
PROPQUEST_SCENARIO_INC_001809,"I would do it myself, but it will take up even more of my time…",そうですか。いえ、貴方とはわかりあえてきたと思いましたが残念です。
PROPQUEST_SCENARIO_INC_001810,"Oh, you are that adventurer. What are you doing back this way?",あら、貴方はいつぞやの冒険者さんじゃない。ずいぶんとたくましくなったわね！
PROPQUEST_SCENARIO_INC_001811,It will be great if the Mayor of Darken understands my decision...,市長が私の気持ちを汲んでくださればよいのですが。
PROPQUEST_SCENARIO_INC_001812,Go meet the Mayor of Darken and inform him of Elaine's departure.,ダーコン市長に報告せよ。
PROPQUEST_SCENARIO_INC_001814,Darkon's Environmental Management,ダーコンの環境管理
PROPQUEST_SCENARIO_INC_001815,"Ahh! So you are here for Elaine? Of course I know who he is, Elaine is the president of our Environmental Group...",何ですって、エルラインがそんなことを言っていたの？う～ん、正直なところ彼が会長を辞任してしまうと困るのよね。
PROPQUEST_SCENARIO_INC_001816,What? He is resigning as president? Hmm… this is a bad news... He kept things stable around here. What will happen if he is not here!,そうか、それは悪いニュースだ。彼以上にダーコンの環境のことを考えている人はいない。でも……そうだな、確かに貴方の言う通り。でも彼がいなくなったらどうするんだ？
PROPQUEST_SCENARIO_INC_001817,"Hmm... You are right. The preservation of nature doesn't rest in the hands of one man, but with all of us… Could you please bring me some wastebaskets?",わかったわ。今後はみんなでダーコンの環境を守るようにしましょう。そのためにも一つだけお願いがあるの。
PROPQUEST_SCENARIO_INC_001818,"Please go and collect 10 Wastebaskets from Garbagespiders. It is the time for a brighter, cleaner Darken City!",みんなの意識を高めるために街にゴミ箱を設置したいの。ガーベイジパイダーはわかるかしら？　あの背負っているゴミ箱を10個持ってきてくれない？
PROPQUEST_SCENARIO_INC_001819,"You don't even care about it do you?. If we keep this way, there won't be any hope left.",そう、この街のことなど貴方にはどうなっても構わないのね。
PROPQUEST_SCENARIO_INC_001820,Thank you! Now we will do our best to keep the environment clean!,ありがとう。このゴミ箱があればみんなで今後は環境を守っていくわ！
PROPQUEST_SCENARIO_INC_001821,"Wastebaskets can be found from Garbagespiders, located in the Western regions of Darkon 1.",大型のゴミ箱を手に入れるには、ダーコン1地区にいるガーベイジパイダーを倒すことね。
PROPQUEST_SCENARIO_INC_001822,You can acquire Wastebaskets from Garbagespiders.,ガーベイジパイダーから大型ごみ箱を求めて来い。
PROPQUEST_SCENARIO_INC_001824,"A Brighter, Cleaner Darkon!",もっとキレイなダーコンを！
PROPQUEST_SCENARIO_INC_001825,We have went ahead and processed Elaine's resignation. Go and tell him about it.,エルラインの気持ちはわかったわ。貴方のおかげでゴミ箱も揃えられたし、辞任の旨も了解よ。
PROPQUEST_SCENARIO_INC_001826,Let him know not to worry about us. We understand that whatever it is he is up to must be of the utmost importance.,後のことは心配しないでとエルラインにも伝えてくれるかしら。
PROPQUEST_SCENARIO_INC_001827,Please let him know at some point at least!,そう？　私としてはエルラインがこのまま会長を続けてくれる方が嬉しいんだけどね。
PROPQUEST_SCENARIO_INC_001828,What happened?,あ、お帰りなさい。市長は何て言っていましたか？
PROPQUEST_SCENARIO_INC_001829,We have processed Elaine's resignation. Please go see him now.,後のことは心配しないでとエルラインにも伝えてくれるかしら。
PROPQUEST_SCENARIO_INC_001830,Go meet Elaine and let him know of the result of his resignation.,エルラインに報告せよ。
PROPQUEST_SCENARIO_INC_001832,The Squirrels Took It!,リスがやった！
PROPQUEST_SCENARIO_INC_001995,Breaking the Curse (1),解呪の材料(1)
PROPQUEST_SCENARIO_INC_001996,"As I was going to say! I would love to reunite with my fellow heroes, but I can't do much in my, uh… current form hehe. Never fear! I think I have a possible solution!",さて、手伝ってもらった手前、私も何か恩を返したいが、如何せんこの身体ではどうすることもできん。
PROPQUEST_SCENARIO_INC_001997,"I have a list of items I need to create a powerful concoction that might possibly alleviate this curse… OR destroy us all. Want in on it? Don't worry, I'm sure everything will be fine! Bwahaha.",すまんが、私の呪いを解く手伝いをしてくれないか？　方法は既にわかってきているのだ。いくつか材料がいるがね。
PROPQUEST_SCENARIO_INC_002000,Excellent! The first material I will need is a Forsaken Soul. You can collect one from the Zombiger directly West of Darken City.,一つ目は生霊の欠片だ。これはゾンビガーというモンスターから入手できると思う。頼めるかな？
PROPQUEST_SCENARIO_INC_002001,"I would collect the items myself, but, I don't have opposable thumbs!! Hahaha! Jerk…",ふむ、私はこの身体では魔法さえ使えないというのに……
PROPQUEST_SCENARIO_INC_002002,Oh! Nice work! The first component has been acquired!!,お、戻ってきたか。よしよし、確かにこれが生霊の欠片だな。
PROPQUEST_SCENARIO_INC_002003,"Yes, yes Zombiger, Forsaken Soul, blah blah blah, you know what to do, now snap to it!",ダーコンの西にゾンビガーは出現するようだ。頼むぞ！
PROPQUEST_SCENARIO_INC_002004,Kill the Zombiger West of Darken City and acquire the Forsaken Soul.,ゾンビガーから生霊の欠片を入手した後、レオドスに報告せよ。
PROPQUEST_SCENARIO_INC_002006,Breaking the Curse (2),解呪の材料(2)
PROPQUEST_SCENARIO_INC_002007,"Yes you heard me correctly, FIRST component. What!? Did you think breaking this curse would be THAT easy? Hah!",む？　まさかこの程度で呪いが解けると思ったか？　まだまだ集めなければならぬ材料がある。次は鋼鉄粉だ。
PROPQUEST_SCENARIO_INC_002008,"Next I will be needing Hard Steel Powder. Unfortunately, as with most things in life, this is easier said than done!",これには段階があってな。まずはスチールナイトを倒して、鉄板をはぎ取ってくるのだ。
PROPQUEST_SCENARIO_INC_002009,"First you will need to get Steel pieces, then take them to Amadolka. He is knowledgeable in metallurgy and can convert the pieces to powder. Up to the challenge?",鉄板があればよいかと？　いや、私が必要としているのは鋼鉄粉だ。まあ、まずはスチールナイトを倒して鉄板をはぎ取ってくればよい。
PROPQUEST_SCENARIO_INC_002010,"Good!! Kill Steel Knights near the Erons Factory to get the Steel Pieces, then bring them to Amadolka!",鉄板を手に入れた後はダーコンにいるアマドルカーに渡すのだ。彼ならすぐに鉄板を加工してくれるだろう。
PROPQUEST_SCENARIO_INC_002011,"What? Complicated? What's complicated is being a man, trapped in a fuzzy little body! Try that on for size!",ふん、この程度で音を上げるようじゃまだまだだな。
PROPQUEST_SCENARIO_INC_002012,Woah! Don't get many visitors out this way. What are you looking for here anyway?,お、これはスチールナイトの鉄板じゃないか？　ふんふん、研磨してほしいのだね。ちょっと待ちなさい。
PROPQUEST_SCENARIO_INC_002013,You heard me correctly! Kill Steel Knights to get Steel Pieces and go to Amadolka. You got this champ!,スチールナイトからはぎ取るのだ。他のモンスターではあまり綺麗にはぎ取れぬからな。
PROPQUEST_SCENARIO_INC_002014,Kill Steel Knights to collect Steel Pieces and bring them to Amadolka.,スチールナイトを倒して鉄板を入手した後、アマドルカーを訪ねよ。
PROPQUEST_SCENARIO_INC_002016,Breaking the Curse (3),解呪の材料(3)
PROPQUEST_SCENARIO_INC_002017,"Ahh~ turning Steel Pieces into Hard Steel Powder? Actually, I will unfortunately be unable to complete such a request, for my machinery currently is not operational.",さて、これで鉄板は磨かれて輝きを取り戻したな。ところでこれを何に使うのだ？　ん、なるほど。そういう事情があったのか。
PROPQUEST_SCENARIO_INC_002018,The only other person I can think of with machinery powerful enough to grind the Steel Pieces to Powder would be cell at the Erons Factory. Seek him out and ask for his help!,この鉄板をさらに粉末にするには私の力では足りないな。キプラにセルという男がいる。彼ならばそういう作業もできると思うぞ。
PROPQUEST_SCENARIO_INC_002019,"I have little to no clue what you intend to do with the Hard Steel Powder, but I wish you luck!",どのような事情かわからんが、君もきっと鉄の魅力に取りつかれた一人なのだろう。私は鉄愛好者を応援しているぞ！
PROPQUEST_SCENARIO_INC_002020,Well! Back to work for me!,ふむ、そうか。まあ、気が向いたら訪れてみるとよいさ。
PROPQUEST_SCENARIO_INC_002021,"Har har har what do we have here? A new employee? You seem a little puny for a factory worker? Oh, nevermind!",ん？　君はこんなところで何をしているんだい？　ふむふむ、アマドルカーがそんなことを言っていたのか。
PROPQUEST_SCENARIO_INC_002022,"Yes, Cell is his name. You should be able to find him North of this location. Ask him to grind the Steel Pieces for you.",キプラのセルという人物だ。おそらく普段からボーっとしているから今日も暇だろう。
PROPQUEST_SCENARIO_INC_002023,Seek out Cell and ask him to grind the Steel Pieces.,キプラのセルを訪ねよ。
PROPQUEST_SCENARIO_INC_002025,Breaking the Curse (4),解呪の材料(4)
PROPQUEST_SCENARIO_INC_002026,"Ahh so you need me to grind these Steel Pieces you say? Piece of cake, just give me a moment.",この鉄板を粉末状にすればいいんだな。お安い御用だ。これくらいドリルで削ればすぐだな。
PROPQUEST_SCENARIO_INC_002027,All finished! Here you go. The machinery in Darkon is the best in all of Madrigal! Tell your friends about our services!,さあ、こんな話をしている間にもう粉末にすることができたよ。何に使うのか知らぬが粉末が好きとはお前さんも通だな。ハハハハ！
PROPQUEST_SCENARIO_INC_002028,Well hurry on now! You obviously have something important that you require the Steel Powder for!,よし、袋にいれたからこれを持っていくといい。よかったら今度鉄の魅力についても語り合おう！　お前さんとは気が合いそうだ。
PROPQUEST_SCENARIO_INC_002029,"Well, that is a little ungrateful! And to think I did this all free of charge!",ん？　この粉末では気に入らないのか？
PROPQUEST_SCENARIO_INC_002030,Aha! Now this is some finely ground Steel Powder!,おお。戻ったか。よしよし、これくらいの粉末状になっていれば大丈夫だな。
PROPQUEST_SCENARIO_INC_002031,I must get back to work now! Hurry along!,ん？　鉄について熱く語り合いたいのか？
PROPQUEST_SCENARIO_INC_002032,Bring the Steel Powder Cell has given you back to Reodos.,レオドスに報告せよ。
PROPQUEST_SCENARIO_INC_002034,The Flower that Time Forgot,解呪の材料(5)
PROPQUEST_SCENARIO_INC_002035,I almost have all the ingredients! The piece de resistance is a mysterious ingredient known as the Time Lapse Flower.,よし、後は一つだけだ。最後に私の肉体の時間軸を戻すために、ある媒体が必要となる。
PROPQUEST_SCENARIO_INC_002036,Time Lapse Flowers can be found only around Mars Mine dungeon entrance. The entrance is located at the most Northern part of the Flaris continent.,フラリスダンジョンという場所はわかるかい？そこの入り口に咲いている次元花という花が必要なのだ。
PROPQUEST_SCENARIO_INC_002037,Awesome! No worries! You don't have to enter the dungeon per se. The flower should simply be near it!,助かるぞ！フラリスダンジョンの中に入る必要はないから心配いらないぞ。今も咲いているとすれば入口近くに見つかるはずだ。
PROPQUEST_SCENARIO_INC_002038,"Haha, nice joke. You are quite the kidder you know that!",何だと。貴様……私をからかっているのか？
PROPQUEST_SCENARIO_INC_002039,Finally! Finally! Finally! Please hand it over quickly so I can make the potion!,おお、これでついに、ついに全ての材料が揃ったぞ！
PROPQUEST_SCENARIO_INC_002040,The Time Lapse Flower should be found near the entrance to Mars Mine. Please go collect it!,ルイナスの丘入口に咲いている次元花だ。頼んだぞ！
PROPQUEST_SCENARIO_INC_002041,Collect a Time Lapse Flower which only blooms near the entrance to Mars Mine.,ルイナスの丘入口に咲いている次元花を入手した後、レオドスに報告せよ。
PROPQUEST_SCENARIO_INC_002043,The Pendant of Reodos,英雄リルリップ
PROPQUEST_SCENARIO_INC_002044,"Ahh, so I guess I should express my gratitude to you! The potion will take a little time to mix so I guess I will hang out here a little longer.",本当にありがとう。これで私も昔の仲間と合流することができる。君には世話になったね。
PROPQUEST_SCENARIO_INC_002045,"While the potion mixes, here, take this. This is a pendant to symbolize my unwavering participation in whatever is to come. Please take it to Reonan and let him know we will meet soon enough!",そうだ。私が呪いを解くまでの間、先にレオナンに伝えてくれないか？　このペンダントは私達の絆の証だ。これを見せればわかるだろう。
PROPQUEST_SCENARIO_INC_002046,Good! Then go to Reonan. I will soon recover my original body and meet up with the rest of the original crew!,よしよし。頼むぞ。レオナンのことだ。きっと君の帰りを待っているだろう。
PROPQUEST_SCENARIO_INC_002047,Err… well in that case you must have some more urgent matters to attend to? Please take the pendant to Reonan soon.,ふむ。そうか。まあ、急ぐことはないさ。
PROPQUEST_SCENARIO_INC_002048,"There you are! Unfortunately, I'm glad to see you but unable to talk at the moment. Take this time to reach level 60 then return to me.",お、戻ってきたか。その顔をみる限り、無事に英雄を見つけだせたのかな？
PROPQUEST_SCENARIO_INC_002049,Hurry quickly back to Reonan with the pendant!,頼んだぞ。このペンダントを渡せばレオナンならわかるはずだ。
PROPQUEST_SCENARIO_INC_002050,Deliver the pendant from Reodos to Reonan.,英雄のペンダントをレオナンに渡せ。
PROPQUEST_SCENARIO_INC_002132,Returning Home in Glory,凱旋
PROPQUEST_SCENARIO_INC_002133,"Oh, Reonan said to return to Flarine after you had completed your duties here. Do not fret about us any longer. Go see Reonan!",レオナンが私の依頼が終わったら戻ってくるようにと言っていましたよ。さあ、ここはもう大丈夫です。どうぞレオナンに貴方の勇士を報告して下さい。
PROPQUEST_SCENARIO_INC_002134,"Thank you for your efforts in Saint City. Your name will be forever praised here. Now, hurry on your way!",色々とセイントモーニングを助けて頂きありがとうございました。貴方のお名前は一生忘れません。
PROPQUEST_SCENARIO_INC_002135,"Eh? You don't want to go back? Then, plese feel free to join the illustrious ranks of our tourist industry!",え、ひょっとしてこのままセイントモーニングの自警団に入って下さるのですか？
PROPQUEST_SCENARIO_INC_002136,"I heard of your remarkable activities at Saint City from the Mayor! I have another mission for you... but it's too early right now. Reach level 40, then I will give you the next mission.",おお、戻ったか。セイントモーニングでのお前さんの活躍は風のうわさで聞いたぞ。Lv40に到達すれば次のミッションを話そう。
PROPQUEST_SCENARIO_INC_002137,Reonan is waiting for you in Flaris.,フラリスでレオナンが貴方を待っていますよ。
PROPQUEST_SCENARIO_INC_002138,Go to Reonan after reaching level 40.,レベル40に達した後、レオナンに報告せよ。
PROPQUEST_SCENARIO_INC_001967,Chapter 4 Turbulent World,第4章 激動の世界
PROPQUEST_SCENARIO_INC_001833,In a way this is good for them. The citizens of Darken needed to become more self-efficient. I know they will be fine without me. There is another issue that has come up.,そうですか。市長の許可を頂けたということでしたら私も心おきなく貴方に協力することができます。そういえば……
PROPQUEST_SCENARIO_INC_001834,"When we finished the war, aside from my sister's ring, I also threw my pendant somewhere in Darkon 3. I was so convinced I would never need it again…",私達は創世戦争の終わりにそれぞれペンダントをわかり合いました。ただ……ノートレーに奪われてしまったのです。
PROPQUEST_SCENARIO_INC_001835,Could you please find it for me? I know it is asking much of you. It is important that I regain possession of it though and present it to Reonan.,申し訳ないのですが、今の私はノートレーと闘う力がありません。そのペンダントを見つけてきて頂けませんか？
PROPQUEST_SCENARIO_INC_001836,"Thank you. I feel that if anything, a Nautrepy has the pendant. They tend to seek out shiny objects. Please locate them in the Eastern forests of Darkon 3. Please retrieve it.",ありがとうございます。ノートレーは貴金属など光りものを好むモンスターです。
PROPQUEST_SCENARIO_INC_001837,It is imperative that you retrieve this pendant and get it to Reonan!,あのペンダントがなければ仲間達に顔向けが……。
PROPQUEST_SCENARIO_INC_001838,Oh you found it! Thank you so much!,ありがとうございます。貴方には迷惑を掛けてしまいましたね。
PROPQUEST_SCENARIO_INC_001839,A Nautrepy must have taken the pendant. Please go and check the Eastern forests of Darkon 3!,ペンダントはノートレーが持っていると思います。よろしくお願いします。
PROPQUEST_SCENARIO_INC_001840,Recover the Hero's Pendant from Nautrepy and return it to Elaine.,ノートレーからエルラインのペンダントを入手した後、エルラインに報告せよ。
PROPQUEST_SCENARIO_INC_001842,Zoro's Pendant,ゾロのペンダント
PROPQUEST_SCENARIO_INC_001843,Please take this pendant to Reonan. This will serve as a symbol of my unyielding devotion to our cause…,そうだ。そのペンダントをレオナンに渡してください。彼もきっと貴方のことを信頼しているのでしょう。
PROPQUEST_SCENARIO_INC_001844,"Oh! You have yet to collect Zoro's pendant! Go and retrieve it from him as well! Once you have done this, please take them both to Reonan.",ゾロもペンダントを持っていると思います。私達のペンダントを見せればレオナンも安心するでしょう。
PROPQUEST_SCENARIO_INC_001845,"Zoro is waiting! Please go and gather his pendant as well. I'm sure once you show him mine, he will gladly hand it over.",ゾロはまだ山奥にいるようです。さあ、ぜひそのペンダントを渡して下さい。
PROPQUEST_SCENARIO_INC_001846,"Please, we must get the pendants to Reonan to let him know we are ready to fight side by side!",そのペンダントは英雄の証。私達の誇りなのです。
PROPQUEST_SCENARIO_INC_001847,Oh Oh! That is Elaine's pendant! So I see you were able to get him to reconsider?,おお、君がそのペンダントを持っているということはエルラインを説得できたのだね！
PROPQUEST_SCENARIO_INC_001848,Hurry! I'm sure Zoro is waiting!,ゾロもペンダントを持っていると思います。私達のペンダントを見せればレオナンも安心するでしょう。
PROPQUEST_SCENARIO_INC_001849,Retrieve Zoro's Pendant.,英雄のペンダントをゾロに渡せ。
PROPQUEST_SCENARIO_INC_001851,United We Stand,宿星の時期
PROPQUEST_SCENARIO_INC_001852,"Hah! I never thought Elaine would change his mind so easily. This pendant here, well, it definitely shows that he means business!",ふむ。エルラインがここまで君を信頼するとは思わなかったよ。きっと相当な苦労を重ねたのだろう。
PROPQUEST_SCENARIO_INC_001853,"I'm glad to see that the old Elaine has returned! Here, take my pendant as well! Now take them to Reonan and let him know we are ready to stand united!",よし、そんな君になら私も託すことができる。レオナンの元へ戻る際には、この、私のペンダントも渡してくれないか。
PROPQUEST_SCENARIO_INC_001854,Head back to Reonan with the pendants!,レオナンには準備が整い次第、いつでも呼びかけてくれと伝えてくれ。
PROPQUEST_SCENARIO_INC_001855,"Well, whatever you wish, but I don't think we have much time to mess around!",む、どうした？　遠慮することはないのだぞ。
PROPQUEST_SCENARIO_INC_001856,Oh! I see you have returned! You come bearing good news I hope?,おお、お前さん。戻ってきたか。その顔をみるときっとよい報告だな。
PROPQUEST_SCENARIO_INC_001857,"You have both of the pendants, now go see Reonan!",レオナンには準備が整い次第、いつでも呼びかけてくれと伝えてくれ。
PROPQUEST_SCENARIO_INC_001858,Take Elaine and Zoro's Pendants to Reonan,レオナンに報告せよ。
PROPQUEST_SCENARIO_INC_001860,Gathering of Heroes,一人前の証
PROPQUEST_SCENARIO_INC_001861,"Two more pendants!? Ah Elaine and Zoro. It's been awhile… Thought I might never see them again… Knowing they stand by my side, I feel a renewed sense of determination!",おお、そのペンダントは！　何と、二人も同時に探してきてくれたのか！
PROPQUEST_SCENARIO_INC_001862,"Now 6 heroes are gathered! I, Handel, Hael, Reodos, Zoro, Elaine are gathered. We just need to find the last 2! Before this, I feel it is time for you to hone in on your own skills!",これで私とヘンデル、ハエル、レオドス、そしてエルラインとゾロ。過去の英雄は六人も連絡が取れるようになった。
PROPQUEST_SCENARIO_INC_001863,"We will need the assistance of warriors like yourself! But, you still have plenty of room to grow! Are you ready to further ascend your path to glory?",ふむ、君もなかなか成長したようだが、これから先、かなり闘いは激しさを増すであろう。レベル80ほどになるまで準備をするといい。
PROPQUEST_SCENARIO_INC_001864,"Please train to level 70, then talk with Reodos!",レベル70になったらもう一度レオドスのところへ行ってみてくれ！
PROPQUEST_SCENARIO_INC_001865,Real champions are born by pushing one's own skill to the limit. I know you have it in you to overcome the odds…,ふむ、まだその時期ではないと申すのか。
PROPQUEST_SCENARIO_INC_001866,Oh! Impressive! You have grown quite a bit stronger since we last met!,お、見違えたぞ！　しばらく会わぬ間にずいぶんと成長したではないか！
PROPQUEST_SCENARIO_INC_001867,"After reaching level 70, talk with Reodos",Lv70にになったあとレドスと会話
PROPQUEST_SCENARIO_INC_001868,"Reach level 70, then meet with Reodos.",レベル70に到達してから、レオドスと話せ。
PROPQUEST_SCENARIO_INC_001870,Hungry Hungry Dwarpets,解けない呪い
PROPQUEST_SCENARIO_INC_001871,"Oh! Haha, why I haven't changed yet you ask? I'm not entirely sure. I feel that the curse should have let up by now…",む、まだどうしてこの姿のままなのかって？　ふん、こっちが聞きたいくらいだ。何をどう間違えているのか……
PROPQUEST_SCENARIO_INC_001872,"I do know someone who may be of assistance. His name is Rankashu, a descendent of Shamanistic Dwarpets who have lived in Darkon longer than man.",なあ、ランカシュって知ってるかい？　ダーコン地区に古くから生息している一族の子孫らしいんだが、彼ならこの呪いについて詳しいかもしれない。
PROPQUEST_SCENARIO_INC_001873,He might have some useful information pertaining to this curse and what else I need to do! Will you seek him out for me?,え、なぜそんなことをしなければならないかって？　ああ、ランカシュはこの地の風土にも詳しいからな。英雄についても何かわかるかもしれんぞ。
PROPQUEST_SCENARIO_INC_001874,"OH! OH! Thank you! I know that Rankashu can't resist Syliaca Fillet and Greemong Jelly. I'm sure if you brought some of these, he'd spill whatever information you wanted!",ありがとう。ランカシュはシーラカの肉やグリーモンゼリーが好きだからな。手土産に持っていくといいだろう。
PROPQUEST_SCENARIO_INC_001875,"Hmph! Well, you could be missing out on a chance to not only help me, but possibly learn of the location of the other 2 heroes as well!",ふん、これくらい手伝ってくれてもいいじゃないか。
PROPQUEST_SCENARIO_INC_001876,"Well helloooo there! *sniffs* Is that Syliaca fillets and Greemong Jelly I smell? Oh! Well, of course there WOULD be a request first. Free food, HAH!",おっふぉ！　ちょうどお腹が空いていたんだよ。え？　これ、タダでくれるのかい？
PROPQUEST_SCENARIO_INC_001877,Have you gathered the Syliaca fish and Greemong Jelly? You can find them by killing both Syliaca fish and Greemongs,ランカシュはシーラカの肉やグリーモンゼリーが好きだからな。手土産に持っていくといいだろう。
PROPQUEST_SCENARIO_INC_001878,"Collect 5 Syliaca Fillet and 5 Greemong Jelly, then bring them to Rankashu in the Western region of Darkon 1.",シーラカの肉とグリーモンゼリーを入手した後、ランカシュを訪ねよ。
PROPQUEST_SCENARIO_INC_001880,Catalyst to the Curse,ブウの花びら
PROPQUEST_SCENARIO_INC_001881,Ahh so the curse was not released yet? The curse WAS in his body a long time… We need a powerful catalyst to speed up the process. 10 Boo Petals should do the trick!,ふうん、呪いを解く薬を煎じているのに呪いが解けないって？　まあ、呪いにも色々な種類があるからなぁ。
PROPQUEST_SCENARIO_INC_001882,"Another question? 8 Heroes huh? Well, I did see a strange looking woman enter this dungeon alone several days ago. Not sure if that will help or not!",ん？　他にも英雄について聞きたい？　んん～、思い当たることとしては、見かけない女がこの間このダンジョンに入ってたけど……
PROPQUEST_SCENARIO_INC_001883,Anyway! I told you what you need to know. Will you go get the petals now and let me eat in peace?,まあ、とにかく。呪いについてはブウの花びらを飲むのがいいんじゃない？　昔から薬剤として有名な材料だよ。
PROPQUEST_SCENARIO_INC_001884,"Yes Yes, acquire 10 Boo Petals from the Boos in the forests of Darkon 3. This should take care of your problem!",よくわからないけどアンタもお使いばかりで大変なんだろうな。花びらは10枚もあれば十分だと思うよ。
PROPQUEST_SCENARIO_INC_001885,Ahh! Can't you see I'm trying to eat. Please don't disturb me right now!!,よくわからないけどアンタもお使いばかりで大変なんだろうな。
PROPQUEST_SCENARIO_INC_001886,Aha! I knew Rankashu would spill the information for an easy meal. So these leaves will speed up the process you say?,この花びらを食べれば解呪が早くなるって……？　ふん、気休め程度にしかならん。
PROPQUEST_SCENARIO_INC_001887,I am eating now. I said 10 Boo Petals!,モグモグ、やっぱりシーラカの肉はうまいね！
PROPQUEST_SCENARIO_INC_001888,"Collect 10 Boo Petal, then bring them to Reodos",ブウの花びらを10枚入手した後、レオドスに報告せよ。
PROPQUEST_SCENARIO_INC_001890,Carrierbomb Commotion,謎の女性
PROPQUEST_SCENARIO_INC_001891,"Well, here's to hoping! Hmm, Rankashu mentioned something about a strange woman. I wonder who it could be... ",まあ、とにかくありがとう。気休めでも嬉しいものだ。ところで英雄についてはどうだ？　ん……なるほど。その女性は確かに怪しいな。
PROPQUEST_SCENARIO_INC_001892,I'm trying to think who this strange woman could be!! In the meantime could you please go kill some Carrierbombs and then return to Rankashu!! I need more time to think!,あ、その前にすまん。またキャリアボム倒してくれないか？　最近また増え始めてどうも落ち着かないんだ。
PROPQUEST_SCENARIO_INC_001893,Thank you thank you thank you!! Go kill 20 Small Carrierbombs & 15 Carrierbombs then return to Rankashu!,ん？　だんだんなれなれしくなっているだって？　いやいや、私と君の仲じゃないか。なっ！小型キャリアボム20匹とキャリアボム15匹を倒しておいてくれ。
PROPQUEST_SCENARIO_INC_001894,Oh how am I ever supposed to concentrate with these stupid Carrierbombs making a racket!!!,そうか……（意外と落ち込んでいるようだ
PROPQUEST_SCENARIO_INC_001895,Eh? You're here again? Do you want to know about the woman?,あら、また来たの？　ふんふん、ああ、この間の女性のことかい？
PROPQUEST_SCENARIO_INC_001896,Not yet? Kill the Carrierbombs quickly and go to Rankashu!,ぺっぺっ、この花びら苦いな……
PROPQUEST_SCENARIO_INC_001897,Kill 20 Small Carrierbombs & 15 Carrierbombs and return to Rankashu.,キャリアボムを倒した後、再びランカシュを訪ねよ。
PROPQUEST_SCENARIO_INC_001898,,
PROPQUEST_SCENARIO_INC_001899,The Dungeon Code,デェカネス鉱山への入り方
PROPQUEST_SCENARIO_INC_001900,"Well fine fine! Guess I did finish eating now. Anyway! I saw this particular woman entering the Dekane Dungeon by herself. By the look of her outfit, she may have been a Psykeeper or something.",う～ん、そうだな。身だしなみはローブを身にまとっていたから魔法使いかもしれないな。確かにただならぬ雰囲気に満ち溢れていたけど。
PROPQUEST_SCENARIO_INC_001901,"Oh! You want to go in after her? Unfortunately, you can't just enter like that. You have to know how exactly!",ん？　君もダンジョンに入るつもりなの？　残念だけどすぐには無理だよ。このダンジョンは特別な入り方があるんだ。
PROPQUEST_SCENARIO_INC_001902,"If you want to learn how to enter the dungeon, you will need the key code from Cell back at the Erons Factory. He will tell you how to do it!",ん～、出入りについてはキプラのセルが詳しいよ。一度セルに話を聞いてみたら？
PROPQUEST_SCENARIO_INC_001903,"Cell is at the Erons Factory, go ask him how to enter the dungeon.",キプラはここよりもう少し東にいったところだよ。
PROPQUEST_SCENARIO_INC_001904,"Well, there is no other way to get in! Don't look at me! It's not like I know anything!",このダンジョンは意外と複雑なんだ。大人しくセルに聞いた方がいいよ。
PROPQUEST_SCENARIO_INC_001905,Ah… I remember you from before... Why do you come to see me? Dekanes dungeon? Why would you want to enter that cursed mine?,ん？　デェカネスダンジョン？その鉱山になぜ入りたいのか？私は知らない、、何もしらない。　
PROPQUEST_SCENARIO_INC_001906,Did you meet Cell at Erons Factory?,エランパークスでセルに会いましたか？
PROPQUEST_SCENARIO_INC_001907,Go to Cell,キプラのセルを訪ねよ。
PROPQUEST_SCENARIO_INC_001909,Onward Brave Fool!,デェカネスダンジョン探索
PROPQUEST_SCENARIO_INC_001910,Ahh I see Cell has given you the code to enter the dungeon!,セルに会ってきたようだね。注意事項は既に聞いただろうから早速入ってみるといいよ。
PROPQUEST_SCENARIO_INC_001911,"Just to be warned, the monsters in the dungeon are quite terrifying! If you feel you aren't prepared for the quest, please go train some more!",このダンジョンはこれまでのモンスターよりも強力だからね。実力不足の場合は鍛練することだね。
PROPQUEST_SCENARIO_INC_001912,Are you going to enter then and look for that woman?,その女の人はたぶんまだ出てきていないよ。何してるんだろうね。
PROPQUEST_SCENARIO_INC_001913,"Well, you are the bravest fool I've ever met. Let's hope this woman is worth all the effort! Hah!",ダンジョンの扉の前の装置をクリックすれば中に入れるよ。
PROPQUEST_SCENARIO_INC_001914,"Changed your mind? Well if you aren't busy, maybe you could go bring me some more Greemong Jelly and Syliaca Fillets! I kid I kid! Haha!",暇なら、もっとグリンモンゼリーとシｰラカの肉を持って来てくれないかな。なんつって、冗談だよ！
PROPQUEST_SCENARIO_INC_001915,Woah! Surprised me! Shouldn't sneak up on a lady like that! Hehe.,あら、びっくりした。貴方こんなところで何をしているの？
PROPQUEST_SCENARIO_INC_001916,"Well, are you going to head into the mine or are you reconsidering already?",ドアの前の装置をクリックしてみて。その後、内部に入ることができるよ。
PROPQUEST_SCENARIO_INC_001917,Enter the Dekane Dungeon and search for the Mysterious Woman.,デェカネスダンジョンで謎の女性を探せ。
PROPQUEST_SCENARIO_INC_001919,The Alluring Enchantress,知の探究者アインヘル
PROPQUEST_SCENARIO_INC_001920,"Ah! So you braved all the perils of the dungeon just to meet me eh? Oh my name? Well, I don't just give that out to anyone! Hehe.",え、わたくしに会うためにわざわざこのダンジョンまで来たの！　や～、美人って罪よねぇ……わたくしストーカーには間に合ってますの。
PROPQUEST_SCENARIO_INC_001921,"Before I bestow upon you the most graceful name ever, you have to show me you are worthy to receive it! How? Oh its quite simple! Hehe. Just kill 20 Keakoon Guards!",え、ちがうって？わたくしの弟子になりたいのかしら？だったら君の実力を見せて欲しい。そうだな！キクン警備編を20匹倒して来て欲しい。そうしたら、君を認める。
PROPQUEST_SCENARIO_INC_001922,There should be more than enough Keakoon Guards in this very dungeon. Just kill 20 of them and you will have the privilege of knowing my name!,そうねぇ。じゃあそこらへんにいる警備兵を倒してみてくれる？　その動きをみて決めるわ。
PROPQUEST_SCENARIO_INC_001923,"Oh well, I guess that is your loss then. Hehe.",あらそう？　まあいいわ。わたくしも忙しいのよ。
PROPQUEST_SCENARIO_INC_001924,"Wow, that was quick! Apparently someone really wants to know my name? Hehe.",あら、本当に倒してきたのね。そんなにわたくしの弟子になりたいの？
PROPQUEST_SCENARIO_INC_001925,"Well, you could stand there and stare at me all day, but that won't kill those Keakoon Guards any faster now will it? Hehe.",ん？　英雄がどうとか何それ？
PROPQUEST_SCENARIO_INC_001926,Kill 20 Keakoon Guards.,キクン警備を倒した後、アインヘルに報告せよ。
PROPQUEST_SCENARIO_INC_001928,Ainher's Request,アインヘルの要求
PROPQUEST_SCENARIO_INC_001929,"The name is Ainher. Yes, try not to let the pure beauty of it make you go completely deaf. I'm sure you didn't just come all this way to learn my name though, so what DID you come here for?",え？　弟子になりにきたんじゃないの？　ふ～ん、ストーカーでもなさそうだし、あなた何なの？
PROPQUEST_SCENARIO_INC_001930,"Hehe, how did you know about the original 8 heroes? Ah it's ok, I've had creepier stalkers! I am the reincarnation of the original Psykeeper Hero Offerep…",わたくしが、過去の英雄の生まれ変わりじゃないか……ふうん。（ちょっと考えているようだ）
PROPQUEST_SCENARIO_INC_001931,"I see. So Reonan looks to reunite the original heroes. If t his is the case, then something important must be going on! Unfortunately, I am rather tied down at the moment with research…",レオナンって名前は知らないけどナイトならビレリアンの転生でしょうね。うん。確かに最近のただならぬ気配は感じていたわ。
PROPQUEST_SCENARIO_INC_001932,"I guess if you maybe helped me to finish my research I would consider joining up. If you want to be of assistance to me, then please go talk to Drico and collect the Agony Ore.",残念だけどすぐには合流できないわ。わたくしも調べ物がまだあるの。そうだ、ものはついでだし、あなた、手伝ってくれない？
PROPQUEST_SCENARIO_INC_001933,"Agony Ore is quite rare, so I'm sure Drico won't be willing to hand it over right away… But, I guess that is now your problem! Hehe.",この鉱山の中にドゥリコってモンスターがいるわ。悪い子じゃないの。研究に必要な苦悩の鉱石を貰ってきてほしいのよ。
PROPQUEST_SCENARIO_INC_001934,Change your mind so quickly I see? Guess you weren't in that much of a hurry to get my help then! Hehe.,あっそ、まあいいけどね。
PROPQUEST_SCENARIO_INC_001935,*Sniff* *Snort* Drico smell a stranger here? What stranger want? *sniff*,フンフン。初めての匂いだな。フンフン。
PROPQUEST_SCENARIO_INC_001936,Hurry along now! Go find Drico and retrieve the Agony Ore!,ドゥリコはこの辺りにいるはずよ。
PROPQUEST_SCENARIO_INC_001937,Find Drico in Dekanes dungeon.,デェカネス鉱山にいるドゥリコを訪ねよ。
PROPQUEST_SCENARIO_INC_001939,Sweet Medication,苦悩の鉱石
PROPQUEST_SCENARIO_INC_001940,Agony Ore? Khahahahaha! You say want Agony Ore? *snort* *sniff* Agony Ore very rare! I no trade!,苦悩の鉱石だって？　フフフフン！　あれは百年に一度入手できるかどうかというほどのレアな鉱石だぞ！
PROPQUEST_SCENARIO_INC_001941,*sniff*. Hmm...Maybe I change mind If do something for Drico! Tribe need sap of Roach Queen for medicine! *snort* You can collect for Drico?,フフフン。でも……実はここにあるんだな！　ほしいか？　ほしければ交換だ！ 探せ！
PROPQUEST_SCENARIO_INC_001942,"Collect sap from Pink Roach Queen and Blue Roach Queen, then bring to Drico.",この鉱山内にローチクイーンという植物がいる。これの青と桃色の樹液を持ってくるんだ。そうしたら交換してやる。フンフン！
PROPQUEST_SCENARIO_INC_001943,You reject such a good chance now? *Sniff* *Sniff*. As you wish~,フフン。まあいいさ。この鉱石が自力で採れると思わないことだな。フンフン。
PROPQUEST_SCENARIO_INC_001944,*sniff* *sniff* Drico smell sweet sap!,おお、ロチクイーンのあま～い香りだ！　フンフン！
PROPQUEST_SCENARIO_INC_001945,Collect Pink Roach Queen Sap and Blue Roach Queen Sap! Sniff!,ロチクイーンは鉱山のどこかに巣があるはず。フンフン。頑張るといい。フフン！
PROPQUEST_SCENARIO_INC_001946,Pink and Blue Roach Queen deep in dungeon. Please go gather their sap!,ブルーロチクイーンとピンクロチクイーンの樹液を集めて報告せよ。
PROPQUEST_SCENARIO_INC_001948,Collective Bargaining,苦悩の駆け引き
PROPQUEST_SCENARIO_INC_001949,Give Drico Sap! Then Drico hand Ore to stranger! *snort*,フフン。この香り～。幸せだフフン！
PROPQUEST_SCENARIO_INC_001950,Here take ore!,苦悩の鉱石を求めるなんてレアだフン。誰か知らぬが、運がいいフフフン
PROPQUEST_SCENARIO_INC_001951,You no want take now? *sniff* Drico need sap please!,ん？　いらないのか？　フフフン　樹液をくれ～フフフン
PROPQUEST_SCENARIO_INC_001952,"hehe, impressive! I knew you would find a way to obtain the ore!",あら、やるじゃない！　確か百年に一度しか手に入らないと聞いていたけど、貴方、何かを持ってるわね！
PROPQUEST_SCENARIO_INC_001953,Go take ore. Drico is busy now!,フフン。この香り～。幸せだフフン！
PROPQUEST_SCENARIO_INC_001954,Take the Agony Ore to Ainher.,苦悩の鉱石をアインヘルに渡せ。
PROPQUEST_SCENARIO_INC_001956,Psykeeper Hero's Pendant,サイキーパーヒーローのペンダント
PROPQUEST_SCENARIO_INC_001957,Just give me the ore and you have my word that I will reunite with Reonan and the rest of the gang. First I need a little time to examine the ore.,こんな貴重なものを貰ったからには相応の御礼をしないとね……。そうそう。既にお気づきかもしれないけど私はサイキーパーだったの。
PROPQUEST_SCENARIO_INC_001958,"I can't leave this very moment, but here, take my pendant to Reonan. It will seal the deal! I will meet up with you again soon enough! Hehe.",この苦悩の鉱石を研究すれば、この世界を漂う何かがわかるかもしれない。もう少し研究を続けたいところだけど……ペンダントをレオナンに持って行ってくれ。
PROPQUEST_SCENARIO_INC_001959,Please tell Reonan I am busy with important research but will come directly to him afterwards!,そう、このペンダントをレオナンに渡して。わたくしはもう少しここで研究してから戻るから心配しないでね！
PROPQUEST_SCENARIO_INC_001960,Eh? You don't want to leave here because of my radiant beauty? Guess I don't blame you!,あら……ひょっとしてわたくしの美しさを前に離れがたくなったのかしら？
PROPQUEST_SCENARIO_INC_001961,You're back! How is Ainher doing? What? This is another of the pendants!,おお、お前さん。戻ってきたか。その顔をみるときっとよい報告だな。
PROPQUEST_SCENARIO_INC_001962,Well what are you waiting for! Take the pendant to Reonan!,あら……ひょっとしてわたくしの美しさを前に離れがたくなったのかしら？
PROPQUEST_SCENARIO_INC_001963,Give Ainher's Pendant to Reonan.,レオナンに英雄のペンダントを渡せ。
PROPQUEST_SCENARIO_INC_002141,The Last Hero,最後の英雄
PROPQUEST_SCENARIO_INC_002142,You know? You've grown a lot during the course of this all. We've almost reached the end of the initial phase though! We just need to find the last hero!,お前さんもずいぶんと立派になったもんだ。我々は最後のヒーロを探しています。
PROPQUEST_SCENARIO_INC_002143,Shade's power grows progressively stronger… I can feel it…. We must hurry and find the last hero as soon as possible.,シェードの力はだんだん強くなっているのを感じます。 私たちは急いで最後のヒーローを見つけなければなりません。
PROPQUEST_SCENARIO_INC_002144,I believe Achaben has more details on where we might find the last hero. Please go to him right away!,アチャベンは最後のヒーロの手がかりを持ってます。彼に、直接聞きに行ってみないか？
PROPQUEST_SCENARIO_INC_002145,You can hear more details on where to find the last hero from Achaben! Please go and speak with him!,アチャベンは最後のヒーロの手がかりを持ってます。彼に、直接聞きに行ってみないか？
PROPQUEST_SCENARIO_INC_002146,You cannot give up yet after everything we've worked for!,君はまだ、諦めてはいけない！
PROPQUEST_SCENARIO_INC_002147,"Yes~ Oh! You're here again, my lord.",あら、いらっしゃい！　どうしたのですか？
PROPQUEST_SCENARIO_INC_002148,Why haven't you left yet? Achaben is running the general store of Darken. Please go meet with him!,まだ、行ってないの？アカベンはダーケンの雑貨店を経営しています。 彼に会いに行ってください！
PROPQUEST_SCENARIO_INC_002149,Return to Darken and meet with Achaben.,ダーコンのアチャベンを訪ねよ。
PROPQUEST_SCENARIO_INC_002151,"The High Magician, Laola",大魔導師ラオラ
PROPQUEST_SCENARIO_INC_002152,"I've heard you are still in search of the legendary heroes, no? I've heard of a powerful warrior undergoing extensive training in Darkon 3. This might be one of the warriors for which you are searching.",あら、まだ英雄を探していたのですね。 強力な戦士がダーコン3地域で大規模な訓練を受けていると聞いたことがあります。ひょっとすると、あなたが探している戦士の1人かもしれません。
PROPQUEST_SCENARIO_INC_002153,"I was informed of this warrior by my friend Laola, who works in Darkon 3. Please go meet with her for further details!",いやいや、今回は無償でお伝えしますって。大魔導師ラオラはご存知ですか？　彼女を訪れてみて下さい。
PROPQUEST_SCENARIO_INC_002154,"Laola should be at her house in the forests of Darkon 3, where she works as a gardener. Just be aware, the area is overrun with many monsters!",ラオラは、庭師として働いているダーコン3地域の森にある家にいるはずです。 このエリアは多くのモンスターで溢れていることに注意してください！
PROPQUEST_SCENARIO_INC_002155,"Too bad! Well if you are free, wanna help me complete some more deliveries?",そうですか？　あ、暇なら、配達手伝ってくれませんか？
PROPQUEST_SCENARIO_INC_002156,Hey now! Who are you? Why are you coming to my flower garden without any permission?,あら……貴方はどこかでお会いしたことがありましたか？
PROPQUEST_SCENARIO_INC_002157,Laola will be in Darkon 3. Please go find her!,ラオラはダーコン3地域に住み、色々な研究をしているそうです。
PROPQUEST_SCENARIO_INC_002158,Go to Darkon 3 to find Laola,大魔導師ラオラを訪ねよ。
PROPQUEST_SCENARIO_INC_002160,The Perils of Gardening,騒がしいワタングカ
PROPQUEST_SCENARIO_INC_002161,Ohh! Achaben sent you! Sorry for the less than friendly greeting! I heard you are looking for the warrior about whom I spoke of to Achaben?,ああ！ アカベンがあなたを送ったのですね！  私がアチャベンに話した戦士を探していると聞きましたが？
PROPQUEST_SCENARIO_INC_002162,"I have briefly seen her before, but I’m not entirely sure of her exact whereabouts. I do have a friend who claims to have seen this warrior recently…",私は以前に彼女に会ったことがありますが、彼女の正確な居場所はわからないけど、最近会ったと言っている友人がいます。
PROPQUEST_SCENARIO_INC_002163,"I will introduce you to them, but first I need a little help! I do extensive gardening here in Darkon 3 but the Watangka tribes have been making my work difficult. Could you please eliminate some of them?",私はこの通り齢ですのでモンスターと闘うことはできません。そのため、周囲のワタングカを倒してきてほしいのです。
PROPQUEST_SCENARIO_INC_002164,Please hunt 20 Small Watangkas & 15 Watangkas and return to me. It is terribly difficult to garden in these conditions!,20個の小さなワタンカと15個のワタンカを倒してください！これでは、庭を作るのは非常に難しいです！
PROPQUEST_SCENARIO_INC_002165,Please help eliminate the Watangka! It's hard enough to make a living already without them around!,そうですか……残念ですね。
PROPQUEST_SCENARIO_INC_002166,Thank you so much!! Now I can work to get my next export of flowers out!,ありがとうございます。これでしばらく研究に集中できます。
PROPQUEST_SCENARIO_INC_002167,Please go and defeat the Watangka before they destroy any more of my flowers!,彼らは私の大切なお花畑を荒らしていくのです。どうかお願いします。
PROPQUEST_SCENARIO_INC_002168,Hunt 20 Small Watangkas & 15 Watangkas and return to Laola.,部下ワタングカ20っ匹、ワタングカ15匹を倒した後、ラオラに報告せよ。
PROPQUEST_SCENARIO_INC_002170,The Nomadic Chef,放浪のシェフ
PROPQUEST_SCENARIO_INC_002171,I've heard that the warrior in question is supposedly a powerful Billposter…,さて、英雄の話でしたね。この地で修行しているビルポスターの方がそのような話をしていたと思います。
PROPQUEST_SCENARIO_INC_002172,If you are looking for further information on them then please go to my friend Jinitte. He has traveled the continent of Darkon extensively and knows much of its happenings.,ただ、ごめんなさい。私も今どこにいるかまではわからないのです。ジニートなら詳しいことがわかるかもしれません。
PROPQUEST_SCENARIO_INC_002173,Jinitte might just know where this hero is hiding out.,ジニートはこの大陸の中央にいると思います。キャンプをしているのですぐにわかるはずです。
PROPQUEST_SCENARIO_INC_002174,Rather hang around and help me garden? Haha I'm joking! I know you probably have much more important work to attend to!,そうですか……残念ですね。
PROPQUEST_SCENARIO_INC_002175,Greetings Sir! You lookin to try my world famous cuisine!,お、オイラの最高級料理を堪能してみないかい？
PROPQUEST_SCENARIO_INC_002176,Jinitte is a famous world travelling cook. He is currently selling food at the Nomads village.,エンシェントナイトのキャラバンにいるジニートです。気をつけて下さいね。
PROPQUEST_SCENARIO_INC_002177,Go find Jinitte at Nomads village in Central Darkon 3,エンシェントナイトのジニートを訪ねよ。
PROPQUEST_SCENARIO_INC_002179,Roots of Flavor,アンティ根
PROPQUEST_SCENARIO_INC_002180,Ah~! You're the one lookin for that hero! Figured you were here to try some of my world famous cuisine!,え？　英雄を探している？　なあんだ。オイラの料理には興味がないのか。
PROPQUEST_SCENARIO_INC_002181,"Haven't heard of me!? Well you my friend, must have been living under a pretty big rock for some time.",ん？　オイラ達は最高級の料理を提供することで有名なんだ。でもいま食材が足りなくなってしまってね。
PROPQUEST_SCENARIO_INC_002182,"Maybe while you adjust to the light, you could do me a little favor? Afterwards I promise to tell you where to find that hero you are looking for!",そうだ。英雄の情報と引き換えに、アンタ一つ頼まれごとをしてくれねえか？
PROPQUEST_SCENARIO_INC_002183,"Thanks!! Well, I'm working on my latest masterpiece dish, but first I need 10 Anti Roots. Please go obtain some from Antiquery!",ありがとう。この辺りにアンティクエリーって植物がいるんだが、それの持ってるアンティ根がほしいだよ。
PROPQUEST_SCENARIO_INC_002184,Ahh nevermind then! Figured you might do me this one favor!,そうか。まあオイラには関係ないことだしね。
PROPQUEST_SCENARIO_INC_002185,Oh!! I was waiting for you. You came back earlier than I expected.,おお、本当に持ってきてくれたのか。ありがとう！
PROPQUEST_SCENARIO_INC_002186,Please hunt Antiquery and bring me 10 Anti Roots.,アンティークリーを倒してアンチループ10個持ってください！
PROPQUEST_SCENARIO_INC_002187,Hunt Antiquery and get 10 Anti Roots.,アンティクエリーからアンティ根を入手した後、ジニートに報告せよ。
PROPQUEST_SCENARIO_INC_002189,Solace in the Mountains,シュリがいる場所
PROPQUEST_SCENARIO_INC_002190,The warrior you are looking for is currently training up at the Stone Mountain. I believe her to be the original hero Billposter.,たぶんアンタが探しているのは向こうの山で修行しているシュリさんのことだな。彼女はビルポスターの英雄と呼ばれていたそうで。
PROPQUEST_SCENARIO_INC_002191,She shouldn't be too hard to find. Seems like she's been training in the same spot for quite some time now. Plan to find her?,彼女はいつも同じ姿勢で座禅をしているから、東の石の山に行けば、すぐ探せるよ！
PROPQUEST_SCENARIO_INC_002192,She typically can be found meditating high up in the mountains Southeast of this location. Good luck!,シュリは東のビルポスター近辺にいると思うから、そこへ行くと探せるよ。
PROPQUEST_SCENARIO_INC_002193,"Well, you can hang around, but don't think you will be eating for free here!",この辺、散歩していても良いですが、ただで食べられるとは思わないでくださいね！
PROPQUEST_SCENARIO_INC_002194,"Hmm, I sense an unknown aura interfering with my meditation…",どなた……？　修行の邪魔になる。話しかけないほしい。
PROPQUEST_SCENARIO_INC_002195,"Yes yes, my food smells delicious. Time for you to go accomplish your mission!",美味しそうだろう？君はやることをまずやってからだ！行きなさい！
PROPQUEST_SCENARIO_INC_002196,Find the Billposter hero high in the mountains Southeast of Nomads Village.,祭壇で修行しているシュリを訪ねよ。
PROPQUEST_SCENARIO_INC_002198,Billposter Hero - Sury,ビルポスターの英雄シュリ
PROPQUEST_SCENARIO_INC_002199,I'm very close to reaching a perpetual state of enlightenment. It is crucial that you don't…,私はいま長きに渡る修行の日々を続けている。どうか邪魔をしないでほしい。
PROPQUEST_SCENARIO_INC_002200,Reonan!? He sent you? You seem rather weak for someone Reonan has supposedly entrusted so much knowledge to…,何……レオナンからの遣いだと？　ふむ、しかしその言葉をそのまま鵜呑みにはできんな。
PROPQUEST_SCENARIO_INC_002201,"We will prove just what you are capable of. If you are successful in carrying out 3 tests, then our conversation will resume…",レオナンの遣いであれば多少の武芸はできるのだろう？　まずはそれを見せてみるがよい。3つのテストを行います。
PROPQUEST_SCENARIO_INC_002202,"First, please go and defeat 50 Small Luias & 35 Luias. This should be sufficient to prove to me that you are a worthy disciple of Reonan.",そうだな、スモール・ルイア50匹、ルイア35匹を倒して来い。さすればレオナンの弟子としてふさわしいことを証明できるはず。
PROPQUEST_SCENARIO_INC_002203,"Well, you talk a big game. But remember, actions do speak louder than words. Lets see if you can complete the quest.",偉そうなことを言っているが、忘れるな、行動は言葉よりも雄弁なのだ。クエストをクリアできるかどうかみてやろう
PROPQUEST_SCENARIO_INC_002204,"If you do not wish to undergo the quest, then move along. I need absolute concentration.",そうか。では、もう話しかけないでくれ。
PROPQUEST_SCENARIO_INC_002205,Hmm... You are definitely stronger than I previously imagined you would be…,なるほど。多少の実力は備わっているようだな。
PROPQUEST_SCENARIO_INC_002206,Please do not talk to me until you have defeated 20 Small Luias & 15 Luias.,怖いのか？ 部下ルイア20匹、ルイア15匹を倒してから私に話しかけて！
PROPQUEST_SCENARIO_INC_002207,Hunt 50 Small Luias & 35 Luias and then speak with Sury,スモール・ルイア５0匹、ルイア35匹を倒した後、シュリに報告せよ。
PROPQUEST_SCENARIO_INC_002209,Sury's Test (1),シュリの試験(１)
PROPQUEST_SCENARIO_INC_002210,"Do not fool yourself into believing that was the only test. Next, please defeat the Shuhamma for me.",次に、私のためにシューハンマを倒してください。
PROPQUEST_SCENARIO_INC_002211,Are you still determined to prove your worth? You can back out at anytime.,あなたは、自分の価値を証明しようとしてますね？ いつでも辞められるよ。
PROPQUEST_SCENARIO_INC_002212,"Well then, hunt 50 Small Shuhammas & 35 Shuhammas for me.",今すぐうるさい部下シューハンマー50匹とシューハンマー35匹を倒してください。
PROPQUEST_SCENARIO_INC_002213,"Heh, a true warrior would never turn down a challenge.",そうか。では、もう話しかけないでくれ。
PROPQUEST_SCENARIO_INC_002214,Impressive. Guess I should increase the difficulty of the next test if I wish to truly test you!,なるほど。思ったよりはできるようだな。
PROPQUEST_SCENARIO_INC_002215,The Shuhammas should be right at the bottom of this mountain. Please make haste and defeat 20 Small Shuhammas & 15 Shuhammas.,すぐ下にいるから、すぐ探せるでしょ？ 部下シュハンマ20匹、シュハンマ15匹を倒して戻ってきて。
PROPQUEST_SCENARIO_INC_002216,Hunt 50 Small Shuhammas & 35 Shuhammas and then speak with Sury,シューハンマーを倒した後、シュリに報告せよ。
PROPQUEST_SCENARIO_INC_002218,Sury's Test (2),シュリの試練(3)
PROPQUEST_SCENARIO_INC_002219,This will be my final task. Complete this and you will have proven yourself worthy enough to speak with me regarding Reonan's request.,これが私からの最後の仕事になります。 これを完了すると、レオナンのリクエストには十分に答えられます。
PROPQUEST_SCENARIO_INC_002220,The Shuhamma were hardly a challenge for you. Now I really wanna test your skill!. Please go hunt the Lord Shuhamma which servers as their leader!,シューハンマーごときでは、お前の相手にもならなかったようだな。今度こそ本当の実力を試させてもらうぞ！奴らのリーダーであるロード・シューハンマーを狩ってきてくれ！
PROPQUEST_SCENARIO_INC_002221,"Hunting the Lord Shuhamma by yourself will be a daunting task. You might wish to enlist the aid of other warriors. But, if you DO defeat him solo, you will have truly earned my respect!",ロード・シューハンマーを一人で狩るのは、かなり骨が折れるだろう。他の戦士たちの助けを借りるのもいいかもしれない。だが、もし一人で倒せたなら、私は心から敬意を表そう！
PROPQUEST_SCENARIO_INC_002222,You are a quite a brave adventurer. Go hunt 40 Captain Shuhammas & the Lord Shuhamma and let's see what you are truly made of!,なかなか勇敢な冒険者のようだな。キャプテン・シューハンマーを40体と、ロード・シューハンマーを狩ってこい。お前の本当の実力を見せてもらおう！
PROPQUEST_SCENARIO_INC_002223,And here I was thinking you could do it! Maybe I was wrong about you...,そうか。では、もう話しかけないでくれ。
PROPQUEST_SCENARIO_INC_002224,"That was surely no easy feat. You have earned my respect stranger! My name is Sury, the original Billposter Hero",それは確かに簡単なことではありません。 私の名前は、元ビルポスターヒーローであるシュリです。
PROPQUEST_SCENARIO_INC_002225,You still have yet to hunt 40 Captain Shuhammas & the Lord Shuhamma? Return to me once you are finished!,キャプテン・シューハンマー40体とロード・シューハンマーの討伐がまだ終わっていないようだな？終わったら戻ってこい！
PROPQUEST_SCENARIO_INC_002226,Hunt 40 Captain Shuhammas & the Lord Shuhamma and go back to Sury.,キャプテン・シューハンマーを40体とロード・シューハンマーを狩り、シュリの元へ戻る。
PROPQUEST_SCENARIO_INC_002228,Sury's Dilemma,シュリのジレンマ
PROPQUEST_SCENARIO_INC_002229,"I've been training up here so long. I feel that I'm so close to achieving a heightened level of power, but there is something missing…",なるほど。君は英雄を探しているとのことだが私は残念ながら英雄の生まれ変わりかどうかが自信がない。いくら修行をしても悟りが開けぬのだ。
PROPQUEST_SCENARIO_INC_002230,"I don't know why… I just feel like there is something missing… and this ""thing"" is keeping me from realizing my true inner potential.",何か重要なことを見落としているのかもしれない。とはいえ、もし私が英雄の生まれ変わりであるならば、このようなことを尋ねるわけにもいかん。
PROPQUEST_SCENARIO_INC_002231,Could you please seek my mentor (Billposter Guardian) Capafe and explain my dilemma. He will surely understand…,そこでだ、南端にいるカペーペに君の悩みとして打ち明け、アドバイスをもらえないだろうか？
PROPQUEST_SCENARIO_INC_002232,Thank you! Please get advice from (Billposter Guardian) Capafe.,ありがとう。私はこのまま修行を続けることにする。頼んだぞ。
PROPQUEST_SCENARIO_INC_002233,You can't possibly stop now. You play an important role in things to come!,あなたはおそらく今やめることはできません。君の役目は重要だからな！
PROPQUEST_SCENARIO_INC_002234,"Welcome, I have been expecting you.",あら……貴方様はひょっとして……
PROPQUEST_SCENARIO_INC_002235,(Billposter Guardian) Capafe is located in Southern Darkon 3 along with the other Guardians.,カパーペはダーコン南にいるビルポスターの修行者だってば！不要な会話はしたくない。
PROPQUEST_SCENARIO_INC_002236,Find (Billposter Guardian) Capafe.,ビルポスター守護者カペーペを訪ねよ。
PROPQUEST_SCENARIO_INC_002238,Enlightenment Shard,悟りの欠片
PROPQUEST_SCENARIO_INC_002239,"Sury is currently in a perpetual state of self doubt. Despite her unyielding dedication to her training, there is a self-realization she alone will have to make…",ええ……みなまで申さずともわかります。シュリ様はいま大変にお悩みのようですね。心は生まれ変わっても肉体との接点がないのでしょう。
PROPQUEST_SCENARIO_INC_002240,Go to Fera to get the Enlightenment Shard. She will tell you.,悟りの境地ですか……そうですね。この件については私よりもベラの方がよいでしょう。
PROPQUEST_SCENARIO_INC_002241,"We may be able to assist her in making this realization though… Find Fera, the Billposter Priest, at the Altar of Billposter North of here. She might know of a way…",ベラはビルポスター祭壇にいます。私からも話しておきますのでベラのもとへ行って頂けませんか？
PROPQUEST_SCENARIO_INC_002242,Don't refuse your destiny!,そうですか……
PROPQUEST_SCENARIO_INC_002243,"The Guardian has sent you, right? I was waiting for you…",お待ちしておりました。守護者の方から連絡がありました。
PROPQUEST_SCENARIO_INC_002244,Fera is Bill Poster Priest at the Bill Poster Altar. You shall find her there. I'm sure she is already expecting you.,ベラはビルポスター祭壇にいると思いますのでよろしくお願いします。
PROPQUEST_SCENARIO_INC_002245,Find Fera in Billposter Alter,ビルポスター祭壇にいるベラを訪ねよ。
PROPQUEST_SCENARIO_INC_002247,Fera's Test,ペラの試験
PROPQUEST_SCENARIO_INC_002248,"Sury's mind is currently clouded with doubt, as the Guardian had mentioned. In her current state, she will never reach enlightenment regardless of how hard she trains…",シュリの心は現在疑いで曇っています。 彼女の現在の状態では、どんなに激しく訓練しても、彼女は決して悟りに達することはできません。
PROPQUEST_SCENARIO_INC_002249,"To help grant her thoughts a renewed sense of clarity, we must bring her a Shard of Enlightenment. First I must test your own personal strength. Do you accept?",彼女の考えに新たな明晰さを与えるために、私たちは彼女に悟りの欠片を持って来なければなりません。 最初に私はあなたの強さをテストしなければなりません。 受けますか？
PROPQUEST_SCENARIO_INC_002250,I knew you wouldn't back away from this challenge. Please hunt 60 Small Kern and 40 Kern located in Southern Darkon 3.,わかりました。では、部下ケルン60匹、ケルン40匹を倒してきて下さい。
PROPQUEST_SCENARIO_INC_002251,We must not falter in the face of adversity!,そうですか。まあ、貴方にも理由があるのでしょうね。
PROPQUEST_SCENARIO_INC_002252,I never doubted your skill for a second!,ケルンを倒してきたのですね。確かに、貴方に悟りの一部が宿ってきたようです。
PROPQUEST_SCENARIO_INC_002253,Please go and hunt down the Kern as a test of your own strength.,ケルンはこの周辺に生息しています。どうぞお気をつけて！
PROPQUEST_SCENARIO_INC_002254,"Hunt 60 Small Kern and 40 Kern located in Southern Darkon 3, then talk with Fera.",部下ケルン60匹、ケルン40匹を倒してベラに報告せよ。
PROPQUEST_SCENARIO_INC_002256,Out of the Oven and into the Fire,気功石を探せ
PROPQUEST_SCENARIO_INC_002257,"In order to complete the process required to create a Shard of Enlightenment, we must first acquire an Infernal Stone",さあ、次は媒介となる石を探す必要があります。おおもととなる石はケルンが持っているはずです。
PROPQUEST_SCENARIO_INC_002258,Please defeat 30 Captain Kerns and acquire the Infernal Stone which should be located somewhere around them.,キャプテン・ケルンを倒した後、その周辺に落ちている気功石を入手してカパぺに持って行ってください。
PROPQUEST_SCENARIO_INC_002259,"Great! Once you have acquired the Infernal Stone, take it to Capafe and ask about the next step of the process.",そうすれば悟りの石を手に入れられると思います。
PROPQUEST_SCENARIO_INC_002260,"If you wish Sury to return to her original state, this is the only way.",そうですか。残念ですね……。
PROPQUEST_SCENARIO_INC_002261,I have been waiting for you. I see that you have acquired an Infernal Stone.,あら、これは気功石ですね。待ってました！
PROPQUEST_SCENARIO_INC_002262,"Please hurry, I'm sure Capafe is waiting for us!",急いでください！カパぺが待っています！
PROPQUEST_SCENARIO_INC_002263,"Hunt 30 Captain Kern, acquire the Infernal Stone, then talk with Capafe.",キャプテン・ケルンを30匹倒した後、気功石を入手し、カペーペに報告せよ。
PROPQUEST_SCENARIO_INC_002265,Stone of Enlightenment,悟りの欠片を作る方法
PROPQUEST_SCENARIO_INC_002266,"In order to create a Shard of Enlightenment, we will need to fuse together an Infernal Stone and an Angelic Stone.",気功石は悟りの石の元となる石です。この気功石に気力が満ちた際に、気功石は悟りの石と生まれ変わります。
PROPQUEST_SCENARIO_INC_002267,Please return to Fera and explain to her what it is you need.,もう一度ベラの元へ行き、この気功石と対となる気力の源について尋ねてきて頂けますか。
PROPQUEST_SCENARIO_INC_002268,She will be able to explain in greater detail about how to acquire an Angelic Stone.,おそらくベラならばわかると思います。何度も恐縮ですがお願い致します。
PROPQUEST_SCENARIO_INC_002269,We could all use your assistance right now…,もう一度考え直していただけないでしょうか？あなたの助けが必要です。
PROPQUEST_SCENARIO_INC_002270,Ah! You've returned! What did Capafe have to say of the issue?,あら、まだ私に御用ですか？
PROPQUEST_SCENARIO_INC_002271,Ask Fera about the Angelic Stone.,おそらくベラならばわかると思います。何度も恐縮ですがお願い致します。
PROPQUEST_SCENARIO_INC_002272,,
PROPQUEST_SCENARIO_INC_002274,Look for Angelic Stone,気力の源
PROPQUEST_SCENARIO_INC_002275,Oh! Of course! It was an Angelic Stone that we require to complete the transmutation!,あ……すみません。確かにカペーペ様の言う通り、気力の源のことをすっかりと忘れておりました。
PROPQUEST_SCENARIO_INC_002276,You can find Angelic Stones in Southern Darkon 3 near the Captain Glaphans. Will you please defeat them and acquire the stone?,気力の源はキャプテン・グラファンが生息している地域で見つけられると思います。キャプテン・グラファンを倒すことで気が満ちるとか。
PROPQUEST_SCENARIO_INC_002277,"Good! Please defeat 60 Captain Glaphan and acquire the Angelic Stone. Once the stone is in your possession, return to Capafe!",キャプテン・グラファンを60体討伐して気力の源を入手しましたら、もう一度カペーペ様と話して頂けますか？
PROPQUEST_SCENARIO_INC_002278,Are you giving up?,ここまできて諦めるの？？？？？
PROPQUEST_SCENARIO_INC_002279,You have found the Angelic Stone! Now I can create a Shard of Enlightenment by combining both of the stones.,気力の源ですね。これで準備は整いましたね。
PROPQUEST_SCENARIO_INC_002280,We have no time for idle conversation. Please retrieve the stone!,私としたことがうっかりと忘れてしまうなんて……ああ……修行が足りないな。
PROPQUEST_SCENARIO_INC_002281,"Hunt 60 Captain Glaphans, acquire the Angelic Stone, then take it to Capafe for transmutation.",キャプテングラファンを60体倒して、気力の源を入手した後、カペーペに報告せよ。
PROPQUEST_SCENARIO_INC_002283,Sury's Realization,悟りの石
PROPQUEST_SCENARIO_INC_002284,The process of transmutation required to create the Shard of Enlightenment will take just a moment…,さあ、これで悟りの石ができました。貴方には大変お世話になりましたね。
PROPQUEST_SCENARIO_INC_002285,It is finished. Please bring the Shard of Enlightenment to Sury as soon as you can.,さあ、この石をシュリ様に渡してあげて下さい。あの方のことです。私達に心配をかけぬよう今も修行をしています。
PROPQUEST_SCENARIO_INC_002286,Thank you. This should help bring the clarity to her thoughts that Sury requires.,よろしくお願い致しますね。
PROPQUEST_SCENARIO_INC_002287,It would be most unwise to deny this request…,そうですか。いえ、意図がよくわからぬのです。
PROPQUEST_SCENARIO_INC_002288,I see you have returned. What has transpired?,お、戻ってきたかい。けっこう遅かったじゃないか。
PROPQUEST_SCENARIO_INC_002289,Please hurry. Sury needs our aid.,シュリ様は私達の祖先というべき方。私達はいつでもシュリ様を見守っています。
PROPQUEST_SCENARIO_INC_002290,Hand the Shard of Enlightenment to Sury.,悟りの石をシュリに届けよ。
PROPQUEST_SCENARIO_INC_002292,In Safe Hands,開眼
PROPQUEST_SCENARIO_INC_002293,"This Shard, it has made everything so much clearer! I have recovered the part of myself that I lost along the way. I was once Roentel, Hero Billposter…",ああ……この石を見ていると遠い頃の記憶が甦る。……そうだ。私は八英雄の一人としてビルポスターでイブリスと闘っていた。
PROPQUEST_SCENARIO_INC_002294,I now see the gravity of this situation…the peril that Madrigal is truly in. I understand why Reonan is seeking us out!,ふむ……、私もすぐにでもレオナンと合流すべきだろうが、まだ十分に力を取り戻していないのだ。
PROPQUEST_SCENARIO_INC_002295,"First, could you perhaps complete one favor for me? I left my pendant to Capafe before I decided to isolate myself up here on this mountain to train.",すまないが一つ頼まれてほしい。ここで修行する前にカペーペに私の大切なペンダントを預けているんだ。それを取ってきてくれないか。
PROPQUEST_SCENARIO_INC_002296,Thank you yet again! Capafe should have the pendant. Go and ask her if she could return it.,ありがとう。カペーペのことだ。きっとこの会話も把握しているのだろう。いけばすぐにわかると思う。
PROPQUEST_SCENARIO_INC_002297,"This pendant is an important symbol of trust, you must acquire it!",あのペンダントがなければ私は……。
PROPQUEST_SCENARIO_INC_002298,I'm glad to hear that Sury has reached this realization.,まあ、シュリ様がついに悟りの境地を取り戻されたのですね。ありがとうございます。
PROPQUEST_SCENARIO_INC_002299,Capafe should have the pendant. Go and inquire about it.,頼むぞ。守護者カペーペが持っているはずです。私は過去の力を取り戻すべく修行をつづけるよ。
PROPQUEST_SCENARIO_INC_002300,Ask Capafe for Sury's Pendant.,カペーペを訪ねよ。
PROPQUEST_SCENARIO_INC_002302,Reclaiming the Pendant,ペンダントを取り戻せ
PROPQUEST_SCENARIO_INC_002303,"Ahh the Pendant. When Sury left it to me a long time ago, I kept it in a barren desert, untraversed by man.",ペンダントのことですよね……。ああ、私は何とシュリ様にお詫びをすればよいのでしょう。未開の地にある砂漠に置いたんです......。
PROPQUEST_SCENARIO_INC_002304,"Unfortunately at some point, Chimeradons came to discover it and took it for their own. Since then, I have been unable to locate it…",ごめんなさい、実を言うと以前、デッドウィルダニスを訪れた時、ペンダントを保管していたバッグごと盗賊に盗まれ、それがアバドンの餌食となってしまったのです。
PROPQUEST_SCENARIO_INC_002305,Could you please find the pendant for me?,このようなお願いは大変恐縮ですが、どうかペンダントを取り返して頂けませんか？
PROPQUEST_SCENARIO_INC_002306,Thank you for your assistance. I feel that the pendant is currently being held by a Chimeradon. Please reclaim it from him then show me so I may rest assured it is returned.,ありがとうございます。ペンダントはアバドンがバッグごと持って行きました。彼らは砂漠を寝床にしていると思います。
PROPQUEST_SCENARIO_INC_002307,Please find the pendant. I feel it is partly my responsibility for the pendants disappearance…,私が悪いんですが、、取り返してくださいませんか。ああ……私はどのようにシュリ様にお詫びをすれば……。
PROPQUEST_SCENARIO_INC_002308,You have returned. I hope you have succeeded in acquiring the pendant.,おお、これは確かにペンダントです！　本当にありがとうございます！ああ、本当に良かった。
PROPQUEST_SCENARIO_INC_002310,Defeat the Chimeradon and show Capafe the pendant.,アバドンを倒して英雄のペンダントを入手した後、カペーペに報告せよ。
PROPQUEST_SCENARIO_INC_002309,The pendant is currently held by a Chimeradon. Go and retrieve it from his undeserving hands!,ペンダントはアバドンが持っているはずです。ああ……私はどのようにシュリ様にお詫びをすれば……。
PROPQUEST_SCENARIO_INC_002312,To the Real Owner,奪 還
PROPQUEST_SCENARIO_INC_002313,Thank you. I can now rest assured knowing that the pendant will be returned to its rightful owner.,二度と見つからないかと思っていました……。シュリ様に顔向けができなくなってしまうところでした。
PROPQUEST_SCENARIO_INC_002314,"Will you please take the pendant to Sury, I'm sure she is anxious to receive it.",さあ、このペンダントをシュリ様にお渡し下さい。
PROPQUEST_SCENARIO_INC_002315,"Hurry over to Sury, I'm sure she is anxious to receive the pendant.",シュリ様はお待ちになられていると思います。本当にありがとうございました。
PROPQUEST_SCENARIO_INC_002316,Please rethink your decision. This pendant is quite important to Sury.,え、それはどういう意味ですか？このペンダントは、シュリ様にとってかなり重要なものです。
PROPQUEST_SCENARIO_INC_002317,You have recovered the pendant!,お、これぞまさしく私のペンダントだ。どうした？　取りに行っただけなのに大げさだな。
PROPQUEST_SCENARIO_INC_002318,Take the pendant back to Sury.,シュリ様のことをよろしくお願いしますね。
PROPQUEST_SCENARIO_INC_002319,Deliver the Hero's Pendant to Sury.,英雄のペンダントをシュリに届けろ。
PROPQUEST_SCENARIO_INC_002321,Billposter Hero's Pendant,英雄ビルポスターのペンダント
PROPQUEST_SCENARIO_INC_002322,"We have very little time. Even as we speak, I can sense the growing darkness around us…",あまり長く待たせても申し訳ないな。
PROPQUEST_SCENARIO_INC_002323,Will you bring my pendant to Reonan? Please let him know that the time is now for us to unite.,ありがとう。レオナンには来るべき時にはすぐに馳せ参じると伝えてくれ。このペンダントを私の代わりにレオナンに渡してくれないか？
PROPQUEST_SCENARIO_INC_002324,"Now that you have the pendant, hurry and give it to Reonan!",いやいや、これは君にしか頼めないのだ。できるだけ急いでほしい！
PROPQUEST_SCENARIO_INC_002325,"Ahh this is Sury's pendant! The time has once again come that we rise to the challenge before us! With allies like you by our side, we will be prepared for challenges Shade presents us with!",お、お前さん。ついにやったな！我々は挑戦するのだ！これで八人全員と連絡が取れるようになったぞ！
PROPQUEST_SCENARIO_INC_002326,Please take this pendant to Reonan!,このペンダントをレオナンに持っていってください！
PROPQUEST_SCENARIO_INC_002327,Bring the Heroes Pendant to Reonan,英雄のペンダントをレオナンに渡せ。
PROPQUEST_SCENARIO_INC_002328,Rumble in the Mountains,山の中のゴロゴロ
PROPQUEST_SCENARIO_INC_002329,Strange sounds have been coming from the Leren Mountains. I recall Martinyc once speaking of a myth about creatures that roam deep within the mountain caves.,レレン山脈から奇妙な音が聞こえてきました。マルティニークがかつて山の洞窟の奥深くを歩き回る生き物についての神話について話したことを思い出します。
PROPQUEST_SCENARIO_INC_002330,Could you go check with her to see if she has any information about what could be causing this disturbance?,この騒動の原因について何か情報があるかどうか、彼女に確認してもらえますか?
PROPQUEST_SCENARIO_INC_002331,Martinyc is likely reading her books as always. Go speak with her to find out more information.,マルティニークはいつものように彼女の本を読んでいる可能性があります。詳細については、彼女と話してください。
PROPQUEST_SCENARIO_INC_002332,Leren Mountains is a dangerous place. I do not blame you for wanting to stay within the safety of Flarine.,レレン山脈は危険な場所です。私はあなたがフラリスの安全の中にとどまりたいと思っていることを責めません。
PROPQUEST_SCENARIO_INC_002333,Oh... the Mayor sent you! And he says that there has been a disturbance in the Leren Mountains...,おや。。市長があなたを送りました!そして彼は、レレン山脈で混乱があったと言います..
PROPQUEST_SCENARIO_INC_002334,Seek out Martinyc for information on the rumblings of Leren Mountains.,レレン山脈のゴロゴロに関する情報については、マルティニークを探してください。
PROPQUEST_SCENARIO_INC_002335,Meet with Martinyc.,マルティニークと会う。
PROPQUEST_SCENARIO_INC_002336,Demian Deviants,デミアン・デビアンツ
PROPQUEST_SCENARIO_INC_002337,I once had a book that contains legends of the beasts that live within the caves of the Leren Mountains... but it was stolen by a pack of Demians during my research.,私はかつて、レレン山脈の洞窟に住む獣の伝説を含む本を持っていました..。しかし、それは私の研究中にデミアンの群れによって盗まれました。
PROPQUEST_SCENARIO_INC_002338,If you return my book to me I may be able to help.,あなたが私の本を私に返すならば、私は助けることができるかもしれません。
PROPQUEST_SCENARIO_INC_002339,I have a feeling that the Demians still have my book of legends. Search for my book in Madren Town. You may have to get your hands a bit dirty...,デミアンはまだ私の伝説の本を持っているような気がします。マドレンタウンで私の本を検索してください。手を少し汚す必要があるかもしれません。
PROPQUEST_SCENARIO_INC_002340,Madren Town is no place for commoners to travel. I could never expect you to risk your life for my book. Thank you for listening to me anyway.,マドレンタウンは庶民が旅行する場所ではありません。あなたが私の本のためにあなたの命を危険にさらすとは思ってもみませんでした。とにかく私の話を聞いてくれてありがとう。
PROPQUEST_SCENARIO_INC_002341,"You found my book, thank you so much! Now to find the legend of the Leren Chasm...",あなたは私の本を見つけました、どうもありがとう!今、レレンの淵の伝説を見つけるために。
PROPQUEST_SCENARIO_INC_002342,Please find my book! I'm positive it is still in Madren Town.,私の本を見つけてください!私はそれがまだマドレンタウンにあると確信しています。
PROPQUEST_SCENARIO_INC_002343,"Kill 15 Demian and find the Legend of Leren Mountains, then return to Martinyc.",15人のデミアンを殺し、レレン山脈の伝説を見つけて、マルティニークに戻ります。
PROPQUEST_SCENARIO_INC_002344,Magic Mushrooms,マジックマッシュルーム
PROPQUEST_SCENARIO_INC_002345,Within this book lies the secrets to the distubances in the Leren Mountains... ,この本の中には、レレン山脈のディスタブランスの秘密があります。 
PROPQUEST_SCENARIO_INC_002346,The legend states that long ago packs of trolls ruled the creatures that made the Leren Mountains their home. ,伝説によると、はるか昔、トロルの群れがレレン山脈を故郷にした生き物を支配していました。
PROPQUEST_SCENARIO_INC_002347,"Through disease, famine, and bickering betweeen Masquerpets, the trolls retreated from the Leren Mountains into the caves.",病気、飢饉、そしてマスケルペッツ間の口論を通して、トロルはレレン山脈から洞窟に後退しました。
PROPQUEST_SCENARIO_INC_002348,"The caves were said to contain magical mushrooms that could prolong the life of those who ate them, and it is said that the trolls who once lived in the cave may still live there, in the darkness.",洞窟には、それらを食べた人々の寿命を延ばすことができる魔法のキノコが含まれていると言われており、かつて洞窟に住んでいたトロルは、暗闇の中でまだそこに住んでいる可能性があると言われています。
PROPQUEST_SCENARIO_INC_002349,Perhaps a sample of the local fungi could hold some clues...,おそらく、地元の真菌のサンプルがいくつかの手がかりを保持している可能性があります..
PROPQUEST_SCENARIO_INC_002350,"A Lord Mushpang roams just north of Eastern Flarine... Bring a sample of the giant mushroom to the cook Sotta, who can tell you more about the magical properties of Flaris fungi.",東フラリスの北にロード・マッシュファングが徘徊している……。この巨大キノコのサンプルを料理人ソタに届けてくれ。フラリス菌の不思議な力について、詳しく教えてくれるはずだ。
PROPQUEST_SCENARIO_INC_002351,Oh... are you allergic to mushrooms!? Nevermind... perhaps we can find another person for the job.,おや。。キノコアレルギー!?用事。。おそらく、その仕事のために別の人を見つけることができるでしょう。
PROPQUEST_SCENARIO_INC_002352,"Ah, Flaris fungi! The mushrooms of Flaris have always been said to have magical properties...",ああ、フラリス菌!フラリスのキノコは常に魔法の特性を持っていると言われています。
PROPQUEST_SCENARIO_INC_002353,Collect a sample of the Lord Mushpang and deliver it to Sotta.,ロード・マッシュファングのサンプルを採取し、ソタに届ける。
PROPQUEST_SCENARIO_INC_002354,Collect a sample of Flaris Fungi from a Lord Mushpang.,ロード・マッシュファングからフラリス菌のサンプルを採取する。
PROPQUEST_SCENARIO_INC_002355,Fun with Fungi,菌類で楽しむ
PROPQUEST_SCENARIO_INC_002356,Cooking with Flaris fungi brings out the properties of vitality in a dish...,フラリス菌を使った調理は、料理の活力の特性を引き出します。
PROPQUEST_SCENARIO_INC_002357,It is not hard to believe that a Masquerpet may be able to extend its life by eating the magical fungi.,モンスターが魔法の菌類を食べることで寿命を延ばすことができるかもしれないと信じるのは難しいことではありません。
PROPQUEST_SCENARIO_INC_002358,"I am a seasoned cook, but Marche knows more about the magic of Madrigal.",私はベテランの料理人ですが、マルケはマドリガルの魔法についてもっと知っています。
PROPQUEST_SCENARIO_INC_002359,Marche has always been an expert on the magical properties of the plant life in the region... Go speak with Marche to learn more about the magic within the Flaris fungi.,マルケは常にこの地域の植物の魔法の特性の専門家でした。マルケと話して、フラリス菌の魔法についてもっと学びましょう。
PROPQUEST_SCENARIO_INC_002360,"Magic is powerful, and sometimes scary. I understand if you do not want to speak to Marche.",魔法は強力で、時には怖いです。マルケと話したくない場合は理解できます。
PROPQUEST_SCENARIO_INC_002361,"Oh, hello! So Sotta sent you to me. I wonder if you are prepared to seek out the magic behind these mushrooms...",ねえ！だからソッタはあなたを私に送った。あなたはこれらのキノコの背後にある魔法を探す準備ができているのだろうか..
PROPQUEST_SCENARIO_INC_002362,Speak to Marche to learn more about the magic of Flaris fungi.,マルケに相談して、フラリス菌の魔法についてもっと学びましょう。
PROPQUEST_SCENARIO_INC_002363,Meet with Marche.,マルケと会う。
PROPQUEST_SCENARIO_INC_002364,The Mystery of Leren Chasm Part 2,レレンの淵の謎パート2
PROPQUEST_SCENARIO_INC_002365,Magic in the Air,空中の魔法
PROPQUEST_SCENARIO_INC_002366,"Hmm... well, I believe the magical properties of these mushrooms originally came from spores that fall from the wings of Mothbees.",んん。。まあ、私はこれらのキノコの魔法の特性はもともとモスビーの翼から落ちる胞子から来たと信じています。
PROPQUEST_SCENARIO_INC_002367,With a sample of Mothbee Spores I may be able to recreate the potent vitality mushrooms that may have allowed a troll to live much longer than normal...,モスビー胞子のサンプルで、トロールが通常よりもはるかに長生きすることを可能にしたかもしれない強力な活力キノコを再現できるかもしれません。
PROPQUEST_SCENARIO_INC_002368,"The wings of Mothbees shed spores constantly. Please, go defeat the Mothbees flying above Flaris, and bring me a sample of the spores!",モスビーの羽は絶えず胞子を流します。どうか、フラリスの上空を飛んでいるモスビーを倒して、胞子のサンプルを持ってきてください!
PROPQUEST_SCENARIO_INC_002369,"Mothbees can be vicious creatures. If you don't want to get knocked off your broom, it is best if you leave them alone.",モスビーは悪質な生き物になる可能性があります。ほうきからノックオフされたくない場合は、放っておくのが最善です。
PROPQUEST_SCENARIO_INC_002370,"Ah, you found the spores! I should be able to concoct something from these...",ああ、あなたは胞子を見つけました!私はこれらから何かを作ることができるはずです..
PROPQUEST_SCENARIO_INC_002371,"Collect a sampling of Mothbee Spore, and bring them back to me.",モスビー胞子のサンプルを集めて、私に持ち帰ってください。
PROPQUEST_SCENARIO_INC_002372,Collect 10 Mothbee Spore and bring them to Marche.,モスビー胞子を10個集めてマルケに持って行きましょう。
PROPQUEST_SCENARIO_INC_002373,Sage Advice,賢者のアドバイス
PROPQUEST_SCENARIO_INC_002374,I feel we are getting close to solving the mystery behind the magic mushrooms in Flaris...,フラリスの魔法のキノコの背後にある謎の解決に近づいていると感じています。
PROPQUEST_SCENARIO_INC_002375,The wise sage Radion in the North of Leren Mountains has lived in Flaris longer than most residents have been alive. ,レレン山脈の北に住む賢者ラディオンは、ほとんどの住民が生きているよりも長くフラリスに住んでいます。
PROPQUEST_SCENARIO_INC_002376,Go speak with the sage Radion and see if he knows anything about the power within the Elixir of Vitality!,賢者ラディオンと話をして、彼が生命のエリクサーの中の力について何か知っているかどうかを確認してください!
PROPQUEST_SCENARIO_INC_002377,"Radion is a bit of a hermit, but he means no harm. I cannot force you to speak to him if you do not want to, though.",ラディオンは少し隠者ですが、害はありません。しかし、あなたが望まないのなら、私はあなたに彼と話すことを強制することはできません。
PROPQUEST_SCENARIO_INC_002378,Hello adventurer... I see Marche has sent you to me with something interesting in hand.,こんにちは冒険者..。マルシェが面白いものを手に送ってくれたようです。
PROPQUEST_SCENARIO_INC_002379,Speak with Radion to find out information about the magic within the Elixir of Vitality.,ラディオンと話して、生命のエリクサー内の魔法に関する情報を見つけてください。
PROPQUEST_SCENARIO_INC_002380,Meet with Radion.,ラディオンと会う。
PROPQUEST_SCENARIO_INC_002381,Seeking Leren Chasm,レレンの淵を求めて
PROPQUEST_SCENARIO_INC_002382,Interesting... even with my vast knowledge of Flaris I know very little about the troll migration to the Leren Chasm.,面白いね。。フラリスに関する膨大な知識があっても、レレンの淵へのトロールの移動についてはほとんど知りません。
PROPQUEST_SCENARIO_INC_002383,Perhaps it is time to go explore the Leren Chasm to find out more about the powers behind the Elixir of Vitality.,おそらく、活力のエリクサーの背後にある力についてもっと知るために、レレンの淵を探索する時が来たのでしょう。
PROPQUEST_SCENARIO_INC_002384,The secret behind the longevity of the Leren Chasm trolls begins with finding the entrance to their cave. Search for the entrance to the Leren Chasm and return to me at once!,レレンの淵トロールの寿命の背後にある秘密は、彼らの洞窟への入り口を見つけることから始まります。レレンの淵への入り口を探して、すぐに私に戻ってください!
PROPQUEST_SCENARIO_INC_002385,"The trolls of the Leren Mountains were believed to be part of a fierce army. If you are not comfortable seeking out the trolls, I will understand.",レレン山脈のトロルは激しい軍隊の一部であると信じられていました。あなたがトロルを探すのが苦手なら、私は理解します。
PROPQUEST_SCENARIO_INC_002386,"I see, so that's where the Leren Chasm is hidden...",なるほど、そこにレレンの淵が隠されています。
PROPQUEST_SCENARIO_INC_002387,"Search for the entrance to the Leren Chasm, then return to me.",レレンの淵への入り口を探してから、私に戻ってください。
PROPQUEST_SCENARIO_INC_002388,"Locate the entrance to the Leren Chasm in the Leren Mountains, and report back to Radion.",レレン山脈のレレンの淵の入り口を見つけて、ラディオンに報告してください。
PROPQUEST_SCENARIO_INC_002389,Prepare to Dive!,ダイビングの準備をしてください!
PROPQUEST_SCENARIO_INC_002390,"Now that we know where the Leren Chasm is, I have stationed a guard outside the cave to prevent anyone from accidently going inside.",レレンの淵がどこにあるかがわかったので、洞窟の外に警備員を配置して、誰かが誤って中に入るのを防ぎました。
PROPQUEST_SCENARIO_INC_002391,"From here on adventurer, you must delve into the Leren Chasm if we are ever to know the truth. Please speak to the Leren Chasm guard when you are ready to explore the caves.",ここから冒険者、私たちが真実を知るためには、レレンの裂け目を掘り下げる必要があります。洞窟を探索する準備ができたら、レレンの淵の警備員に話しかけてください。
PROPQUEST_SCENARIO_INC_002392,"What you find in the caves of Leren Chasm may be terrifying, but I sense a special kind of bravery within you adventurer... When you are ready go speak to the guard outside the Leren Chasm.",レレンの淵の洞窟で見つけたものは恐ろしいかもしれませんが、冒険者の中に特別な勇気を感じます。準備ができたら、レレンの淵の外にいる警備員に話しかけてください。
PROPQUEST_SCENARIO_INC_002393,"Without you, the mystery of the Leren Chasm trolls may never be resolved. No matter though...",あなたがいなければ、レレンの淵トロールの謎は決して解決されないかもしれません。関係ありませんが..
PROPQUEST_SCENARIO_INC_002394,"Welcome to the Leren Chasm. I am here to prevent those who are ill-prepared from entering and befalling an early death... I see Radion sent you though, you seem prepared.",レレンの淵へようこそ。私は、準備ができていない人々が入って早期に死ぬのを防ぐためにここにいます..ラディオンがあなたを送ったようですが、あなたは準備ができているようです。
PROPQUEST_SCENARIO_INC_002395,Seek out the guard in front of the Leren Chasm.,レレンの淵の前で警備員を探してください。
PROPQUEST_SCENARIO_INC_002396,Meet with the guard outside the Leren Chasm.,レレンの淵の外で警備員と会いましょう。
PROPQUEST_SCENARIO_INC_002397,The Mystery of Leren Chasm Part 3,レレンの淵の謎パート3
PROPQUEST_SCENARIO_INC_002398,Cave Diving,洞窟ダイビング
PROPQUEST_SCENARIO_INC_002399,"After unblocking the entrance to Leren Chasm, strange creatures have started coming out, causing havoc in the Leren Mountains.",レレンの淵への入り口の封鎖を解除した後、奇妙な生き物が出始め、レレン山脈に大混乱を引き起こしました。
PROPQUEST_SCENARIO_INC_002400,Go inside the Leren Chasm and clear out the creatures that have been causing us problems.,レレンの淵の中に入って、私たちに問題を引き起こしている生き物を一掃してください。
PROPQUEST_SCENARIO_INC_002401,Please speak to me when you are ready to enter the Leren Chasm. Inside you will find the Masquerpets I speak of.,レレンの淵に入る準備ができたら、私に話してください。中には、私が話すモンスターがいます。
PROPQUEST_SCENARIO_INC_002402,These unknown creatures are terribly dangerous. Do not approach them if you feel unprepared.,これらの未知の生き物はひどく危険です。準備ができていないと感じた場合は、近づかないでください。
PROPQUEST_SCENARIO_INC_002403,"Hopefully we will have less disturbences in the Leren Mountains now, thanks to you.",あなたのおかげで、レレン山脈での混乱が少なくなることを願っています。
PROPQUEST_SCENARIO_INC_002404,Eliminate 20 Deep Cave Gorilla and Cavern Larva.,ディープケイヴゴリラとケイヴンラーバを20体討伐
PROPQUEST_SCENARIO_INC_002405,"Enter the Leren Chasm, then kill 20 Deep Cave Gorilla and 20 Cavern Larva.",レレンの淵へ入り、ディープケイブゴリラとケイヴンラーバを20体討伐
PROPQUEST_SCENARIO_INC_002406,Creepy Crawlers,不気味なクローラー
PROPQUEST_SCENARIO_INC_002407,While inside the Leren Chasm there were no sign of the trolls? Go back inside and push deeper within the caves to look for more evidence.,レレンの淵の中にいる間、トロルの兆候はありませんでしたか?中に戻り、洞窟の奥深くまで押し込んで、より多くの証拠を探します。
PROPQUEST_SCENARIO_INC_002408,Please speak to me when you are ready to enter the Leren Chasm once again. You will need to go past where you faced the Cavern Larva this time to find more information.,もう一度レレンの淵に入る準備ができたら、私に話しかけてください。詳細については、今回は洞窟の幼虫と対峙した場所を通り過ぎる必要があります。
PROPQUEST_SCENARIO_INC_002409,The situation will only become more dangerous the deeper within the Leren Chasm you go. Stop now if you are scared.,状況は、あなたが行くレレンの淵の奥深くに行くほど、より危険になります。怖いなら今すぐやめてください。
PROPQUEST_SCENARIO_INC_002410,"Perhaps this Broken Vial was once an Elixir of Vitality. It seems the magic within was used long ago, however...",おそらく、この壊れたバイアルはかつて活力のエリクサーでした。しかし、内部の魔法はずっと前に使われていたようです..。
PROPQUEST_SCENARIO_INC_002411,"Eliminate 20 Radioactive Long Legs, and collect a Broken Vial from the Queen Long Legs.",ラディオアクティブロングレッグボウを20体排除し、クイーンロングレッグスボウから壊れたバイアルを収集してください。
PROPQUEST_SCENARIO_INC_002412,"Enter the Leren Chasm, then kill 20 Radioactive Long Legs and obtain the Broken Vial from the Queen Long Legs.",ラディオアクティブロングレッグボウを20体排除し、クイーンロングレッグスボウから壊れたバイアルを収集してください。
PROPQUEST_SCENARIO_INC_002413,Grabbed by the Ghouls,グールにつかまれて
PROPQUEST_SCENARIO_INC_002414,"The Queen Long Legs held evidence that the Elixir of Vitality was once real. But still, there have been no sightings of trolls within your journeys through the Leren Chasm.",クイーンロングレッグスは、活力のエリクサーがかつて本物であったという証拠を持っていました。しかし、それでも、レレンの淵を通る旅の中でトロルの目撃はありませんでした。
PROPQUEST_SCENARIO_INC_002415,"There must be more to the Leren Chasm that has yet to be uncovered. If you are feeling brave, descend deeper within the caves, and see what may be waiting for us.",レレンの淵には、まだ明らかにされていないものがあるに違いありません。勇気があれば、洞窟の奥深くに降りて、何が私たちを待っているのかを見てください。
PROPQUEST_SCENARIO_INC_002416,Please speak to me when you are ready to enter the Leren Chasm once again. You will need to go past where you faced the Queen Long Legs this time to find new information.,もう一度レレンの淵に入る準備ができたら、私に話しかけてください。新しい情報を見つけるには、今回はクイーンロングレッグに直面した場所を通り過ぎる必要があります。
PROPQUEST_SCENARIO_INC_002417,The Queen Long Legs was a powerful foe. I am sure the remaining Masuqerpets within the Leren Chasm will only get stronger. Rest here for now if you are not ready.,クイーンロングレッグスは強力な敵でした。レレンの淵内に残っているモンスターは、ますます強くなると確信しています。準備ができていない場合は、今のところここで休んでください。
PROPQUEST_SCENARIO_INC_002418,"The souls of the Nightmist creatures have an interesting property... when looking through the glassy orb that contains the soul itself, it faintly looks like the face of a troll.",ナイトミストの生き物の魂は興味深い性質を持っています..魂そのものを含むガラスのオーブを通して見ると、それはかすかにトロールの顔のように見えます。
PROPQUEST_SCENARIO_INC_002419,"Eliminate 20 Cavern Nightmist and the Nightmist Empress, and collect 10 Soul of the Nightmist.",ナイトミストとナイトミスト皇后を20体撃破し、ナイトミストの魂を10個集める。
PROPQUEST_SCENARIO_INC_002420,"Enter the Leren Chasm, then kill 20 Cavern Nightmist and the Nightmist Empress. Collect 10 Souls of the Nightmist.",レレンの裂け目に入り、20人のキャバーンナイトミストとナイトミストエンプレスを殺します。ナイトミストの魂を10個集める。
PROPQUEST_SCENARIO_INC_002421,Trolling Flaris,トローリングフラリス
PROPQUEST_SCENARIO_INC_002422,I have contacted the experts of Flaris history and magic to review the findings surrounding the interesting properties of the souls of the Nightmist.,私はフラリスの歴史と魔法の専門家に連絡を取り、ナイトミストの魂の興味深い特性を取り巻く調査結果をレビューしました。
PROPQUEST_SCENARIO_INC_002423,Shockingly... they have come to the conclusion that these Nightmist creatures were likely once trolls themselves. The Elixir of Vitality may have given them unending life in a new form.,驚く ほど。。彼らは、これらのナイトミストの生き物はかつてトロールであった可能性が高いという結論に達しました。活力のエリクサーは、彼らに新しい形で終わりのない人生を与えたかもしれません。
PROPQUEST_SCENARIO_INC_002424,That explains why no evidence of trolls were found within the Leren Chasm today. The trolls of the past evolved into something new... the Nightmist.,これが、今日、レレンの淵内でトロルの証拠が見つからなかった理由を説明しています。過去のトロールは何か新しいものに進化しました..ナイトミスト。
PROPQUEST_SCENARIO_INC_002425,"I am curious, however, if there is something we missed along the way. Go inside the Leren Chasm once more and make sure there's nothing we left behind.",しかし、途中で見逃したものがあるかどうか興味があります。もう一度レレンの淵の中に入って、私たちが残したものがないことを確認してください。
PROPQUEST_SCENARIO_INC_002426,"Please speak to me when you are ready to enter the Leren Chasm once again. This trip will be your last. Make sure to leave no stone unturned, so we can close the case on the mystery of the Leren Chasm.",もう一度レレンの淵に入る準備ができたら、私に話しかけてください。この旅行はあなたの最後の旅行になります。レレンの淵の謎の事件を終わらせることができるように、石を回さないように注意してください。
PROPQUEST_SCENARIO_INC_002427,You have made great progress figuring out the mysteries within the Leren Chasm. Maybe there is nothing left to explore anymore.,あなたはレレンの淵内の謎を理解するために大きな進歩を遂げました。たぶん、もう探索するものは何も残っていません。
PROPQUEST_SCENARIO_INC_002428,"Welcome back, adventurer! I have heard from everyone the great work you have done investigating the strange sounds within the Leren Chasm.",おかえりなさい、冒険者さん!私は皆から、あなたがレレンの淵内の奇妙な音を調査するために行った素晴らしい仕事を聞いています。
PROPQUEST_SCENARIO_INC_002429,"It seems to me the Caveman Chief you encountered was the last of its kind in Flaris. Perhaps it simply held on to life as a way to protect its kin, even those that transformed into the horrid Nightmist.",あなたが遭遇した穴居人の首長は、フラリスでその種の最後のものだったようです。おそらくそれは、恐ろしいナイトミストに変身したものでさえ、その親族を保護する方法として単に生命を保持していました。
PROPQUEST_SCENARIO_INC_002430,"For now, I think the mystery of the Leren Chasm has been solved. Well done!",今のところ、レレンの淵の謎は解決されたと思います。よくやりましたね！
PROPQUEST_SCENARIO_INC_002431,Eliminate the Caveman Chief and share the news with the Mayor of Flarine.,穴居人の首長を排除し、フラリス市長とニュースを共有します。
PROPQUEST_SCENARIO_INC_002432,"Enter the Leren Chasm, then kill the Caveman Chief.",レレンの淵に入り、穴居人の首長を殺します。
PROPQUEST_SCENARIO_INC_002433,The Mystery of Leren Chasm Part 1,レレンの淵の謎パート1
PROPQUEST_SCENARIO_INC_002434,Remnant of Ishirut Part 1,イシルートの残党パート1
PROPQUEST_SCENARIO_INC_002435,Trouble in the Sky,天空のトラブル
PROPQUEST_SCENARIO_INC_002436,"The weather lately has been terrible! Recently lightning has been striking airships on route to Saint City, causing delays in our shipments.",最近の天気はひどいです!最近、セントシティに向かう飛行船に雷が落ち、出荷が遅れています。
PROPQUEST_SCENARIO_INC_002437,I wonder what has caused all the bad weather lately? I am still on duty here for a while longer.,最近、何が悪天候を引き起こしたのだろうか?私はまだしばらくここで勤務しています。
PROPQUEST_SCENARIO_INC_002438,"Parine helps manage the Station with me. She acts as a scion of the great Elementor hero, Lillip.",パリンは私と一緒に駅を管理するのを手伝ってくれます。彼女は偉大なエレメンターヒーロー、リリップの末裔として行動します。
PROPQUEST_SCENARIO_INC_002439,Parine may know why the skies have been so angry lately. Go speak with her please!,パリーンは、なぜ空が最近そんなに怒っているのか知っているかもしれません。彼女と話してください!
PROPQUEST_SCENARIO_INC_002440,The lightning is out of control... perhaps you can help us another time.,雷は制御不能です..おそらくあなたは別の機会に私たちを助けることができます。
PROPQUEST_SCENARIO_INC_002441,"It is true, the airship deliveries have stopped due to lightning... We must get to the bottom of this, for Saint City.",確かに、雷のために飛行船の配達が停止しました。セントシティのために、私たちはこれの根底に到達しなければなりません。
PROPQUEST_SCENARIO_INC_002442,Find Parine and let her know of the airship situation.,パリーヌを見つけて、飛行船の状況を知らせてください。
PROPQUEST_SCENARIO_INC_002443,Meet with Parine.,パリーヌと会う。
PROPQUEST_SCENARIO_INC_002444,Grab a Bull by the Horns,角で雄牛をつかむ
PROPQUEST_SCENARIO_INC_002445,We need some sort of lightning rod to attract the storm's fury away from the airships heading into Saint City...,セントシティに向かう飛行船から嵐の怒りを引き付けるには、ある種の避雷針が必要です。
PROPQUEST_SCENARIO_INC_002446,"I am unsure of who could build such a device, but you will certainly need a large amount of metal to do it.",誰がそのようなデバイスを構築できるかはわかりませんが、それを行うには確かに大量の金属が必要になります。
PROPQUEST_SCENARIO_INC_002447,The largest piece of unrefined metal in Saint Morning hangs off the head of the Lord Dumb Bull... Defeat the Lord and collect the Metallurgical Bull Ring!,セイントモーニングで最大の未精製の金属は、ロード・ダンブルの頭に付いている……。奴を倒して、メタリジカルブルリングを手に入れてくれ！
PROPQUEST_SCENARIO_INC_002448,I suppose we could collect scrap metal...,スクラップぐらいならすぐ集められると思いますが...
PROPQUEST_SCENARIO_INC_002449,You have found the ring!,指輪を見つけてくれたんですね！
PROPQUEST_SCENARIO_INC_002450,Hunt down the Lord Dumb Bull and take its ring.,ロード・ダンブルを狩り、そのリングを手に入れる。
PROPQUEST_SCENARIO_INC_002451,Collect a Metallurgical Bull Ring from the Lord Dumb Bull.,ロード・ダンブルからメタリジカルブルリングを入手する。
PROPQUEST_SCENARIO_INC_002452,Ring of Power,力の指輪
PROPQUEST_SCENARIO_INC_002453,I only know of the ring's metallurgical properties. ,私はリングの冶金学的特性しか知りません。
PROPQUEST_SCENARIO_INC_002454,The Strange Collector may know more about what the bull ring can do.,ストレンジコレクターは、闘牛場が何ができるかについてもっと知っているかもしれません。
PROPQUEST_SCENARIO_INC_002455,Keakoon are not that scary...,ケアクーンはそれほど怖くありません..
PROPQUEST_SCENARIO_INC_002456,"*Snort* Well look at that, a Metallurgical Bull Ring! I will need to thank Parine later for sending you to me with this precious trophy.",*鼻を鳴らす*それをよく見てください、冶金学のブルリング!この貴重なトロフィーを送ってくれたパリーヌに後で感謝する必要があります。
PROPQUEST_SCENARIO_INC_002457,Go speak with the Strange Collector when you have a moment.,時間があるときにストレンジコレクターと話してください。
PROPQUEST_SCENARIO_INC_002458,Meet with the Strange Collector.,奇妙なコレクターと会う。
PROPQUEST_SCENARIO_INC_002459,Expert Metallurgist Colack,エキスパート冶金学者コラック
PROPQUEST_SCENARIO_INC_002460,"Hmmm, well I guess I will not get to keep the ring after all if it is needed to create a lightning rod.",うーん、まあ、避雷針を作るのに必要なら、結局指輪を飼うことはできないと思います。
PROPQUEST_SCENARIO_INC_002461,I have heard that ore from meteorites has an interesting reaction with the ring.,隕石からの鉱石はリングと興味深い反応を示すと聞いたことがあります。
PROPQUEST_SCENARIO_INC_002462,Colack from Saint City could certaintly craft such a device if you can find the rare ore!,セントシティのColackは、珍しい鉱石を見つけることができれば、そのようなデバイスを確実に作成できます!
PROPQUEST_SCENARIO_INC_002463,*Snarl* We will just have to weather the storm then...,*唸り声*それでは嵐を乗り切る必要があります..
PROPQUEST_SCENARIO_INC_002464,The Strange Collector was smart to send you to me. With the right materials we can create a lightning rod to protect the Saint City Station.,奇妙なコレクターはあなたを私に送るのに賢かった。適切な材料を使用して、セントシティステーションを保護するための避雷針を作成できます。
PROPQUEST_SCENARIO_INC_002465,Find Colack in Saint City and see if he can assist in crafting a lightning rod.,セントシティでコラックを見つけて、避雷針の作成を手伝ってくれるかどうかを確認してください。
PROPQUEST_SCENARIO_INC_002466,Speak with Colack in Saint City.,セントシティのコラックと話してください。
PROPQUEST_SCENARIO_INC_002467,Picking Up the Pieces,ピースを拾う
PROPQUEST_SCENARIO_INC_002468,There has been an influx of Meteoritill lately ever since a meteorite fell in the Fantasy Desert.,ファンタジー砂漠に隕石が落ちて以来、最近隕石が流入しています。
PROPQUEST_SCENARIO_INC_002469,"If I combine the Metallurgic Bull Ring, some Meteoritill, and Cardpuppet gears, I believe I can create a lightning rod strong enough to draw lightning away from the airships heading to Saint City!",冶金ブルリング、隕石、カードパペットのギアを組み合わせると、セントシティに向かう飛行船から稲妻を引き離すのに十分な強度の避雷針を作成できると思います!
PROPQUEST_SCENARIO_INC_002470,"Search for Meteoritill at the meteor crash site in the Fantasy Desert, and defeat Cardpuppets to retrieve their gears.",ファンタジー砂漠の流星墜落現場で隕石を探し、カードパペットを倒して装備を取り戻そう。
PROPQUEST_SCENARIO_INC_002471,"Meteoritill is safe to handle, I assure you...",隕石は安全に取り扱うことができます、私はあなたを保証します..
PROPQUEST_SCENARIO_INC_002472,"Wonderful! Now that we have all the materials, it is time to finally craft the lightning rod.",いいですね！すべての材料が揃ったので、いよいよ避雷針を作りましょう。
PROPQUEST_SCENARIO_INC_002473,Collect Meteoritill in the Fantasy Desert and gears from Cardpuppets.,ファンタジー砂漠で隕石を集め、カードパペットからギアを集めましょう。
PROPQUEST_SCENARIO_INC_002474,Collect 5 Meteoritill and 10 Cardpuppet Gears.,5つの隕石と10のカードパペットギアを収集します。
PROPQUEST_SCENARIO_INC_002475,Supercharged,スーパーチャー ジャー
PROPQUEST_SCENARIO_INC_002476,"Aha, we've done it! The lightning rod is complete!",ああ、やった!避雷針が完成しました!
PROPQUEST_SCENARIO_INC_002477,"Supercharge the lightning rod by visiting the Altar of Violet, then deliver the lightning rod to Tina and hope that it protects the Station.",バイオレットの祭壇を訪れて避雷針を過給し、避雷針をティナに届けて、それがステーションを保護することを願っています。
PROPQUEST_SCENARIO_INC_002478,Without power the lightning rod we've built has no use...,力がなければ、私たちが作った避雷針は役に立たない。
PROPQUEST_SCENARIO_INC_002479,Thank you for delivering the lightning rod! I believe with this installed our airships will be safe.,避雷針を届けてくれてありがとう!これを設置すれば、私たちの飛行船は安全になると思います。
PROPQUEST_SCENARIO_INC_002480,You cannot deliver the lightning rod until has been supercharged...,過給されるまで避雷針を届けることはできません。
PROPQUEST_SCENARIO_INC_002481,"Locate the Altar of Violet, supercharge the lightning rod, then report to Tina.",バイオレットの祭壇を見つけ、避雷針を過給してから、ティナに報告してください。
PROPQUEST_SCENARIO_INC_002482,Spark in the Dark,暗闇の中で火花
PROPQUEST_SCENARIO_INC_002483,"Something still bothers me... why are these storms happening at all? Maybe the Chairman of the History Society, Gothante, might know.",何かがまだ私を悩ませています...なぜこれらの嵐が起こっているのですか?たぶん、歴史協会の会長であるゴダンテは知っているかもしれません。
PROPQUEST_SCENARIO_INC_002484,"Seek out a forum with Gothante, and figure out what is going on with the weather.",ゴダンテとのフォーラムを探して、天気で何が起こっているのかを理解してください。
PROPQUEST_SCENARIO_INC_002485,"Well... at least the airships are safe for now. I wonder why all the bad weather, though?",まぁ。。少なくとも飛行船は今のところ安全です。しかし、なぜすべての悪天候なのかしら?
PROPQUEST_SCENARIO_INC_002486,The storms lately have raged on for far too long! I have a feeling I know what has caused these storms.,最近の嵐はあまりにも長い間猛威を振るっています!私はこれらの嵐の原因を知っていると感じています。
PROPQUEST_SCENARIO_INC_002487,Find Gothante and see if he knows what is happening with the weather.,ゴダンテを見つけて、天気で何が起こっているのか知っているかどうかを確認してください。
PROPQUEST_SCENARIO_INC_002488,Meet with Gothante.,ゴダンテと会う。
PROPQUEST_SCENARIO_INC_002489,Ishirut's Return?,イシルートの帰還?
PROPQUEST_SCENARIO_INC_002490,Over many years our society has collected rare texts that reveal the history of the world of Madrigal. Eons ago a god of lightning helped create this world. That god was named Ishirut. ,長年にわたり、私たちの社会はマドリガルの世界の歴史を明らかにする珍しいテキストを収集してきました。はるか昔、稲妻の神がこの世界を創造するのを助けました。その神はイシルトと名付けられました。
PROPQUEST_SCENARIO_INC_002491,"Perhaps ripples of Ishirut's spirit have returned to give us a sign, but I have no connection to the gods. Perhaps this is work for a mystic of sorts.",おそらくイシルートの精神の波紋が戻ってきてしるしを与えてくれたのかもしれませんが、私は神々とは何の関係もありません。おそらくこれはある種の神秘家のための仕事です。
PROPQUEST_SCENARIO_INC_002492,"I believe that YaoRin of the MewMew people has the power to reveal the truth, but the MewMew clan are distrusting of most humans. Anyway, I recommend you go speak with YaoRin and see if they are willing to cooperate. They are our best chance at learning what the gods are up to.",ミュウミュウ族のヤオリンには真実を明らかにする力があると思いますが、ミュウミュウ一族はほとんどの人間に不信感を抱いています。とにかく、YaoRinと話をして、彼らが協力してくれるかどうかを確認することをお勧めします。彼らは神々が何をしているのかを学ぶための私たちの最高のチャンスです。
PROPQUEST_SCENARIO_INC_002493,"While a bit standoffish, the MewMew clan is not that scary...",少しスタンドオフですが、ミュウミュー一族はそれほど怖くありません..
PROPQUEST_SCENARIO_INC_002494,"*Hmmph* So you were sent by that man Gothante. Even so, I do not trust you one bit.",*うーん*それで、あなたはその男ゴダンテによって送られました。それでも、私はあなたを少しも信用していません。
PROPQUEST_SCENARIO_INC_002495,Find YaoRin in the MewMew camp just outside the walls of western Saint City.,聖都市西部の城壁のすぐ外にあるミュウミューキャンプでヤオリンを見つけましょう。
PROPQUEST_SCENARIO_INC_002496,Speak to YaoRin.,ヤオリンと話してください。
PROPQUEST_SCENARIO_INC_002497,Remnant of Ishirut Part 2,イシルートの残党パート2
PROPQUEST_SCENARIO_INC_002498,YaoRin's Trust,ヤオリンの信頼
PROPQUEST_SCENARIO_INC_002499,"I see... you wish to see my powers of the mind. Well, the MewMew people are not very trusting of outsiders.",なるほど。。あなたは私の心の力を見たいのです。さて、ミュウミューの人々は部外者をあまり信頼していません。
PROPQUEST_SCENARIO_INC_002500,"If you really want to have a fortune read you will need permission from the leader of the MewMew clan, Locku. Before I will allow you to speak to Locku, you must prove yourself to me.",本当に占いを読ませたい場合は、ミュウミュウ一族のリーダーであるロックーの許可が必要です。私があなたにロックーと話すことを許す前に、あなたは私に自分自身を証明しなければなりません。
PROPQUEST_SCENARIO_INC_002501,"Prove your worth by bringing me the Hearts of Red Otem who reside in the Iblis Dungeon. If you can do that, then I will let you speak with our leader.",イブリスダンジョンに住むレッドオテムのハートを持ってきて、あなたの価値を証明してください。あなたがそれをすることができるなら、私はあなたに私たちのリーダーと話させます。
PROPQUEST_SCENARIO_INC_002502,If you cannot do a simple task then you are not worthy of to speak to the MewMew clan leader...,単純な作業ができない場合は、ミュウミュウ一族のリーダーと話す価値がありません。
PROPQUEST_SCENARIO_INC_002503,"We distrust you humans, but I see you have helped YaoRin in eliminating our mortal enemies, the Otems.",私たちはあなた方人間を信用していませんが、あなたはヤオリンが私たちの致命的な敵であるオテムを排除するのを助けたようです。
PROPQUEST_SCENARIO_INC_002504,Go find Hearts of the Red Otem in the Iblis Dungeon.,イブリスダンジョンで赤いオテムのハートを探しに行きましょう。
PROPQUEST_SCENARIO_INC_002505,Collect 3 Heart of Red Otem.,赤いオテムのハートを3つ集める。
PROPQUEST_SCENARIO_INC_002506,"Locku, Leader of the MewMew",ロックー、ミュウミュウのリーダー
PROPQUEST_SCENARIO_INC_002507,"I will share with you an explanation of our disdain for the Otems... We believe that eons ago, Otems stole the remaining power from an ancient god named Shelid that was a bastion of protection for this land long ago. ",オテムに対する私たちの軽蔑の説明をあなたと共有します。はるか昔、オテムスははるか昔、この土地の保護の要塞であったシェリッドという古代の神から残りの力を盗んだと信じています。
PROPQUEST_SCENARIO_INC_002508,"While you may have proven yourself enough to YaoRin to speak to me, you must further show that you are worthy to receive the MewMew clan's assistance.",ヤオリンが私に話しかけるのに十分なことを証明したかもしれませんが、ミュウミュウ一族の支援を受けるに値することをさらに示さなければなりません。
PROPQUEST_SCENARIO_INC_002509,"Thin the herd of Totemia that taint the Southern Hillid Mountains and destroy their leader. If you can take down the leader of the Totemia, then you have earned our trust enough for YaoRin's help... once.",南ヒリッド山脈を汚すトテミアの群れを薄くし、彼らのリーダーを破壊します。トテミアのリーダーを倒すことができれば、ヤオリンの助けのために私たちの信頼を得ています..。ある時。
PROPQUEST_SCENARIO_INC_002510,"If you refuse this task, the MewMew will not assist you in your mission.",このタスクを拒否した場合、ミュウミュウはあなたの任務を支援しません。
PROPQUEST_SCENARIO_INC_002511,You have earned the MewMew clan's trust... for now.,あなたはミュウミュウ一族の信頼を得ました。今のところ。
PROPQUEST_SCENARIO_INC_002512,Go defeat Totemia and eliminate their leader.,トテミアを倒し、彼らのリーダーを排除してください。
PROPQUEST_SCENARIO_INC_002513,Kill 20 Totemia and 1 Lord Totemia.,トーテミアを20体、ロード・トーテミアを1体倒す。
PROPQUEST_SCENARIO_INC_002514,The Third Eye Opens,第三の目が開く
PROPQUEST_SCENARIO_INC_002515,"I will grant you one reading, but I require special materials to perform the ritual.",私はあなたに1つの読書を許可しますが、私は儀式を行うために特別な材料を必要とします。
PROPQUEST_SCENARIO_INC_002516,Please bring me a Black Curse Book and 5 Black Heroca from the Garden of Rhisis.,リシスの庭から黒い呪いの本と5つの黒いヘロカを持ってきてください。
PROPQUEST_SCENARIO_INC_002517,"Do not fear the future, for it is inevitable.",未来を恐れないでください、それは避けられないからです。
PROPQUEST_SCENARIO_INC_002518,With these items I can perform the ritual to read from the fabric of time. We will finally know the true meaning of these storms!,これらのアイテムを使用して、時間の構造から読み取る儀式を行うことができます。私たちはついにこれらの嵐の本当の意味を知るでしょう!
PROPQUEST_SCENARIO_INC_002519,Search the Garden of Rhisis for a Black Curse Book and the Black Heroca plant.,リシスの園で黒い呪いの本と黒いヘロカの植物を探してください。
PROPQUEST_SCENARIO_INC_002520,Collect 5 Black Heroca and 1 Black Curse Book.,黒ヘロカ5冊と黒の呪いの本1冊を集める。
PROPQUEST_SCENARIO_INC_002521,Seeing the Light,光を見る
PROPQUEST_SCENARIO_INC_002522,"The murky darkness clouding our vision of the future clears up with the use of these special herbs, when combined with a powerful cursed item. It takes a toll on me every time...",未来のビジョンを曇らせている暗い闇は、強力な呪われたアイテムと組み合わせると、これらの特別なハーブを使用することでクリアされます。それは毎回私に負担をかけます..
PROPQUEST_SCENARIO_INC_002523,"The darkness is lifting! And the truth is just as I feared... remnants of the lightning god, Ishirut, have stirred, creating a powerful beast that hides in the stormy mountains of the Garden of Rhisis...",暗闇が解き放たれています!そして真実は私が恐れていた通りです..稲妻の神イシルートの残党がかき混ぜられ、リシスの庭の嵐の山々に隠れる強力な獣を生み出しました。
PROPQUEST_SCENARIO_INC_002524,"I am too weak from the ritual to do anything about the remnant of Ishirut, but here is a map that will lead you to where the creature is hiding.",私は儀式から弱すぎてイシルートの残党について何もできませんが、ここに生き物が隠れている場所にあなたを導く地図があります。
PROPQUEST_SCENARIO_INC_002525,Ishirut was known to be one of the most powerful beings in existence... fear of them is nothing to be ashamed of.,イシルートは、現存する中で最も強力な存在の一人として知られていました。彼らへの恐れは恥ずべきことではありません
PROPQUEST_SCENARIO_INC_002526,"Ah, the MewMew clan sent word of your arrival. I have been stationed outside this ruined temple to prevent travelers from facing death before their time has come. Inside are beasts of great power.",ああ、ミュウミュウ一族はあなたの到着の知らせを送りました。私はこの廃墟となった寺院の外に駐屯し、旅行者が時が来る前に死に直面するのを防ぎます。中には大きな力の獣がいます。
PROPQUEST_SCENARIO_INC_002527,Only enter if you feel truly prepared for a difficult challenge. I have heard rumors that the beast in the deepest part of the ruins holds a remnant of an ancient god's power.,困難な挑戦に本当に準備ができていると感じた場合にのみ参加してください。遺跡の最深部にいる獣には、古代の神の力の名残が残っているという噂を聞いたことがあります。
PROPQUEST_SCENARIO_INC_002528,Follow the map to find the creature's lair.,地図に従って、生き物の隠れ家を見つけてください。
PROPQUEST_SCENARIO_INC_002529,Find the lair of Ishirut's remnant.,イシルートの残党の隠れ家を見つけよう。
PROPQUEST_SCENARIO_INC_002530,Remnant of Ishirut Part 3,イシルートの残党パート3
PROPQUEST_SCENARIO_INC_002531,Jeepers Creepers,ジーパーズクリーパーズ
PROPQUEST_SCENARIO_INC_002532,"A small group recently went inside the catacombs, but have not returned in several hours. I fear they have fallen to whatever creatures may be inside. ",最近、小さなグループがカタコンベの中に入ったが、数時間戻ってこなかった。私は彼らが中にいるかもしれないどんな生き物にも落ちたのではないかと心配しています。
PROPQUEST_SCENARIO_INC_002533,"A thick webbing has appeared around the entrance, and I hear loud footsteps not far within the depths of the ruins.",入り口の周りに厚い水かきが現れ、遺跡の奥深くでそれほど遠くないところで大きな足音が聞こえます。
PROPQUEST_SCENARIO_INC_002534,Go inside and find out what happened to the group before you.,中に入って、あなたの前にグループに何が起こったのかを調べてください。
PROPQUEST_SCENARIO_INC_002535,Scared of a few spiders? Those poor adventurers...,いくつかのクモが怖いですか?あの哀れな冒険者たち..
PROPQUEST_SCENARIO_INC_002536,"I see... so you found only the remains of their armor. It is a shame what has happened, but you seem to be strong enough to continue pushing deeper into the ruins.",なるほど。。それで、あなたは彼らの鎧の残骸だけを見つけました。何が起こったのか残念ですが、あなたは廃墟の奥深くに押し込み続けるのに十分強いようです。
PROPQUEST_SCENARIO_INC_002537,Investigate the disappearance of the lost adventurers.,行方不明の冒険者の失踪を調査します。
PROPQUEST_SCENARIO_INC_002538,Collect 10 Clothing Scraps and 1 Broken Shield.,衣類の切れ端を10個、壊れた盾を1個集める。
PROPQUEST_SCENARIO_INC_002539,Over Encumbered,邪魔されすぎ
PROPQUEST_SCENARIO_INC_002540,"One thing still troubles me though... The thick webbing around the entrance can be explained by the spiders, but what creature could have such loud, stomping footsteps?",しかし、まだ1つのことが私を悩ませています..入り口の周りの厚い水かきはクモによって説明することができますが、どの生き物がそのような大声で踏み鳴らす足音を持つことができますか?
PROPQUEST_SCENARIO_INC_002541,Go deeper into the ruins and find out what is making that loud thumping noise.,廃墟の奥深くに行き、その大きなゴツゴツという音を立てているものを見つけてください。
PROPQUEST_SCENARIO_INC_002542,I won't blame you for avoing whatever beast awaits the next group of adventurers. It sounds big...,次の冒険者グループを待っている獣を犯したことであなたを責めるつもりはありません。それは大きく聞こえます..
PROPQUEST_SCENARIO_INC_002543,"Sadly it seems the adventurers all fell to the power of the the massive gorilla inside the ruins... I believe the group would have wanted you to finish what they set out to do. Here, take their belongings. Perhaps it will help.",悲しいことに、冒険者たちは皆、廃墟の中の巨大なゴリラの力に落ちたようです。グループはあなたに彼らがやろうとしていることを終えてほしかっただろうと私は信じています。ここで、彼らの持ち物を取ります。おそらくそれは役立つでしょう。
PROPQUEST_SCENARIO_INC_002544,Investigate the loud sound of footsteps within the catacombs.,カタコンベ内の大きな足音を調べます。
PROPQUEST_SCENARIO_INC_002545,Collect 10 Dungeoneer's Pack and 1 Broken Sword.,ダンジョンパック10個と壊れた剣1個を集める。
PROPQUEST_SCENARIO_INC_002546,Petrified Wood,珪化木
PROPQUEST_SCENARIO_INC_002547,"From the information we have available, the remnant of Ishirut hides in the very heart of the catacombs.",私たちが入手した情報から、イシルトの残骸はカタコンベのまさに中心に隠れています。
PROPQUEST_SCENARIO_INC_002548,"You have already made it further than the last group, keep pushing and find out what lies in store.",あなたはすでに最後のグループよりも進んでいます、プッシュし続けて、何が待ち受けているかを見つけてください。
PROPQUEST_SCENARIO_INC_002549,You've made it so far... why give up now?,あなたはここまでそれを成し遂げました..なぜ今あきらめるのですか?
PROPQUEST_SCENARIO_INC_002550,Fascinating! The bark from the large tree creature seems to have the symbol of Shelid etched on the surface... Does this mean that the catacombs were originally an altar to Shelid themself?,大きな木の生き物の樹皮は、表面にシェリッドのシンボルが刻まれているようです。これは、カタコンベがもともとシェリッド自身の祭壇であったことを意味しますか?
PROPQUEST_SCENARIO_INC_002551,"Investigate the the catacombs further, there is still more to see.",カタコンベをさらに調査すると、まだまだ見るべきものがあります。
PROPQUEST_SCENARIO_INC_002552,Collect 10 Tainted Root and 1 Cracked Bark of Shelid.,10個の汚染された根と1個のひびの入ったシェリッドの樹皮を集める。
PROPQUEST_SCENARIO_INC_002553,A Shocking Conclusion,衝撃的な結論
PROPQUEST_SCENARIO_INC_002554,So many mysteries still to unfold... but I believe you are now close to the heart of the catacombs.,まだ多くの謎が展開しています..しかし、あなたは今、カタコンベの中心に近いと思います。
PROPQUEST_SCENARIO_INC_002555,"Enter once more and clear out the remnant of Ishirut if you are capable of doing so. Prepare yourself before entering again, for I fear the beast within the depths of the ruins is far stronger than you could imagine.",もう一度入り、イシルトの残党を片付ければ、そうすることができます。再び入る前に準備をしてください、廃墟の奥にいる獣はあなたが想像できるよりもはるかに強いのではないかと私は恐れているからです。
PROPQUEST_SCENARIO_INC_002556,After all this effort... now is when you back away from danger?,このすべての努力の後..今はあなたが危険から離れるときですか?
PROPQUEST_SCENARIO_INC_002557,"What you have uncovered has tremendous impact on our knowledge of the past! Congratulations on making it through the deadly Rhisis Catacombs, and uncovering the secrets of the past.",あなたが発見したことは、過去の私たちの知識に多大な影響を及ぼします!致命的なリシスカタコンベを通り抜け、過去の秘密を明らかにしたことおめでとうございます。
PROPQUEST_SCENARIO_INC_002558,"Based on the evidence you have gathered, we believe that the Rhisis Catacombs were once a holy ground for the god of earth, Shelid.",あなたが集めた証拠に基づいて、私たちはリシスカタコンベがかつて地球の神シェリドの聖地であったと信じています。
PROPQUEST_SCENARIO_INC_002559,"Along the way, a feud between Shelid and Ishirut must have occurred, leaving behind remnants of both gods that empowered the masquerpets that would eventually call the catacombs their home.",途中で、シェリドとイシルトの間で確執が起こり、最終的にカタコンベを彼らの家と呼ぶことになる仮面舞踏会に力を与えた両方の神の残骸を残したに違いありません。
PROPQUEST_SCENARIO_INC_002560,"With the Temple Guardian eliminated, we can rest easy knowing that Saint City is safe again, thanks to you!",テンプルガーディアンが排除されたことで、あなたのおかげでセントシティが再び安全であることを知って安心できます!
PROPQUEST_SCENARIO_INC_002561,Eliminate the remnant of Ishirut and anything in your way to get there.,イシルトの残党とそこにたどり着くためにあなたの邪魔なものを排除してください。
PROPQUEST_SCENARIO_INC_002562,"Kill 20 Old Ruts, 10 Bolt Otem, and the Temple Guardian.",20の古い轍、10のボルトオテム、およびテンプルガーディアンを殺します。
PROPQUEST_SCENARIO_INC_002563,Envy Depths Part 1,羨望の深さパート1
PROPQUEST_SCENARIO_INC_002564,Pandora's Box,パンドラの箱
PROPQUEST_SCENARIO_INC_002565,"*Psst* Hey, you! Can you come help an old box like me?",*追伸*ねえ、あなた!私のような古い箱を手伝ってくれませんか?
PROPQUEST_SCENARIO_INC_002566,"I haven't seen an adventurer here in years, you must be tough. I was turned into this box a long time ago by an annoying clown... Could you help return me to my original form? I can help you become so much stronger if you do...",私はここで何年も冒険者を見ていません、あなたはタフでなければなりません。私はずっと前に迷惑なピエロによってこの箱に変えられました..元の形に戻すのを手伝ってくれませんか?あなたがそうするなら、私はあなたがとても強くなるのを助けることができます..
PROPQUEST_SCENARIO_INC_002567,*Cackle* Wonderful hahahaha! You can start by releasing the magic chains that bind me to this location. Collect a Corrupted Symbol of Shade from a Violet monster in Darkon 1.,*カックル*素晴らしいハハハハ!あなたは私をこの場所に縛り付けている魔法の鎖を解放することから始めることができます。ダーコン1のバイオレットモンスターから破損したシェードのシンボルを収集します。
PROPQUEST_SCENARIO_INC_002568,FOOL! You ignore the gifts of someone like me!? You will regret this...,ばか!あなたは私のような誰かの贈り物を無視します!?あなたはこれを後悔するでしょう..
PROPQUEST_SCENARIO_INC_002569,"Ahhh... I feel the first binding being released. One down, three to go.",ああ..。最初のバインディングがリリースされているのを感じます。1つ下がって、あと3つ。
PROPQUEST_SCENARIO_INC_002570,Your incompetence is pathetic... GO! Defeat a Violet masquerpet to release the first binding.,あなたの無能さは哀れです..行く！バイオレットのマスカペットを倒して最初のバインディングを解放します。
PROPQUEST_SCENARIO_INC_002571,Collect a Corrupted Symbol of Shade from a Violet masquerpet in Darkon 1.,ダーコン1のバイオレットモンスターから破損したシェードのシンボルを収集します。
PROPQUEST_SCENARIO_INC_002572,Throwing Shade,シェードを投げる
PROPQUEST_SCENARIO_INC_002573,Well you've proven yourself to have some strength at least. There are still three more bindings to shatter though.,さて、あなたは少なくともある程度の強さを持っていることを証明しました。ただし、粉砕するバインディングはまだ3つあります。
PROPQUEST_SCENARIO_INC_002574,"You won't find anymore Symbols of Shade with that same level of power. I don't care where you get them from, but bring me 5 normal Symbols of Shade to break the next binding. Symbols of Shade drop from Violet masquerpets.",同じレベルの力を持つシェードのシンボルはもう見つかりません。どこから入手してもかまいませんが、次のバインディングを壊すために5つの通常のシンボローフシェード持ってきてください。シェードのシンボルはバイオレットモンスターからドロップします。
PROPQUEST_SCENARIO_INC_002575,WHAT!? You don't trust me or something?,何！あなたは私か何かを信用していませんか?
PROPQUEST_SCENARIO_INC_002576,"Wahahahaha! You really are something, aren't you! I'm surprised you were powerful enough to take down so many Violet masquerpets. And with that, the second binding has been released!",ワハハハハ!あなたは本当に何かですよね!あなたがたくさんのバイオレットモンスターを倒すのに十分強力だったことに驚いています。そしてそれに伴い、第2弾バインディングがリリースされました!
PROPQUEST_SCENARIO_INC_002577,Can't you figure this out on your own? Go kill Violet masquerpets for their Symbols of Shade!,これを自分で理解できませんか?日陰のシンボルのためにバイオレットモンスターを殺しに行きましょう!
PROPQUEST_SCENARIO_INC_002578,Collect 5 Symbol of Shade from Violet masquerpets.,バイオレットモンスターからシェードのシンボルを5つ集めます。
PROPQUEST_SCENARIO_INC_002579,Font of Power,力のフォント
PROPQUEST_SCENARIO_INC_002580,I can feel my power slowly returning... HAHAHAHAHA! Yes... yes... time for another binding to be released!,私はゆっくりと私の力が戻ってくるのを感じることができます..ハハハハハ!はい。。はい。。別のバインディングがリリースされる時が来ました!
PROPQUEST_SCENARIO_INC_002581,Take the cup from inside my chest and fill it with the powers from the nearby Altar of Violet.,私の胸の中からカップを取り出し、近くのバイオレットの祭壇からの力で満たしてください。
PROPQUEST_SCENARIO_INC_002582,You could have had all the power... and now you will have nothing!,あなたはすべての力を持っていたかもしれません..そして今、あなたは何も持っていません!
PROPQUEST_SCENARIO_INC_002583,Ahhhh... Ahahahahaha... the weakness brought on from these bindings is finally being released. Just one binding left...,ああ..あははははこれらの束縛からもたらされた弱点がついに解放されつつあります。たった1つのバインディングが残っています..
PROPQUEST_SCENARIO_INC_002584,"You're wasting time! Go to the Altar of Violet, now!!",あなたは時間を無駄にしています!今すぐバイオレットの祭壇に行こう!!
PROPQUEST_SCENARIO_INC_002585,Visit the Atlar of Violet in Darkon 1.,ダーコン1のバイオレットのアトラーを訪れてください。
PROPQUEST_SCENARIO_INC_002586,An Evil Set Free,解放された悪
PROPQUEST_SCENARIO_INC_002587,Just one binding is left... we must break it so I can grant you new strength!,バインドが1つだけ残っています。私はあなたに新しい力を与えることができるようにそれを壊さなければなりません!
PROPQUEST_SCENARIO_INC_002588,That foolish clown thought they hid his cache of power out of reach of my minions... HA! How wrong he was... Collect the cache and my bindings to this place will finally be broken! No one will be able to stop me either... unless that rat Reodos is still around.,あの愚かな道化師は、彼らが私の手下の手の届かないところに彼の力のキャッシュを隠したと思った..。ハ!彼がどれほど間違っていたか..キャッシュを集めると、この場所への私のバインディングがついに壊れます!誰も私を止めることはできません..そのネズミレオドスがまだ周りにいない限り。
PROPQUEST_SCENARIO_INC_002589,ARGH!! You must set me free!,なんて こった！！あなたは私を解放しなければなりません!
PROPQUEST_SCENARIO_INC_002590,Oh no... that Ancimys was one shackled by Bubble himself! It was once an ancient wizard with powerful black magic... this is very bad news.,ああ違います。。そのアンシミスはバブル自身によって束縛された人でした!それはかつて強力な黒魔術を持った古代の魔法使いでした..。これは非常に悪いニュースです。
PROPQUEST_SCENARIO_INC_002591,You are just as foolish as the clown... find his cache of power!,あなたはピエロと同じくらい愚かです..彼の力のキャッシュを見つけてください!
PROPQUEST_SCENARIO_INC_002592,Find the Cache of Bubble.,バブルのキャッシュを見つけます。
PROPQUEST_SCENARIO_INC_002593,Envy Depths Part 2,羨望の深さパート2
PROPQUEST_SCENARIO_INC_002594,The Black Magician Returns,ブラックマジシャンリターンズ
PROPQUEST_SCENARIO_INC_002595,Throughout history the Black Magician has changed from person to person... the two best known are Great Magician Loala and the one you've just released... Lapranche.,歴史を通して、黒魔術師は人から人へと変化しました。最もよく知られているのは、グレートマジシャンロアラとあなたがリリースしたばかりの2つです。ラプランシェ。
PROPQUEST_SCENARIO_INC_002596,"While Loala has stood down from her post as the Black Magician, Lapranche's mind was enslaved by Shade, and granted an incredible dark power...",ロアラが黒魔術師としての彼女のポストから立ち上がっている間、ラプランシュの心はシェイドによって奴隷にされ、信じられないほどの闇の力を与えられました..。
PROPQUEST_SCENARIO_INC_002597,"For a while we were safe with Lapranche sealed away by Bubble's magic, but Lapranche will surely send disasters our way to distract us while she builds her power back up.",しばらくの間、バブルの魔法によって封印されたラプランチェで安全でしたが、ラプランシェが力を回復している間、ラプランシェは確かに私たちの気をそらすために災害を送ります。
PROPQUEST_SCENARIO_INC_002598,You should go speak to the Mayor of Darken City as quickly as possible to see if anything has been reported...,できるだけ早くダーコン市長に相談して、何かが報告されていないかどうかを確認する必要があります。
PROPQUEST_SCENARIO_INC_002599,Check with the Mayor of Darken City and see if news of a disaster has been reported!,ダーコン市長に確認して、災害のニュースが報告されているかどうかを確認してください!
PROPQUEST_SCENARIO_INC_002600,"Whyyyy, why won't you help us? Are you secretly working with Shade!?",なぜ、なぜあなたは私たちを助けないのですか?シェイドと密かに仕事をしているのか!?
PROPQUEST_SCENARIO_INC_002601,So Lapranche was released from her prison after all these years... ,それで、ラプランシュはこれらすべての年の後に彼女の刑務所から釈放されました.. 
PROPQUEST_SCENARIO_INC_002602,Go speak with the Mayor of Darken City!,ダーコン市長と話してください!
PROPQUEST_SCENARIO_INC_002603,Report to the Mayor of Darken City.,ダーコン市長に報告してください。
PROPQUEST_SCENARIO_INC_002604,There's Something in the Water,水の中に何かがある
PROPQUEST_SCENARIO_INC_002605,"It was reported a few hours ago that a wall near where the Syliaca roam recently burst open, flooding the caves. Something this destructive has not happened in many years... I am certain this was caused by Lapranche's meddling.",数時間前に、シリアカが歩き回る場所の近くの壁が最近破裂し、洞窟が浸水したと報告されました。この破壊的なことは何年も起こっていません..これはラプランシュの干渉によって引き起こされたと確信しています。
PROPQUEST_SCENARIO_INC_002606,"I wish to investigate the matter, but I have to attend to my duties here in the city.",私はその件を調査したいのですが、私はこの街での職務に出席しなければなりません。
PROPQUEST_SCENARIO_INC_002607,Collect enough samples of Syliaca to see if the flood has caused any mutations in their DNA.,洪水がDNAに突然変異を引き起こしたかどうかを確認するために、シリアカの十分なサンプルを収集します。
PROPQUEST_SCENARIO_INC_002608,"Without your help, who knows when I'll have time to investigate this matter...",あなたの助けがなければ、私がこの問題を調査する時間がいつあるか誰が知っていますか..
PROPQUEST_SCENARIO_INC_002609,Fascinating! After analyzing the Syliaca samples it seems the water in the flood contains a magic component that affects the Syliaca's brain.,嬈！シリアカのサンプルを分析した後、洪水の水にはシリアカの脳に影響を与える魔法の成分が含まれているようです。
PROPQUEST_SCENARIO_INC_002610,The hormones of these Syliaca seem to affect how aggressive they will become. And their teeth are somehow much sharper than before...,これらのシリアカのホルモンは、彼らがどれほど攻撃的になるかに影響を与えるようです。そして、彼らの歯はどういうわけか以前よりもはるかに鋭いです..
PROPQUEST_SCENARIO_INC_002611,Collect 20 Syliaca DNA.,20個のシリアカDNAを収集します。
PROPQUEST_SCENARIO_INC_002612,The Hidden Cavern,隠された洞窟
PROPQUEST_SCENARIO_INC_002613,"If the water from the flood continues to affect the masquerpets in the Cave of Envy, soon they may become too strong for our forces to overcome. We must find the broken wall and see if a repair is possible.",洪水からの水が羨望の洞窟の仮面舞踏会に影響を与え続けるならば、すぐに彼らは私たちの力が克服するには強すぎるかもしれません。壊れた壁を見つけて、修理が可能かどうかを確認する必要があります。
PROPQUEST_SCENARIO_INC_002614,The hole must be near the Syliaca... find it and determine if the damage is reparable.,穴はシリアカの近くにある必要があります。それを見つけて、損傷が修復可能かどうかを判断します。
PROPQUEST_SCENARIO_INC_002615,"If we leave the break in the walls of the Cave of Envy for too long, this situation will become an even bigger disaster.",羨望の洞窟の壁の切れ目を長時間放置すると、この状況はさらに大きな災害になります。
PROPQUEST_SCENARIO_INC_002616,"So behind the wall seems to be a large, ornate cavern... What has Lapranche opened up to the world!?",壁の後ろには大きくて華やかな洞窟があるようです。ラプランシェは世界に何を切り開いたのか!?
PROPQUEST_SCENARIO_INC_002617,Find the damaged wall in the Cave of Envy.,羨望の洞窟で損傷した壁を見つけてください。
PROPQUEST_SCENARIO_INC_002618,Search for the damaged wall in the Cave of Envy.,羨望の洞窟で損傷した壁を探してください。
PROPQUEST_SCENARIO_INC_002619,Something Fishy,何か怪しい
PROPQUEST_SCENARIO_INC_002620,Thank you for finding the break in the wall... I have sent a guard to prevent unsuspecting travelers from entering the cavern.,壁の切れ目を見つけていただきありがとうございます。無防備な旅行者が洞窟に入るのを防ぐために警備員を派遣しました。
PROPQUEST_SCENARIO_INC_002621,I believe our next step will be to explore the cavern and see what Lapranche has unleashed upon us...,次のステップは、洞窟を探索し、ラプランシュが私たちに何を解き放ったかを確認することだと思います。
PROPQUEST_SCENARIO_INC_002622,Please travel back to the cavern and speak with the guard out front for your next assignment.,洞窟に戻り、次の任務のために正面の警備員と話してください。
PROPQUEST_SCENARIO_INC_002623,Oh... is there another assignment you are tied up with already?,おや。。あなたがすでに縛られている別の割り当てはありますか?
PROPQUEST_SCENARIO_INC_002624,"Hello there, I was expecting you.",こんにちは、私はあなたを期待していました。
PROPQUEST_SCENARIO_INC_002625,Seek out the guard in front of the Envy Depths.,羨望の深さの前で警備員を探してください。
PROPQUEST_SCENARIO_INC_002626,Meet with the guard outside the Envy Depths.,羨望の深さの外で警備員と会いましょう。
PROPQUEST_SCENARIO_INC_002627,Envy Depths Part 3,羨望の深さパート3
PROPQUEST_SCENARIO_INC_002628,Growing Gills,えらの成長
PROPQUEST_SCENARIO_INC_002629,"After being assigned to my post here in the Cave of Envy, I've witnessed dozens of Syliaca enter the waters of the cavern behind me. If what the mayor said is true... those Syliaca may have grown into something much stronger by now. An investigation is in order.",ここ羨望の洞窟の私のポストに割り当てられた後、私は何十ものシリアカが私の後ろの洞窟の海に入るのを目撃しました。市長の言ったことが本当なら..それらのシリアカは今でははるかに強いものに成長しているかもしれません。調査が必要です。
PROPQUEST_SCENARIO_INC_002630,Head inside the cavern behind me and find out what have happened to the Syliaca.,私の後ろの洞窟の中に向かい、シリアカに何が起こったのかを調べてください。
PROPQUEST_SCENARIO_INC_002631,You seem strong enough to handle a few empowered Syliaca... but maybe not.,あなたはいくつかの権限を与えられたシリアカを処理するのに十分強いようです..しかし、そうではないかもしれません。
PROPQUEST_SCENARIO_INC_002632,Very interesting... so the Syliaca have turned into Overgrown Sharks after ingesting the cavern's magic waters. I am curious what else may be living within the cavern...,非常に興味深い..そのため、シリアカは洞窟の魔法の水を摂取した後、生い茂ったサメに変わりました。洞窟の中に他に何が住んでいるのか興味があります。
PROPQUEST_SCENARIO_INC_002633,Find out what have become of the Syliaca that entered the cavern.,洞窟に入ったシリアカがどうなったかを調べてください。
PROPQUEST_SCENARIO_INC_002634,Kill 25 Overgrown Shark.,生い茂ったサメを25匹殺す。
PROPQUEST_SCENARIO_INC_002635,Poor Unfortunate Souls,かわいそうな不幸な魂
PROPQUEST_SCENARIO_INC_002636,"With the Overgrown Sharks out of the way, you can find out what lies deeper within the cavern.",生い茂ったサメが邪魔にならないように、洞窟の奥深くに何があるかを知ることができます。
PROPQUEST_SCENARIO_INC_002637,Go back inside the cavern and seek out what caused the Cave of Envy to flood.,洞窟の中に戻り、羨望の洞窟が氾濫した原因を探してください。
PROPQUEST_SCENARIO_INC_002638,"Don't give up now, you've nearly figured out the secret to this cave.",今あきらめないでください、あなたはこの洞窟の秘密をほぼ理解しました。
PROPQUEST_SCENARIO_INC_002639,It's incredible that life has been hidden here this whole time! It's a shame the Mermaid Beauties were so vicious. Likely influenced by the magical waters just as the Syliaca were.,人生がずっとここに隠されてきたのは信じられないほどです!マーメイドビューティーズがとても悪質だったのは残念です。おそらく、シリアカと同じように魔法の水の影響を受けています。
PROPQUEST_SCENARIO_INC_002640,Go deeper into the cavern.,洞窟の奥深くへ。
PROPQUEST_SCENARIO_INC_002641,Kill 25 Mermaid Beauty.,25人のマーメイドビューティーを殺します。
PROPQUEST_SCENARIO_INC_002642,Call of the Siren,セイレーンの呼び声
PROPQUEST_SCENARIO_INC_002643,I am curious if additional life lives within the cavern. Sadly whatever remains in the tainted waters has likely gone feral by now. More samples from the masquerpets within may reveal the true nature of what this place represents.,洞窟の中に追加の生命が住んでいるかどうか興味があります。悲しいことに、汚染された海に残っているものは何でも今では野生になっている可能性があります。内部の仮面舞踏会からのより多くのサンプルは、この場所が表すものの本質を明らかにするかもしれません。
PROPQUEST_SCENARIO_INC_002644,Go back inside the cavern and collect samples from any masquerpets that remain.,洞窟の中に戻り、残っているモンスターからサンプルを収集します。
PROPQUEST_SCENARIO_INC_002645,There's no time to worry over what you may encounter... Trust in your own power.,あなたが遭遇するかもしれないことを心配する時間はありません..。自分の力を信頼してください。
PROPQUEST_SCENARIO_INC_002646,"Wow, these artifacts are pulsing with power! No normal being could handle something like this without becoming corrupted. It appears as if these artifacts have been present here for hundreds or thousands of years...",うわー、これらのアーティファクトは力で脈動しています!普通の存在は、腐敗することなくこのようなことを処理することはできません。これらのアーティファクトは何百年も何千年もの間ここに存在していたようです。
PROPQUEST_SCENARIO_INC_002647,Collect samples from any remaining masquerpets that are in the cavern.,洞窟に残っているモンスターからサンプルを収集します。
PROPQUEST_SCENARIO_INC_002648,Collect 20 Echo of Herness.,ハーネスのエコーを20個集める。
PROPQUEST_SCENARIO_INC_002649,Davy Jones' Locker,デイヴィ・ジョーンズのロッカー
PROPQUEST_SCENARIO_INC_002650,No wonder Lapranche released the powers hidden within the Envy Depths... She has certainly bought time to work towards her own goals while you deal with this.,ラプランシュが羨望の深さに隠された力を解放したのも不思議ではありません。あなたがこれに対処している間、彼女は確かに彼女自身の目標に向かって働くための時間を稼いでいます。
PROPQUEST_SCENARIO_INC_002651,I believed the masquerpets that you gathered samples from were the last remaining creatures within the cavern... but certainly you hear the roar coming from within the cavern now?,あなたがサンプルを集めたマスカレットは、洞窟内に最後に残った生き物だと信じていました。しかし、確かにあなたは今洞窟の中から轟音が聞こえますか?
PROPQUEST_SCENARIO_INC_002652,"Only the roar of a mighty creature emanates the cavern now... Slay whatever beast is within. If you survive, deliver a report of your victory to the Mayor of Darken City.",強大な生き物の咆哮だけが今洞窟を発しています..。中にいる獣を殺します。生き残ったら、勝利の報告をダーコン市長に届けてください。
PROPQUEST_SCENARIO_INC_002653,That roar is terrifying... steel your emotions and return to me when you are ready to find out what it is.,その轟音は恐ろしいです..あなたの感情を鋼鉄にして、それが何であるかを知る準備ができたら私に戻ってください。
PROPQUEST_SCENARIO_INC_002654,So all along the sealed chamber was an altar to an ancient being... I suppose the myths of the water god Herness may be more than a myth after all.,ですから、密閉された部屋に沿って、古代の存在の祭壇がありました..。結局のところ、水の神ハーネスの神話は神話以上のものかもしれないと思います。
PROPQUEST_SCENARIO_INC_002655,"Well, with the Great Kraken defeated at least the danger that Lapranche brought to our feet has ended... for now.",さて、グレートクラーケンが敗北したことで、少なくともラプランシュが私たちの足元にもたらした危険は終わりました..。今のところ。
PROPQUEST_SCENARIO_INC_002656,I congratulate you on making it out of there alive. Expect the repercussions of releasing Lapranche to be upon us one day though...,生きてそこから抜け出したことを祝福します。しかし、ラプランシュをリリースすることの影響がいつか私たちに及ぶことを期待してください..。
PROPQUEST_SCENARIO_INC_002657,Head inside the Envy Depths and eliminate whatever is causing that awful noise.,羨望の深さの中に向かい、そのひどい騒音を引き起こしているものを排除してください。
PROPQUEST_SCENARIO_INC_002658,Kill the Great Kraken.,グレートクラーケンを殺す。
PROPQUEST_SCENARIO_INC_002659,The Twisted Sanctuary Part 1,ねじれた聖域パート1
PROPQUEST_SCENARIO_INC_002660,Bear's Endurance,クマの持久力
PROPQUEST_SCENARIO_INC_002661,There has been a disturbance in the flow of Madrigal's magic lately... I've heard rumors that an unsuspecting adventurer released the Black Magician from their prison. ,最近、マドリガルの魔法の流れに乱れがあります。無防備な冒険者が黒魔術師を刑務所から解放したという噂を聞いたことがあります。
PROPQUEST_SCENARIO_INC_002662,"The current Black Magician named Lapranche is also sometimes known as the Purple Magician. She has an incredible power that is lost to all of today's magicians, including myself. Lapranche can summon the will of Shade to cast Purple Magic, recreating parts of the world in Shade's image.",ラプランチェという名前の現在のブラックマジシャンは、パープルマジシャンとしても知られています。彼女は私を含む今日のすべての魔術師に失われている信じられないほどの力を持っています。ラプランシュはシェイドの意志を召喚してパープルマジックを唱え、シェイドのイメージで世界の一部を再現することができます。
PROPQUEST_SCENARIO_INC_002663,"As of now we stand no chance in a battle with Lapranche... even I have grown too weak to defeat her, my former pupil. She is certainly in a weakened state, so there is time to prepare. Expect Lapranche to bide her time by causing choas around Madrigal. For now we must build our strength.",今のところ、ラプランシェとの戦いにチャンスはありません。私でさえ、かつての弟子である彼女を打ち負かすには弱くなりすぎました。彼女は確かに弱体化した状態にあるので、準備する時間があります。ラプランシュがマドリガルの周りにチョアを引き起こすことによって彼女の時間を入札することを期待してください。今は力を築かなければなりません。
PROPQUEST_SCENARIO_INC_002664,"Before we move forward with the plan... I need you to prove that you are strong enough to fend for yourself. Bring me 50 Bearnerky Fang, then we can move forward with preparations.",計画を進める前に..私はあなたがあなた自身のために身を守るのに十分強いことを証明する必要があります。ベアナーキーファングを50個持ってきてくれれば、準備を進めましょう。
PROPQUEST_SCENARIO_INC_002665,"If we are not prepared, Lapranche could unleash evil more terrible than us mortals could ever hope to face.",私たちが準備ができていなければ、ラプランシュは私たち人間が直面することを望むよりも恐ろしい悪を解き放つ可能性があります。
PROPQUEST_SCENARIO_INC_002666,I hope you understand my hesitance... the power of Purple Magic is nothing to play with. We may start work on the plan now.,私の躊躇を理解していただければ幸いです。パープルマジックの力は遊ぶものではありません。今から計画に取り掛かるかもしれません。
PROPQUEST_SCENARIO_INC_002667,Go defeat Bearnerky until you have collected 50 Bearnerky Fang.,ベアナーキーの牙を50個集めるまで、ベアナーキーを倒してください。
PROPQUEST_SCENARIO_INC_002668,Collect 50 Bearnerky Fang.,ベアナーキーファングを50個集める。
PROPQUEST_SCENARIO_INC_002669,Brother in Arms,腕の中の兄弟
PROPQUEST_SCENARIO_INC_002670,"There is no hope in standing against Lapranche on our own. We must build an army of warriors, ensuring each is equipped with the weapons and armor needed to succeed.",私たちだけでラプランシュに立ち向かうことに希望はありません。私たちは戦士の軍隊を構築し、それぞれが成功するために必要な武器と鎧を装備していることを確認する必要があります。
PROPQUEST_SCENARIO_INC_002671,"In the Deadwallderness lives a smelter who has experience with unique requests. Tell Nein of our plan, and see what help he can offer.",デッドウォールダーネスには、ユニークなリクエストの経験を持つ製錬所が住んでいます。ネインに私たちの計画を伝え、彼が提供できる助けを見てください。
PROPQUEST_SCENARIO_INC_002672,"*Scoff* What, will you smelt the materials for equipment all on your own?",*嘲笑*何、あなたはすべて自分で機器の材料を製錬しますか?
PROPQUEST_SCENARIO_INC_002673,"So there's trouble... Well if Laola has sent you, I am much obliged to help if I can.",だから問題があります..ラオラがあなたを送ったのなら、私はできれば助ける義務があります。
PROPQUEST_SCENARIO_INC_002674,"Find Nein in the Deadwallderness, and see what he requires to help us equip an army.",デッドウォールダーネスでネインを見つけて、軍隊の装備を支援するために彼が何を必要としているかを確認してください。
PROPQUEST_SCENARIO_INC_002675,Speak with Nein.,ネインと話してください。
PROPQUEST_SCENARIO_INC_002676,Tough as Steel,鋼のように頑丈
PROPQUEST_SCENARIO_INC_002677,"Based on Laola's instructions, you'll need to help me gather enough metal scraps for a small army... That might take a while.",ラオラの指示に基づいて、あなたは私が小さな軍隊のために十分な金属スクラップを集めるのを手伝う必要があるでしょう..。しばらく時間がかかる場合があります。
PROPQUEST_SCENARIO_INC_002678,"To get started on the crafting materials for an army of armor, collect 200 of the Muffrin's metal buckets.",鎧の軍隊の材料の作成を開始するには、マフリンの金属製のバケツを200個集めます。
PROPQUEST_SCENARIO_INC_002679,Finding the right metals will be difficult on your own...,適切な金属を見つけることはあなた自身では難しいでしょう..
PROPQUEST_SCENARIO_INC_002680,Thank you for your efforts. I know gathering this much metal must have taken a toll on you.,あなたの努力に感謝します。これだけの金属を集めることは、あなたに負担をかけたに違いありません。
PROPQUEST_SCENARIO_INC_002681,Collect 200 buckets from the Muffrins that roam the Deadwallderness.,デッドウォールダーネスを歩き回るマフリンからバケツを200個集める。
PROPQUEST_SCENARIO_INC_002682,Collect 200 Muffrin Bucket.,マフリンバケツを200個集める。
PROPQUEST_SCENARIO_INC_002683,High Quality Goods,高品質の商品
PROPQUEST_SCENARIO_INC_002684,Smelting all this metal down for use will take a while. You may want to find an armorsmith to determine what else will be needed until I finish my work.,使用のためにこのすべての金属を製錬するにはしばらく時間がかかります。私が仕事を終えるまで、他に何が必要かを判断するために、鎧細工師を見つけることをお勧めします。
PROPQUEST_SCENARIO_INC_002685,Out in the Village of Kan there is a talented craftsman named Chenbing Khan who can guide you further.,カンの村には、チェンビン・カーンという才能ある職人がいて、あなたをさらに導くことができます。
PROPQUEST_SCENARIO_INC_002686,"Well you could just wait here... but time is ticking, better to get other tasks out of the way.",さて、あなたはここで待つことができます..しかし、時間は刻々と過ぎており、他のタスクを邪魔にならないようにする方が良いです。
PROPQUEST_SCENARIO_INC_002687,"It's nice Nein thinks enough of me to send you my way. I run a humble armor shop here in my village, and know all the secrets of how to improve simple weapons into deadly munitions.",ネインが私のことを十分に考えてくれて、あなたを私の道に送ってくれるのはいいことです。私はここ村で謙虚な鎧屋を経営しており、単純な武器を致命的な弾薬に改良する方法のすべての秘密を知っています。
PROPQUEST_SCENARIO_INC_002688,Go find Chenbing in the Village of Kan and give him a hand collecting crafting materials.,カンの村でチェンビンを探しに行き、クラフト材料を集める手を渡してください。
PROPQUEST_SCENARIO_INC_002689,Speak with Chenbing.,チェンビンと話してください。
PROPQUEST_SCENARIO_INC_002690,The Twisted Sanctuary Part 2,ねじれた聖域パート2
PROPQUEST_SCENARIO_INC_002691,Gotta Catch Them All,それらをすべてキャッチする必要があります
PROPQUEST_SCENARIO_INC_002692,"We won't be able to craft any armor until Nein has completed smelting the Muffrin's buckets into something suitable. But once Nein is complete, we will need several materials only found from rare creatures known as Catchers.",ネインがマフリンのバケツを適切なものに製錬し終えるまで、鎧を作ることはできません。しかし、ネインが完成したら、キャッチャーと呼ばれる珍しい生き物からしか見つけられないいくつかの材料が必要になります。
PROPQUEST_SCENARIO_INC_002693,"Catchers can be found all over Madrigal, but luckily for you all the most common catchers appear in Darkon 3. Collect 500 of each Catcher's material, then head back to Nein to collect the smelted metal.",キャッチャーはマドリガルのいたるところにありますが、幸いなことに、最も一般的なキャッチャーはすべてダーコン3に登場します。各キャッチャーの材料を500個集めてから、ネインに戻って製錬された金属を集めます。
PROPQUEST_SCENARIO_INC_002694,Collecting materials from Catchers is quite simple... I have a book on how to gather them in my tent if you need a reference.,キャッチャーから材料を集めるのはとても簡単です。参考資料が必要な場合、テントに集める方法についての本があります。
PROPQUEST_SCENARIO_INC_002695,Perfect timing! I just finished smelting down all the metal into something of use.,完璧なタイミング!私はちょうどすべての金属を何か使えるものに製錬し終えました。
PROPQUEST_SCENARIO_INC_002696,"Catchers are rare, but Darkon 3 has them all. Keep looking, and make sure to equip your Collector weapon to harvest a Catcher after you defeat it.",キャッチャーはまれですが、ダーコン3にはそれらすべてがあります。探し続け、コレクターの武器を装備して、キャッチャーを倒した後にキャッチャーを収穫してください。
PROPQUEST_SCENARIO_INC_002697,"Collect 500 Erons, Krasec, Mineral, and Guru.",エロン、クラセック、鉱物、グルを500個集める。
PROPQUEST_SCENARIO_INC_002698,Crafting an Army,軍隊を作る
PROPQUEST_SCENARIO_INC_002699,"With the smelting complete, it's time to craft an army's worth of armor!",製錬が完了したら、軍隊に相当する鎧を作りましょう!
PROPQUEST_SCENARIO_INC_002700,"Alright, head back to Chenbing. Work with him to start crafting the armor we'll need to win the battle against Lapranche!",よし、チェンビンに戻る。彼と協力して、ラプランシュとの戦いに勝つために必要な鎧を作り始めましょう!
PROPQUEST_SCENARIO_INC_002701,Crafting is tough work. It's not for everybody.,クラフトは大変な作業です。それは皆のためではありません。
PROPQUEST_SCENARIO_INC_002702,"Well done, we have everything needed to bolster an army of adventurers against the Black Magician!",よくやった、私たちは黒魔術師に対して冒険者の軍隊を強化するために必要なすべてを持っています!
PROPQUEST_SCENARIO_INC_002703,Head back to Chenbing to help craft armaments.,チェンビンに戻り、兵器の作成を手伝ってください。
PROPQUEST_SCENARIO_INC_002704,Meet with Chenbing.,チェンビンと会う。
PROPQUEST_SCENARIO_INC_002705,A Loud Bang!,大きなバン!
PROPQUEST_SCENARIO_INC_002706,Look at all this steel. We'll have an army up and running in no time!,このすべての鋼を見てください。すぐに軍隊を立ち上げて稼働させます!
PROPQUEST_SCENARIO_INC_002707,"*BANG* Wha... What was that!? Perhaps the battle has already begun? Quickly, go speak with Loala to figure out what is going on!",*バン*うわー..何でしたか！。おそらく戦いはすでに始まっていますか?すぐに、ロアラと話して、何が起こっているのかを理解してください!
PROPQUEST_SCENARIO_INC_002708,Just a while longer and we'll have enough armor to equip a proper militia!,もう少しすれば、適切な民兵を装備するのに十分な装甲を手に入れることができます!
PROPQUEST_SCENARIO_INC_002709,Chenbing was smart to send you to me... surely you felt the tremors after that loud bang.,チェンビンはあなたを私に送るのが賢かった..確かにあなたはその大きな強打の後に震えを感じました。
PROPQUEST_SCENARIO_INC_002710,Speak with Loala to find out what caused that loud noise.,ロアラと話して、その大きな音の原因を調べてください。
PROPQUEST_SCENARIO_INC_002711,Meet with Laola.,ラオラと会う。
PROPQUEST_SCENARIO_INC_002712,Shot Through the Heart,心を撃ち抜く
PROPQUEST_SCENARIO_INC_002713,"A hole in the heart of the Guardiane Sanctuary has been torn asunder! Purple magic has ripped open a portal to a sad, twisted version of the once peaceful haven.",ガーディアンサンクチュアリの中心部にある穴が引き裂かれました!紫の魔法は、かつて平和だった避難所の悲しい、ねじれたバージョンへのポータルを引き裂きました。
PROPQUEST_SCENARIO_INC_002714,"Reports show that all the inhabitants were killed and raised as bloodthirsty masquerpets... this is no doubt the doing of Lapranche. She is causing chaos to bide time, just as we expected!",報告によると、すべての住民が殺され、血に飢えた仮面劇として育てられました。これは間違いなくラプランシュの行動です。彼女は私たちが予想したように、時間を入札するために混乱を引き起こしています!
PROPQUEST_SCENARIO_INC_002715,For now we must pause our preparations to deal with the twisted Guardiane Sanctuary.,今のところ、私たちはねじれたガーディアンサンクチュアリに対処するための準備を一時停止しなければなりません。
PROPQUEST_SCENARIO_INC_002716,A guard has been posted out front of the portal... go speak with them. Prepare to clear out the Guardiane Sanctuary.,ポータルの前に警備員が配置されています。彼らと話してください。ガーディアンサンクチュアリを一掃する準備をしてください。
PROPQUEST_SCENARIO_INC_002717,"Are you really so weak as to run away from danger, after all you've done!?",やっぱり危険から逃げるほど弱いの!?
PROPQUEST_SCENARIO_INC_002718,Laola sent word of your arrival. The events that Lapranche have put into place are tragic... all the inhabitants of the Guardiane Sanctuary are dead. And yet... they live.,ラオラはあなたの到着の知らせを送りました。ラプランシュが実施した出来事は悲劇的です。ガーディアンサンクチュアリのすべての住民は死んでいます。それなのに。。彼らは生きています。
PROPQUEST_SCENARIO_INC_002719,"Go find the guard posted outside the Guardiane Sanctuary portal, in the heart of Guardiane.",ガーディアンの中心部にあるガーディアンサンクチュアリポータルの外に配置された警備員を探しに行きましょう。
PROPQUEST_SCENARIO_INC_002720,Speak with the Guardiane Sanctuary guard.,ガーディアンサンクチュアリの警備員と話してください。
PROPQUEST_SCENARIO_INC_002721,The Twisted Sanctuary Part 3,ねじれた聖域パート3
PROPQUEST_SCENARIO_INC_002722,A Potent Mist,強力な霧
PROPQUEST_SCENARIO_INC_002723,A horde of the dead have arisen inside the sanctuary... ,聖域内には死者の大群が出現した。 
PROPQUEST_SCENARIO_INC_002724,Your first order of duty is to eliminate the dead and find any clues that may lead to Lapranche.,あなたの最初の義務は、死者を排除し、ラプランシュにつながる可能性のある手がかりを見つけることです。
PROPQUEST_SCENARIO_INC_002725,Do not feel guilty for slaying the creatures inside. They are long dead now.,中の生き物を殺すことに罪悪感を感じないでください。彼らは今長い間死んでいます。
PROPQUEST_SCENARIO_INC_002726,"Well done on clearing out the dead. Oh, and what's this? Interesting... a vial of purple mist. Could the mist be connected to the Purple Magic that Lapranche is said to practice?",死者を一掃するのによくやった。ああ、これは何ですか?面白いね。。紫色の霧の小瓶。霧は、ラプランシュが実践していると言われている紫の魔法に関連しているのでしょうか?
PROPQUEST_SCENARIO_INC_002727,"Clear out the undead minions inside the sanctuary, and search for any clue that could help us find Lapranche.",聖域内のアンデッドの手下を一掃し、ラプランシュを見つけるのに役立つ手がかりを探してください。
PROPQUEST_SCENARIO_INC_002728,"Kill 30 Regal Kumai, 30 Enchanted Rider, and find the Vial of Purple Mist.",リーガルクマイ30人、エンチャントライダー30人を殺し、紫の霧のバイアルを見つけましょう。
PROPQUEST_SCENARIO_INC_002729,Purple Reign,パープル・レイン
PROPQUEST_SCENARIO_INC_002730,Often potent magic leaves behind a trail in its wake of destruction. If Purple Magic was used to destroy the Guardiane Sanctuary... the people inside that turned into those creatures may have a small essence of purple energy still hanging on.,多くの場合、強力な魔法は破壊の結果として痕跡を残します。パープルマジックがガーディアンサンクチュアリを破壊するために使用された場合..それらの生き物に変わった内部の人々は、紫色のエネルギーの小さなエッセンスがまだぶら下がっているかもしれません。
PROPQUEST_SCENARIO_INC_002731,"Return to the ruins of the Guardiane Sanctuary, and collect the purple essence left behind on the bodies of the creatures within.",ガーディアンサンクチュアリの廃墟に戻り、中の生き物の体に残された紫色のエッセンスを集めてください。
PROPQUEST_SCENARIO_INC_002732,Little is known about the effects of Purple Magic on the body... a healthy fear of it may be for the best.,パープルマジックの体への影響についてはほとんど知られていません。それに対する健康的な恐れは最善かもしれません。
PROPQUEST_SCENARIO_INC_002733,"The evidence is clear... the only magician powerful enough to cast Purple Magic of this potency is the Purple Magician herself, Lapranche.",証拠は明らかです。この効力のパープルマジックを唱えるのに十分強力な唯一の魔術師は、パープルマジシャン自身、ラプランシュです。
PROPQUEST_SCENARIO_INC_002734,Destroy the Enchanted AI and Enchanted Shaman in the twisted Guardiane Sanctuary to obtain 20 Purple Essence.,ねじれたガーディアンサンクチュアリでエンチャントされたAIとエンチャントされたシャーマンを破壊して、20パープルエッセンスを入手してください。
PROPQUEST_SCENARIO_INC_002735,Collect 20 Purple Essence from Enchanted AI and Enchanted Shaman.,エンチャントされたAIとエンチャントされたシャーマンから20個のパープルエッセンスを収集します。
PROPQUEST_SCENARIO_INC_002736,Keeper of the Kingdom,王国の番人
PROPQUEST_SCENARIO_INC_002737,Lapranche has certainly slowed down our efforts to build a force that can oppose her. It's likely that the previous Keeper of the Sanctuary was transformed like all the others...,ラプランシェは確かに、彼女に対抗できる力を構築するための私たちの努力を遅らせました。以前の聖域の番人は他のすべての人と同じように変身した可能性があります..
PROPQUEST_SCENARIO_INC_002738,"The Keeper was a force to be reckoned with, the second in command of the protective force that guarded the Guardiane Sanctuary. If the Keeper still remains... it will be a formidable challenge.",キーパーは考慮すべき力であり、ガーディアンサンクチュアリを守っていた保護部隊の2番目の指揮官でした。キーパーがまだ残っている場合..それは手ごわい挑戦になるでしょう。
PROPQUEST_SCENARIO_INC_002739,"You have already done so much to help uncover the truth of the Purple Magician's terrible crimes. Defeat the Keeper if you are able... and please, be careful.",あなたはすでに紫の魔術師の恐ろしい犯罪の真実を明らかにするのを助けるためにたくさんのことをしました。可能であればキーパーを倒してください..そして、注意してください。
PROPQUEST_SCENARIO_INC_002740,"The Keeper stood guard over the grounds of the Guardiane Sanctuary, and dealt with intruders abruptly. Defeating the Keeper is a challenge even you may not be ready to handle.",キーパーはガーディアンサンクチュアリの敷地を警備し、侵入者を突然処理しました。キーパーを倒すことは、あなたが対処する準備ができていなくても挑戦です。
PROPQUEST_SCENARIO_INC_002741,"Your strength is nearly beyond belief... You are a true hero, down to the very core of who you are. The Pyramid Keeper was also a hero... and now a hero who can rest.",あなたの強さはほとんど信じられないほどです..あなたは、あなたが誰であるかの核心に至るまで、真のヒーローです。ピラミッドキーパーもヒーローでした..そして今、休むことができるヒーロー。
PROPQUEST_SCENARIO_INC_002742,"Carefully scout the grounds of the twisted Guardiane Sanctuary, and defeat whatever remains of the Pyramid Keeper.",ねじれたガーディアンサンクチュアリの敷地を注意深く偵察し、ピラミッドキーパーの残骸をすべて倒します。
PROPQUEST_SCENARIO_INC_002743,Destroy the Pyramid Keeper.,ピラミッドキーパーを破壊する。
PROPQUEST_SCENARIO_INC_002744,Raiders of the Lost Sanctuary,レイダース・オブ・ザ・ロスト・サンクチュアリ
PROPQUEST_SCENARIO_INC_002745,Lapranche has twisted this once peaceful haven into the distorted Guardiane Sanctuary that you see before you. Your strength has carried you to do deeds that many others would be unable to stomach.,ラプランシュは、かつて平和だったこの天国を、目の前に見える歪んだガーディアンサンクチュアリにねじ込みました。あなたの力は、他の多くの人々が腹を立てることができないであろう行為をするようにあなたを運びました。
PROPQUEST_SCENARIO_INC_002746,"With great honor, you have put to rest those cursed by the power of the Purple Magician. In eternal rest, Shade's curse can no longer harm them.",大きな名誉をもって、あなたは紫の魔術師の力によって呪われた人々を休ませました。永遠の休息では、シェイドの呪いはもはや彼らを傷つけることはできません。
PROPQUEST_SCENARIO_INC_002747,"Within the walls of the Guardiane Sanctuary, there was one guardian that acted as the last defense against evil that dared to approach. In hundreds of years of service, the Pyramid Guardian never faced defeat... until now.",ガーディアンサンクチュアリの壁の中には、あえて近づこうとする悪に対する最後の防御として機能する1人のガーディアンがいました。何百年もの奉仕の中で、ピラミッドガーディアンは決して敗北に直面しませんでした。これまでは。
PROPQUEST_SCENARIO_INC_002748,"The last bastion of Guardiane stands within the deformed heart before you. Its tattered muscles move to protect the twisted realm, though no life remains behind its eyes.",ガーディアンの最後の砦は、あなたの目の前の変形した心の中に立っています。そのボロボロの筋肉は、ねじれた領域を保護するために動きますが、目の後ろに生命は残っていません。
PROPQUEST_SCENARIO_INC_002749,"This barbaric curse sickens me... Put the Pyramid Guardian to rest, then report back to Laola.",この野蛮な呪いは私をうんざりさせます..ピラミッドガーディアンを休ませてから、ラオラに報告してください。
PROPQUEST_SCENARIO_INC_002750,For all but the Purple Magician... little hope may remain for those who enter into a battle with such a powerful warrior.,紫の魔術師を除くすべてのために..そのような強力な戦士との戦いに入る人々にはほとんど希望が残っていないかもしれません。
PROPQUEST_SCENARIO_INC_002751,"So it is done... thank you for laying to rest those cursed by the Purple Magician. It's selfish, but I truly do not wish harm upon Lapranche, only for her to be free from Shade's curse...",だからそれは行われます..紫の魔術師に呪われた人々を休ませてくれてありがとう。わがままですが、私は本当にラプランシュに危害を加えることを望んでいません、彼女がシェイドの呪いから解放されることだけを望んでいます..。
PROPQUEST_SCENARIO_INC_002752,"I intend to find a way to stop Lapranche without destroying her entirely... but in the end, we have no choice but to stop her now.",私は彼女を完全に破壊することなくラプランシェを止める方法を見つけるつもりです..しかし、結局、私たちは今彼女を止めるしかありません。
PROPQUEST_SCENARIO_INC_002753,"Guardiane needs time to heal, but soon we will speak again about the plan at hand. The army of Madrigal will rise again to defeat Shade and her puppet Lapranche.",ガーディアンが癒すのに時間が必要ですが、すぐに目前の計画についてもう一度話します。マドリガルの軍隊は、シェイドと彼女の傀儡ラプランシュを倒すために再び立ち上がるでしょう。
PROPQUEST_SCENARIO_INC_002754,"Seek out what remains of the Pyramid Guardian, and put it to rest.",ピラミッドガーディアンに残っているものを探し出し、それを休ませてください。
PROPQUEST_SCENARIO_INC_002755,Destroy the Pyramid Guardian.,ピラミッドガーディアンを破壊する。
PROPQUEST_SCENARIO_INC_002756,A New Weapon Part 1,新しい武器パート1
PROPQUEST_SCENARIO_INC_002757,Rankashu's Request,ランカシュの依頼
PROPQUEST_SCENARIO_INC_002758,I don't know why I am telling you this... but sometimes I think back to the mighty beast Clockworks that us Dwarpets built to protect Madrigal long ago.,なぜ私があなたにこれを言っているのかわかりません..しかし、時々、私たちドワーペットがマドリガルを守るために建てた強大な獣クロックワークスを思い出すことがあります。
PROPQUEST_SCENARIO_INC_002759,"You are a powerful warrior... you may have even fought Clockworks at its prison in Darken City. But did you know Clockworks was once used to defend all life from the evils of the Goddess Shade? Shade corrupted our creation, turning the Clockworks against the world for her own desires.",強力な戦士よ...。あなたはダークンシティのクロックワークス永久牢獄で奴と戦ったことがあるかもしれないが。「クロックワークス 」は女神シェイドの悪から全ての生命を守る為に使われていたらしい。シェードは我々の創造物を崩壊させた。自分の欲望のために世界を敵に回したんだ。
PROPQUEST_SCENARIO_INC_002760,My family is long gone now... but they always told tales about how Clockworks was built from mechanical parts formed in the mines around Madrigal.,私の家族はもうずっといなくなっています..しかし、彼らは常に、マドリガル周辺の鉱山で形成された機械部品から時計製作所がどのように構築されたかについての話をしました。
PROPQUEST_SCENARIO_INC_002761,"It's a long shot, but I want to try and seek out any lost parts from back then that may have been left behind in the mines. I haven't been successful in finding anything during my stay here at the Dekane Mine, but I've heard there is a mine deep in the mountains of Azria...",ロングショットですが、鉱山に残された可能性のある当時の失われた部品を探してみたいと思います。デカネ鉱山に滞在している間は何も見つかりませんでしたが、アズリアの山奥に鉱山があると聞いています。
PROPQUEST_SCENARIO_INC_002762,"I think there may be lost technology hidden in the Azria Mine that may allow us to create something that could one day rid the world of Shade's cursed creatures, the masquerpets.",アズリア鉱山には失われた技術が隠されているかもしれないので、いつの日かシェイドの呪われた生き物である仮面舞踏会の世界を取り除くことができる何かを作ることができるかもしれません。
PROPQUEST_SCENARIO_INC_002763,Would you go find someone in Azria who may know more about the mine hidden in the mountains?,アズリアで、山に隠された鉱山についてもっと知っているかもしれない誰かを探しに行きますか?
PROPQUEST_SCENARIO_INC_002764,Thank you for helping me... it's rare that I work with humans who are so willing. Please go to the Azria Village and find someone who knows about the Azria Mine.,私を助けてくれてありがとう..これほど意欲的な人間と一緒に仕事をすることはめったにありません。アズリア村に行って、アズリア鉱山について知っている人を見つけてください。
PROPQUEST_SCENARIO_INC_002765,I'm not surprised... humans were never good to us Dwarpets anyway.,私は驚かない..とにかく、人間は私たちドワーペットにとって決して良くありませんでした。
PROPQUEST_SCENARIO_INC_002766,"Hello warrior, so you want to know more about the mines here in Azria?",こんにちは戦士、それであなたはここアズリアの鉱山についてもっと知りたいですか?
PROPQUEST_SCENARIO_INC_002767,Speak to someone in Azria Village who knows about the Azria Mine.,アズリア鉱山について知っているアズリア村の誰かと話してください。
PROPQUEST_SCENARIO_INC_002768,Find and speak with Mawrang in Azria Village.,アズリア村でマウランを見つけて話してください。
PROPQUEST_SCENARIO_INC_002769,Fresh Mountain Air,フレッシュマウンテンエア
PROPQUEST_SCENARIO_INC_002770,"For many years the mine that sits atop the Azria mountains was run by a group of Dwarpets. The export of crystals from the mine allowed us to build this village in the first place, long long ago. ",何年もの間、アズリア山脈の頂上にある鉱山はドワーペットのグループによって運営されていました。鉱山からの結晶の輸出により、そもそもこの村を建設することができました。
PROPQUEST_SCENARIO_INC_002771,"Not only did the crystals help defend Azria Village from the monsters outside these walls, but they were once used to give life to a mechanical beast that the Dwarpets used to fight against Shade's army.",クリスタルは、これらの壁の外のモンスターからアズリア村を守るのに役立つだけでなく、かつてドワーペットがシェイドの軍隊と戦うために使用した機械的な獣に命を与えるために使用されていました。
PROPQUEST_SCENARIO_INC_002772,"Rankashu probably wonders what is left of the mine's powerful crystals, and what may have been left behind by his people...",蘭川はおそらく、鉱山の強力な結晶が何を残しているのか、そして彼の人々が残したものは何なのか疑問に思っているでしょう。
PROPQUEST_SCENARIO_INC_002773,"There is a guard outside the entrance to the Storm Peak where the Azria Mine is located, let him know that Mawrang has sent you and he may allow you to step inside the mine to search for clues.",アズリア鉱山があるストームピークの入り口の外に警備員がいて、マウランがあなたを送ったことを彼に知らせてください、そして彼はあなたが手がかりを探すために鉱山の中に足を踏み入れることを許可するかもしれません。
PROPQUEST_SCENARIO_INC_002774,Those are do not seek knowledge may never know true wisdom...,知識を求めない人は、真の知恵を知ることは決してないかもしれません。
PROPQUEST_SCENARIO_INC_002775,"Oh hello, it's rare to see visitors way up here. I see, so Mawrang sent you to investigate the mine. ",こんにちは、ここに訪問者がいるのを見るのはめったにありません。なるほど、それでマウランは鉱山の調査にあなたを送りました。
PROPQUEST_SCENARIO_INC_002776,Find the Storm Peak Guard.,ストームピークガードを見つけます。
PROPQUEST_SCENARIO_INC_002777,Speak to the Storm Peak Guard.,ストームピークガードに話しかけてください。
PROPQUEST_SCENARIO_INC_002778,Winter is Coming,冬が来ています
PROPQUEST_SCENARIO_INC_002779,"Storm Peak mountain has been closed off for many years... I am stationed here to prevent anyone from going inside. Terrifying masquerpets have overrun the place, and as far as I know no one has been able to safely step inside for a long time.",ストームピーク山は何年もの間閉鎖されています..私は誰も中に入るのを防ぐためにここに駐在しています。恐ろしい仮面舞踏会がその場所をオーバーランさせており、私の知る限り、誰も長い間安全に中に足を踏み入れることができませんでした。
PROPQUEST_SCENARIO_INC_002780,"If you really want to go inside, you'll need to prove that you can handle the strongest masquerpets in Azria. Those found within the Storm Peak are even more dangerous...",本当に中に入れたい場合は、アズリアで最強のマスカペットを扱えることを証明する必要があります。ストームピーク内で見つかったものはさらに危険です..
PROPQUEST_SCENARIO_INC_002781,Eliminate 200 Mammoth to prove that you can handle the dangers within the Storm Peak.,マンモスを200匹排除して、ストームピーク内の危険に対処できることを証明します。
PROPQUEST_SCENARIO_INC_002782,The Storm Peak mine is too dangerous anyway...,とにかくストームピーク鉱山は危険すぎます..
PROPQUEST_SCENARIO_INC_002783,You actually managed to kill that many Mammoths!? Well if that is the case... I think it's time to let you test your fate inside the Storm Peak mountain.,あんなに多くのマンモスを殺せたの!?もしそうなら..ストームピーク山の中であなたの運命を試してもらう時が来たと思います。
PROPQUEST_SCENARIO_INC_002784,Eliminate 200 Mammoths as proof of your strength.,あなたの強さの証拠として200マンモスを排除します。
PROPQUEST_SCENARIO_INC_002785,Kill 200 Mammoths.,マンモスを200匹倒す。
PROPQUEST_SCENARIO_INC_002786,Lost Kin,ロストキン
PROPQUEST_SCENARIO_INC_002787,"I wish you the best on your journey, however just know that the Storm Peak is terrifying. Only step foot within if you are truly prepared.",私はあなたがあなたの旅で最高であることを願っています、しかしただストームピークが恐ろしいことを知ってください。あなたが本当に準備ができている場合にのみ、中に足を踏み入れてください。
PROPQUEST_SCENARIO_INC_002788,"Many dangers lie ahead... but I trust you to take them head on and emerge victorious, warrior. Enter the Storm Peak and find out what lies ahead.",多くの危険が待ち受けています。しかし、私はあなたが彼らを正面から受け止め、勝利を収めると信じています、戦士。ストームピークに入り、その先にあるものを見つけてください。
PROPQUEST_SCENARIO_INC_002789,"It is not too late to turn back, entering the Storm Peak is almost certain death.",引き返すのに遅すぎることはありません、ストームピークに入ることはほぼ確実な死です。
PROPQUEST_SCENARIO_INC_002790,Heh!? What is one of your kind doing here? I haven't seen any living creatures other than these puppets of Shade for years now...,あわや！。あなたの種類の1つはここで何をしていますか?私は何年もの間、これらのシェイドの人形以外の生き物を見ていません..
PROPQUEST_SCENARIO_INC_002791,Head inside the Storm Peak when you are ready.,準備ができたら、ストームピークの中へ向かいます。
PROPQUEST_SCENARIO_INC_002792,Speak with Rankashin.,ランカシンと話してください。
PROPQUEST_SCENARIO_INC_002793,A New Weapon Part 2,新しい武器パート2
PROPQUEST_SCENARIO_INC_002794,A Harey Situation,ハリーの状況
PROPQUEST_SCENARIO_INC_002795,So a Dwarpet named Rankashu sent you to look for scraps that could be used to build another weapon... interesting. I have lived my life reflecting on the effects of the last time the Dwarpets made a weapon... the Clockworks.,そこで、ランカシュという名前のドワーペットが、別の武器を作るために使用できるスクラップを探すためにあなたを送りました..。面白いね。私はドワーペットが最後に武器を作ったときの影響を反映して人生を生きてきました..。時計仕掛け。
PROPQUEST_SCENARIO_INC_002796,"Creating the Clockworks weapon brought Madrigal salvation... until Shade turned our weapon against us. The Clockworks rampaged throughout the lands, destroying villages and the people who lived in them. Clockworks was eventually contained... but is no longer a threat to Shade.",時計の武器を作ることはマドリガルに救いをもたらしました..シェイドが私たちの武器を私たちに向けるまで。時計仕掛けは土地全体に暴れ回り、村とそこに住んでいた人々を破壊しました。時計仕掛けは最終的に封じ込められました。しかし、もはやシェイドにとって脅威ではありません。
PROPQUEST_SCENARIO_INC_002797,"All the other Dwarpets have long died or left the Storm Peak... but perhaps with your help, we can gather materials to build a new weapon to stop Shade once and for all.",他のすべてのドワーペットは長い間死んだか、ストームピークを去りました..しかし、おそらくあなたの助けを借りて、私たちはシェイドを完全に止めるための新しい武器を構築するための材料を集めることができます。
PROPQUEST_SCENARIO_INC_002798,Frozen Hare Guards have completely blocked off the path leading deeper within the mountains. If you can take down their leader we can make a foothold further ahead.,フローズン・ヘア・ガードが、山奥に続く道を完全に封鎖している。彼らのリーダーを倒せば、さらに先に進む足がかりが手に入るだろう。
PROPQUEST_SCENARIO_INC_002799,You were my one hope of continuing work on a new weapon... please reconsider.,あなたは新しい武器の仕事を続けるという私の唯一の希望でした..再考してください。
PROPQUEST_SCENARIO_INC_002800,Well done! With the Frozen Hare Assassin out of the way we can continue to explore.,よし！フローズン・ヘア・アサシンのがいなくなった。これで探索を続けることができる。
PROPQUEST_SCENARIO_INC_002801,"Eliminate 30 Frozen Hare Guards and their leader, the Frozen Hare Assassin.",フローズン・ヘア・ガードとそのリーダーであるフローズン・ヘア・アサシンを30体討伐する。
PROPQUEST_SCENARIO_INC_002802,Kill 30 Frozen Hare Guard and 1 Frozen Hare Assassin.,フローズン・ヘア・ガード30体と、フローズン・ヘア・アサシンを1体討伐
PROPQUEST_SCENARIO_INC_002803,Building a Weapon,武器を作る
PROPQUEST_SCENARIO_INC_002804,With the guards out of our hair we can start collecting supplies to start building a brand new weapon! ,警備員が髪の毛から抜け出したら、新しい武器を作り始めるための物資を集め始めることができます!
PROPQUEST_SCENARIO_INC_002805,The Enraged Yetti and Saphyryan Hounds that live in the valley below have weapons and armor we can use to forge the basis of a mechanical beast like Clockworks.,下の谷に住む激怒したイエッティとサフィリアンハウンドは、クロックワークスのような機械的な獣の基礎を築くために使用できる武器と鎧を持っています。
PROPQUEST_SCENARIO_INC_002806,"Head down to the valley and collect Yetti Hammers and Hound Harnesses, they'll come in handy for crafting...",谷に向かい、イエッティハンマーとハウンドハーネスを集めると、クラフトに役立ちます。
PROPQUEST_SCENARIO_INC_002807,The hounds only bite a little bit...,猟犬はほんの少し噛むだけです..
PROPQUEST_SCENARIO_INC_002808,"Yes, this will do nicely! I can start forging a new Clockworks with these materials. But there's one thing we're missing...",はい、これはうまくいきます!私はこれらの材料で新しい時計仕掛けを作り始めることができます。しかし、私たちが見逃していることが1つあります..
PROPQUEST_SCENARIO_INC_002809,Collect Yetti Hammers and Hound Harnesses from the masquerpets in the valley below.,下の谷の仮面舞踏会からイエッティハンマーとハウンドハーネスを集めてください。
PROPQUEST_SCENARIO_INC_002810,"Collect 30 Yetti Hammers from the Enraged Yetti, and 15 Hound Harness from the Saphyryan Hounds.",激怒したイエッティからイエッティハンマーを30個、サフィリアンハウンドからハウンドハーネスを15個集めます。
PROPQUEST_SCENARIO_INC_002811,Army of the Dead,アーミー・オブ・ザ・デッド
PROPQUEST_SCENARIO_INC_002812,"These armaments are a good foundation to work off of for now... but to bring a new Clockworks to life, we need a powerful core of energy. ",これらの兵器は、今のところ作業するための良い基盤です..しかし、新しい時計仕掛けに命を吹き込むには、強力なエネルギーのコアが必要です。
PROPQUEST_SCENARIO_INC_002813,"When the masquerpets invaded Storm Peak, the Crystal Demon Lord led an army of undead deep within the mountains and sealed away the last known energy core produced by my people...",モンスターがストームピークに侵入したとき、クリスタル魔王は山の奥深くにアンデッドの軍隊を率いて、私の人々によって生成された最後の既知のエネルギーコアを封印しました..。
PROPQUEST_SCENARIO_INC_002814,"The Demon Lord hides behind its skeletal minions, so to even have a chance at retriving the energy core we will need to eliminate the Skeletal Militants along with the Skeleton General.",魔王はその骨格の手先の後ろに隠れているので、エネルギーコアを取り戻すチャンスを得るには、スケルトン将軍と一緒に骨格過激派を排除する必要があります。
PROPQUEST_SCENARIO_INC_002815,The Skeletal Militants are formidable foes. The Skeleton General is said to use sharp blades affixed to its back to rip through anything that gets in its way.,スケルタルミリタントは手ごわい敵です。スケルトン将軍は、背中に取り付けられた鋭い刃を使用して、邪魔になるものをすべて引き裂くと言われています。
PROPQUEST_SCENARIO_INC_002816,There's no way we can get to the Demon Lord without first killing its minions...,最初にその手下を殺さずに魔王に到達する方法はありません..。
PROPQUEST_SCENARIO_INC_002817,Your power is tremendous! With your help I have made more progress in creating a new Clockworks than I have in my years out here on my own.,あなたの力は途方もないです!あなたの助けを借りて、私はここで一人で過ごした年よりも新しい時計仕掛けの作成においてより多くの進歩を遂げました。
PROPQUEST_SCENARIO_INC_002818,You couldn't find the Skeletal Militants and their general? Head to the valley far below.,骸骨の過激派とその将軍を見つけることができませんでしたか?はるか下の谷に向かいます。
PROPQUEST_SCENARIO_INC_002819,Kill 80 Skeletal Militants and the Skeleton General.,80人の骨格過激派とスケルトン将軍を倒す。
PROPQUEST_SCENARIO_INC_002820,Weapon of the Future,未来の武器
PROPQUEST_SCENARIO_INC_002821,The dream of building a new weapon to defend Madgrial is starting to feel real. The only thing standing in our way is the Crystal Demon Lord.,マドリガルを守るために新しい武器を作るという夢が現実に感じ始めています。私たちの邪魔をしているのはクリスタル魔王だけです。
PROPQUEST_SCENARIO_INC_002822,"Go collect the Clockworks Core that the Crystal Demon Lord has been guarding all these years. Once you've collected the Clockworks Core, I'm sure that Rankashu would appreciate an update on your progress...",クリスタル魔王がここ数年守ってきた時計のコアを集めに行きましょう。時計のコアを集めたら、蘭川があなたの進捗状況の最新情報をいただければ幸いです。
PROPQUEST_SCENARIO_INC_002823,Without the Clockworks Core there is no hope to build a new weapon.,クロックワークスコアがなければ、新しい武器を作ることはできません。
PROPQUEST_SCENARIO_INC_002824,"This is incredible!!! My kin was in Storm Peak all along... and a Clockworks Core was being guarded there, too!? Perhaps the future of Madrigal is brighter than I thought...",これは信じられません！！！私の親族はずっとストームピークにいました..。時計のコアも守られていた!?もしかしたら、マドリガルの未来は思ったより明るいのかもしれない。
PROPQUEST_SCENARIO_INC_002825,"I will spend my days trying to understand this Clockworks Core, perhaps one day Rankashin and I will successfully create the strongest Clockworks of all time!",私はこのクロックワークスコア、おそらくいつかランカシンを理解しようと日々を過ごし、史上最強のクロックワークスを成功裏に作成します!
PROPQUEST_SCENARIO_INC_002826,Destroy the Crystal Demon Lord so I may finally bring a new Clockworks into the world!,クリスタル魔王を倒して、ついに新しい時計仕掛けを世界に持ち込むことができます!
PROPQUEST_SCENARIO_INC_002827,"Defeat the Crystal Demon Lord to obtain the Clockworks Core, then return to Rankashu in Darkon.",クリスタル魔王を倒してクロックワークスコアを手に入れ、ダーコンのランカシュに戻ります。
PROPQUEST_SCENARIO_INC_002828,Hael's Swords,ハエルの剣
PROPQUEST_SCENARIO_INC_002829,Altars of a Dark Clown,闇の道化師の祭壇
PROPQUEST_SCENARIO_INC_002830,"Hidden within the walls of the Mars Mine are altars decorated with the symbol of the evil clown goddess, Shade. ",火星鉱山の壁には、邪悪な道化師の女神シェイドのシンボルで飾られた祭壇が隠されています。
PROPQUEST_SCENARIO_INC_002831,Go visit the mine and see what I mean. The altars all have the symbol of Shade's corruption scattered nearby.,鉱山に行って、私が何を言いたいのか見てください。祭壇にはシェイドの堕落の象徴が散りばめられている。
PROPQUEST_SCENARIO_INC_002832,"Your curiosity will not go unpunished... to reveal the nature of Shade's power, you must defeat her elite guards within the Mars Mine.",あなたの好奇心は罰せられません..シェイドの力の正体を明らかにするには、火星鉱山で彼女のエリートガードを倒す必要があります。
PROPQUEST_SCENARIO_INC_002833,Perhaps this is where your story ends...,おそらく、あなたの物語はここで終わります..。
PROPQUEST_SCENARIO_INC_002834,"Ah, I can tell you were successful in slaying Shade's elite guards. You're covered in her corrupted energy.",ああ、シェイドの精鋭警備員を倒すことに成功したのは確かだ。あなたは彼女の堕落したエネルギーに覆われています。
PROPQUEST_SCENARIO_INC_002835,Being in contact with this much purple magic has been known to cause memory loss... perhaps someone with knowledge of these magics could help you before you go mad.,これほどの紫の魔法に触れると、記憶喪失を引き起こすことが知られています。もしかしたら、これらの魔法の知識を持つ誰かが、あなたが発狂する前にあなたを助けてくれるかもしれません。
PROPQUEST_SCENARIO_INC_002836,Find and eliminate Shade's elite henchmen within the Mars Mine.,火星鉱山でシェイドのエリート手下を見つけて排除する。
PROPQUEST_SCENARIO_INC_002837,Kill the elite masquerpets upon each of their altars within the Mars Mine.,火星鉱山の祭壇にいるエリートの仮面舞踏会を倒す。
PROPQUEST_SCENARIO_INC_002838,A Reunion to Remember,思い出に残る再会
PROPQUEST_SCENARIO_INC_002839,Oh you've returned... at least I think I remember you.,ああ、戻ってきたのね。少なくとも私はあなたのことを覚えていると思います。
PROPQUEST_SCENARIO_INC_002840,"You brought me something? Oh, it's a drink... I shouldn't trust you, but for some reason I don't sense any animosity in your aura. I'll take a drink in honor of our reunion today.",何か持ってきてくれたの?ああ、飲み物だ。信用しちゃいけないのに、なぜかオーラに敵意を感じない。今日は再会を記念して一杯飲もう。
PROPQUEST_SCENARIO_INC_002841,Well it was nice to see you again...,まあ、またお会いできてうれしかったです..
PROPQUEST_SCENARIO_INC_002842,"It's all coming back, all the years. A lifetime of adventures are now clear... thanks to you. ",何年にもわたって、すべてが戻ってきます。冒険の生涯は今明確です..おかげさまで 
PROPQUEST_SCENARIO_INC_002843,"Though I can never repay you for restoring my memories, I hope this gift will show my appreciation. Here, take my blades...",私の記憶を取り戻してくれたあなたには恩返しできませんが、この贈り物が私の感謝の気持ちを示すことを願っています。さあ、私の刃を取って..
PROPQUEST_SCENARIO_INC_002844,"Don't worry about me, hero. With my memories in tact again, I can finally fight back against the one who took my mind...",私のことは心配しないで、ヒーロー。記憶を取り戻した私は、ついに私の心を奪った者に対して反撃することができる。
PROPQUEST_SCENARIO_INC_002845,Will you let me sip from the cup again?,もう一度コップから飲ませてもらえますか?
PROPQUEST_SCENARIO_INC_002846,Help restore Hael's memories.,ヘイルの記憶を取り戻すのを手伝ってください。
PROPQUEST_SCENARIO_INC_002847,King of Beasts,百獣の王
PROPQUEST_SCENARIO_INC_002848,Venomous Vendetta,毒々しい復讐
PROPQUEST_SCENARIO_INC_002849,"Have you heard of the legendary King of the Beasts? Brace yourself, adventurer, for he is not one to be easily defeated.",伝説の百獣王について聞いたことがありますか?冒険者よ、気を引き締めろ、彼は簡単に倒せるような人間ではない。
PROPQUEST_SCENARIO_INC_002850,"Before you can even set foot in the presence of the King, you must navigate through a winding path teeming with a vicious monsters.",王様の前に足を踏み入れる前に、凶暴なモンスターが跋扈する曲がりくねった道を進む必要があります。
PROPQUEST_SCENARIO_INC_002851,"Venture forth and cleanse The Wilds of the fearsome cobras and their master, the Twinstrike Den Mother. Clearing an opening will grant you the breathing space needed to strategize and prepare for what's to come.",荒野から恐ろしいコブラとその主人であるツインストライク・デン・マザーを浄化せよ。隙を空けることで、戦略を立て、これから起こることに備えるために必要な息抜きのスペースが与えられます。
PROPQUEST_SCENARIO_INC_002852,"Should a mere handful of these snakes cast doubt upon your resolve, the prospect of facing Beast King Khan becomes a distant dream!",ほんの一握りの蛇があなたの決意に疑問を投げかければ、獣王カーンと対峙する可能性は遠い夢になります!
PROPQUEST_SCENARIO_INC_002853,"With the serpents vanquished, your valor shines brightly, hero. Savor a brief rest, but keep your mind sharp, for another battle awaits when you re-enter the untamed Wilds!",蛇を打ち負かした今、あなたの勇気は明るく輝きます、英雄。束の間の休息を味わってください、しかし、あなたが手つかずの荒野に再び入ったときに別の戦いが待っているので、あなたの心を鋭くしてください!
PROPQUEST_SCENARIO_INC_002854,"Stay focused, adventurer. Venture back to the Wilds, and press on until the Prismatic Cobras and Twinstrike Den Mother are no more.",冒険者よ、集中しろ。荒野に戻り、プリズム・コブラとツインストライク・デン・マザーがいなくなるまで進みましょう。
PROPQUEST_SCENARIO_INC_002855,"Defeat 60 Prismatic Cobra, the Twinstrike Den Mother, then 60 Twinstrike Cobra.",プリズム・コブラ、ツインストライク・デン・マザーを60体倒し、次にツインストライク・コブラを60体倒す。
PROPQUEST_SCENARIO_INC_002856,Tale of Tanuki,タヌキの物語
PROPQUEST_SCENARIO_INC_002857,"The fight through the Wilds has only just begun. Armed with your newfound experience in the Wilds, you're ready to confront something even more perilous.",荒野での戦いはまだ始まったばかりです。荒野で新たに得た経験を武器に、さらに危険なものに立ち向かう準備が整いました。
PROPQUEST_SCENARIO_INC_002858,Return to the Wilds and face the army of Tanuki warriors who stand as guardians of the King's lush garden.,荒野に戻り、王の緑豊かな庭園の守護者として立っているタヌキの戦士の軍隊に立ち向かいます。
PROPQUEST_SCENARIO_INC_002859,"The last fight certainly tested your mettle. Rest for a while, and let me know when you are ready to proceed.",最後の戦いは確かにあなたの気概を試しました。しばらく休んで、準備ができたら教えてください。
PROPQUEST_SCENARIO_INC_002860,The King's army has begun to dwindle! Only the most powerful of his guardians remain to defend him.,王の軍隊が減り始めました!彼を守るために残っているのは、彼の守護者の中で最も強力な者だけです。
PROPQUEST_SCENARIO_INC_002861,"You're so close to victory adventurer, do not give up hope. Defeat the Tanuki, and march ever closer to the King's chambers.",あなたは勝利の冒険者に近づきました、希望をあきらめないでください。タヌキを倒し、王の部屋に近づく。
PROPQUEST_SCENARIO_INC_002862,Defeat 60 Tanuki Enforcer and the Tanuki Protector.,タヌキエンフォーサーとタヌキプロテクターを60体倒す。
PROPQUEST_SCENARIO_INC_002863,Defying the Mystic Monarch,神秘的な君主に挑む
PROPQUEST_SCENARIO_INC_002864,The time has come to face King Beast Khan's most powerful allies!,ビーストカーン王の最強の味方に立ち向かう時が来ました!
PROPQUEST_SCENARIO_INC_002865,"Deep within the camp of the Wildwoods dwells a potent species of beast known as the Wildwood Stalkers. They are lead by the mysterious Wildwood Shaman, a being believed to imbue them with corrupted magics.",ワイルドウッズのキャンプの奥深くには、ワイルドウッドストーカーとして知られる強力な獣の種が住んでいます。彼らは、堕落した魔法を吹き込むと信じられている謎のワイルドウッドシャーマンに率いられています。
PROPQUEST_SCENARIO_INC_002866,To challenge the Wildwood without being thoroughly prepared would be a grave mistake.,万全の準備をせずにワイルドウッドに挑むのは、重大な過ちです。
PROPQUEST_SCENARIO_INC_002867,"The Wildwood have truly fallen!? Well done, hero! Only the King now stands in your path!",ワイルドウッドは本当に堕ちた!?よくやった、ヒーロー!今、あなたの行く手を阻むのは王様だけです!
PROPQUEST_SCENARIO_INC_002868,"The Wildwood are a fearsome species. Persevere, and keep pressing forward!",ワイルドウッドは恐ろしい種です。辛抱強く、前進し続けてください!
PROPQUEST_SCENARIO_INC_002869,Defeat 60 Wildwood Stalker and the Wildwood Shaman.,ワイルドウッド・ストーカーとワイルドウッド・シャーマンを60体倒す。
PROPQUEST_SCENARIO_INC_002870,Conquering the King,王を征服する
PROPQUEST_SCENARIO_INC_002871,"Beast King Khan, the sovereign of the Wilds, holds dominion over all the untamed creatures dwelling within its depths. His fury befalls any who dare venture too close to his inner sanctum.",荒野の君主である獣王カーンは、その深淵に棲むすべての手つかずの生き物を支配しています。彼の怒りは、彼の内なる聖域に近づきすぎる勇気のある者に降りかかる。
PROPQUEST_SCENARIO_INC_002872,"Legend speaks of the King's chambers as housing extraordinary treasures, granting those who uncover them unparalleled power. Are you prepared to test the truth of these legends?",伝説によると、王の部屋には並外れた宝物が収められており、それを発見した者には比類のない力が与えられます。これらの伝説の真実をテストする準備はできていますか?
PROPQUEST_SCENARIO_INC_002873,"Your time has come to confront the King, hero. Stand against the mighty King Beast Khan, and collect the spoils of your brave endeavors!",英雄である王に立ち向かう時が来ました。強大なビーストカーン王に立ち向かい、勇敢な戦いの戦利品を集めましょう!
PROPQUEST_SCENARIO_INC_002874,Take all the time you require to make your preparations. The Beast King will surely remain within.,準備に必要なすべての時間をかけてください。獣王はきっとその中に残るだろう。
PROPQUEST_SCENARIO_INC_002875,"Astounding, hero! You've vanquished the very King of Beasts himself!",驚異的、英雄!百獣の王を倒した!
PROPQUEST_SCENARIO_INC_002876,Return to me if you emerge victorious against Beast King Khan.,獣王カーンに勝利したら、私のところに戻ってきてください。
PROPQUEST_SCENARIO_INC_002877,Collect the Oversized Heart from Beast King Khan.,獣王カーンから特大のハートを集める。
PROPQUEST_SCENARIO_INC_002878,Flyff's 20 year anniversary,Flyff 20周年記念
PROPQUEST_SCENARIO_INC_002879,The Beginnings,はじまりの物語
PROPQUEST_SCENARIO_INC_002880,"Happy 20 year anniversary! Why don't you let me take you on a leisurely trip through a little history in celebration? As a reward, my mayor friends and I will reward you with a special glow.",20周年おめでとう！お祝いに、少しばかり歴史を振り返る、のんびりとした旅に連れて行ってあげようか？報酬として、私と仲間の市長たちから特別な輝きを贈らせてもらうよ。
PROPQUEST_SCENARIO_INC_002881,"The rest of the city mayors and I will guide you through some iconic Flyff experiences, and tell you about some milestones.",私や他の街の市長たちが、Flyffの象徴的な出来事を案内し、いくつかの節目について教えてあげよう。
PROPQUEST_SCENARIO_INC_002882,"The first and biggest milestone this 20 year old game hit was the grand opening, this month 20 years ago in Japan!",この20年の歴史を持つゲームにとって、最初にして最大の節目は、20年前のこの月、日本でのグランドオープンだった！
PROPQUEST_SCENARIO_INC_002883,"As you might expect, the world of Madrigal looked quite different at that time... I was still a newly elected mayor! My only friends were the mayors of Saint City and Darken back then.",想像通り、当時のマドリガルの世界は今とはかなり違っていたよ……。私もまだ、選ばれたばかりの新米市長だった！当時の友人といえば、セイントシティとダーコンの市長くらいのものだったな。
PROPQUEST_SCENARIO_INC_002884,"You know, the only continents that were formed at that time were Flaris, Saint Morning, The Garden of Rhisis, and Darkon 1. If you'd like to see some pictures, check out the article on our website.",当時形成されていた大陸は、フラリス、セイントモーニング、リシスの庭園、ダーコン1のみだったんだ。写真が見たければ、公式サイトの記事をチェックしてみてくれ。
PROPQUEST_SCENARIO_INC_002885,"Now, why don't you go kill some Aibatts for old time's sake and come back to me?",さあ、昔を懐かしんでアイバットでも狩ってきて、私のところへ戻ってきてはどうだい？
PROPQUEST_SCENARIO_INC_002886,I'll be waiting!,待っているよ！
PROPQUEST_SCENARIO_INC_002887,"Well, that's a shame. Happy anniversary anyway!",そうか、それは残念だ。それでも、おめでとう！
PROPQUEST_SCENARIO_INC_002888,Nice! This is nostalgic... It's been a while since I've seen an Aibatt kill mission.,いいね！懐かしいな……アイバット討伐の依頼を見るのは久しぶりだ。
PROPQUEST_SCENARIO_INC_002889,Go ahead and meet with the mayor of Saint City. He's a great storyteller.,さあ、セイントシティの市長に会いに行ってくれ。彼は語り上手だぞ。
PROPQUEST_SCENARIO_INC_002890,Kill the Aibatts the mayor of Flarine told you about.,フラリスの市長が話していたアイバットを倒す。
PROPQUEST_SCENARIO_INC_002891,Hello there. My friend in Flarine said you'd be coming. Now... where was the story?,やあ、こんにちは。フラリスの友人から、君が来ると聞いていたよ。さて……どこまで話したかな？
PROPQUEST_SCENARIO_INC_002892,"Right. You just killed some Aibatts, and while that's something everyone is familiar with, there are some experiences that the veterans only know about.",そうそう。君は今、アイバットを倒してきたわけだが、それは誰もが知っていることだ。だが、ベテランだけが知る経験というものもある。
PROPQUEST_SCENARIO_INC_002893,"Were you around when you had to level your skills by using them?! Yep, different world back then.",スキルを使うことでレベルを上げなければならなかった時代を知っているかい？！そう、当時は今とはまったく違う世界だったんだ。
PROPQUEST_SCENARIO_INC_002894,"Have you ever had to repair your weapon? Until the 9th version of Flyff, players like yourself had to repair their weapons over time...",武器を修理しなければならなかった経験はあるかい？Flyffのバージョン9まで、君のようなプレイヤーは時間が経つと武器を修理する必要があったんだ……
PROPQUEST_SCENARIO_INC_002895,"As a matter of fact... I happen to have an 18 year old relic of mine which I never got to repair! My friend Bulrox used to love these things. Why don't you give it to him for me, as an Anniversary gift?",実はな……修理しないままの、18年前の遺物を私が持っているんだ！友人のブルックはこういう物が大好きでね。記念日の贈り物として、私の代わりに彼に渡してきてくれないか？
PROPQUEST_SCENARIO_INC_002896,"I hope he still has the equipment to repair it, it's a sentimental piece... After you give it to Bulrox, the mayor of Darken will have some more to tell you.",彼がまだ修理道具を持っていればいいのだが、これは思い出の品でね……。ブルックに渡した後、ダーコンの市長がさらに話を聞かせてくれるはずだ。
PROPQUEST_SCENARIO_INC_002897,Ah. He probably doesn't have the equipment for it anymore anyway.,ああ。彼はもう、そのための道具を持っていないだろうけどね。
PROPQUEST_SCENARIO_INC_002898,"Wow! I never thought I'd see one of these in this condition again! This is an incredible gift for a weapons' master, I'll be spending all my time off work fixing this.",おお！こんな状態のものをまた目にするとは思わなかったよ！これは武器職人にとって最高の贈り物だ、休みはすべてこれを直すのに費やすことになりそうだな。
PROPQUEST_SCENARIO_INC_002899,"Deliver the broken Wooden Sword to Bulrox, as a gift from the mayor.",市長からの贈り物として、壊れたウッド・ソードをブルックに届ける。
PROPQUEST_SCENARIO_INC_002900,An Old Gift From an Old Friend,古き友からの、古き贈り物
PROPQUEST_SCENARIO_INC_002901,"Happy 20th to us! Now that we've looked back on the last 20 years, we arrive to today. Flyff Universe was launched in May of 2022, and brings Madrigal to many different corners of the world.",私たちの20周年おめでとう！これまでの20年を振り返ったところで、いよいよ現在にたどり着いた。Flyff Universeは2022年5月にローンチされ、マドリガルを世界中の様々な場所へと届けている。
PROPQUEST_SCENARIO_INC_002902,"As we continue to appreciate Flyff and its memories over the next 20 years, why don't you do one final, iconic task for me?",これから先の20年も、Flyffとその思い出を大切にしていくために、最後にひとつ、象徴的な任務をこなしてくれないか？
PROPQUEST_SCENARIO_INC_002903,"I want you to head back to flaris and speak with Mr. Flyff, right after you kill some Mothbees on your flying device!",フラリスに戻って、Mr. Flyffと話してきてほしい。ただしその前に、飛行デバイスに乗ってモスビーを何匹か倒してくること！
PROPQUEST_SCENARIO_INC_002904,He's waiting for you!,彼が待っているよ！
PROPQUEST_SCENARIO_INC_002905,"He's going to wait for another 20 years, no problem.",彼ならあと20年でも待ってくれるだろう、問題ないさ。
PROPQUEST_SCENARIO_INC_002906,"Welcome back! As promised, here's your token of participation, wear it proudly.",おかえり！約束通り、参加の証を渡そう。誇りを持って身に着けてくれ。
PROPQUEST_SCENARIO_INC_002907,"To The Skies, For Fun!",楽しみのために、大空へ！
PROPQUEST_SCENARIO_INC_002908,Kill the Mothbees and return to Mr. Flyff.,モスビーを倒し、Mr. Flyffの元へ戻る。
